key,sweep,controller,t,theta_deg,finger_normal_N,finger_tangential_N,table_normal_N,table_slip_mm,finger_slide_mm
nominal|hfvc|75.00|0.00|0.800,nominal,hfvc,0.0005,0.0046122730620340256,9.806232053885985,3.9882025997125994,13.75123331196837,2.6022642030881773e-12,0.0022442598968963213
nominal|hfvc|75.00|0.00|0.800,nominal,hfvc,0.0045,0.05573083189598653,9.900476425271679,3.47406716708683,13.592317940250076,0.0001671657565635587,0.01745153465558905
nominal|hfvc|75.00|0.00|0.800,nominal,hfvc,0.0085,0.1704149670979173,9.95742731303339,2.8542677972713766,13.172990072771093,0.00032245093955357573,0.026114338768902533
nominal|hfvc|75.00|0.00|0.800,nominal,hfvc,0.0125,0.3119648974476104,9.997245373320759,2.435343780243811,12.897610531177598,0.00044824074114241386,0.029307145825529544
nominal|hfvc|75.00|0.00|0.800,nominal,hfvc,0.0165,0.4548080940064099,10.0149645786763,2.2548790658923954,12.785142691869183,0.0005637790168391832,0.02973620800182848
nominal|hfvc|75.00|0.00|0.800,nominal,hfvc,0.0205,0.5874734965000368,10.016366111285734,2.2416536767770894,12.784217904429742,0.0006814475932079289,0.03039695245967896
nominal|hfvc|75.00|0.00|0.800,nominal,hfvc,0.0245,0.7087543560915169,10.010135571763355,2.3040839301772076,12.832737018448846,0.0008046860266799905,0.03067459764291778
nominal|hfvc|75.00|0.00|0.800,nominal,hfvc,0.0285,0.8222899765998204,10.002876583999356,2.3753304438066785,12.886278327771375,0.0009321777951765142,0.031182687427705368
nominal|hfvc|75.00|0.00|0.800,nominal,hfvc,0.0325,0.9324673162190007,9.997805686220177,2.423562788961616,12.924012476293331,0.0010613395735534215,0.032350122585460654
nominal|hfvc|75.00|0.00|0.800,nominal,hfvc,0.0365,1.0423911804918804,9.995495279146796,2.44356424201678,12.942766913735571,0.0011899843235865792,0.03388466580458737
nominal|hfvc|75.00|0.00|0.800,nominal,hfvc,0.0405,1.153483324007349,9.995179916246327,2.4434156603743733,12.948093655014944,0.0013168288515996718,0.035526669099567774
nominal|hfvc|75.00|0.00|0.800,nominal,hfvc,0.0445,1.2659256937320147,9.995804013870144,2.4339370037283765,12.947261282382701,0.0014414230605844236,0.0371253212963996
nominal|hfvc|75.00|0.00|0.800,nominal,hfvc,0.0485,1.3793031260768602,9.996573432944313,2.4231668767288785,12.9456194878601,0.0015638398783435203,0.03863149202759475
nominal|hfvc|75.00|0.00|0.800,nominal,hfvc,0.0525,1.4930966052867185,9.997095492395673,2.4150158930689685,12.945740169569717,0.0016843517462727942,0.04005751726134294
nominal|hfvc|75.00|0.00|0.800,nominal,hfvc,0.0565,1.6069323308603123,9.99729258207538,2.4101987624677177,12.948064560982186,0.0018032157816649796,0.04143753209858756
nominal|hfvc|75.00|0.00|0.800,nominal,hfvc,0.0605,1.7206352559283373,9.997250264023192,2.4078011313843732,12.951959390637214,0.001920587075605884,0.04280252792890662
nominal|hfvc|75.00|0.00|0.800,nominal,hfvc,0.0645,1.8341793713478753,9.99709264502256,2.4065455278868884,12.956562132347534,0.0020365197936841883,0.04417082463165936
nominal|hfvc|75.00|0.00|0.800,nominal,hfvc,0.0685,1.9476119629268984,9.99691494736729,2.405465896570646,12.961227005855342,0.0021510050214751386,0.04554862273657452
nominal|hfvc|75.00|0.00|0.800,nominal,hfvc,0.0725,2.060994408039917,9.996765224980381,2.404082504400812,12.965636979652162,0.0022640100202850344,0.04693466860791157
nominal|hfvc|75.00|0.00|0.800,nominal,hfvc,0.0765,2.1743716866244327,9.996653793118966,2.4022990825947037,12.969731718385226,0.002375503622656372,0.04832497527596409
nominal|hfvc|75.00|0.00|0.800,nominal,hfvc,0.0805,2.2877653241456835,9.996571059262747,2.400218670265431,12.973582944518501,0.0024854664572929175,0.049715841844951834
nominal|hfvc|75.00|0.00|0.800,nominal,hfvc,0.0845,2.401178942513485,9.996502425154373,2.3979919594066437,12.977292775647413,0.0025938909877162852,0.05110504123958983
nominal|hfvc|75.00|0.00|0.800,nominal,hfvc,0.0885,2.514607178665214,9.996436488516213,2.3957349718193948,12.980939042502325,0.0027007771974119077,0.05249178994839574
nominal|hfvc|75.00|0.00|0.800,nominal,hfvc,0.0925,2.6280427852193764,9.996367381816196,2.393506495060728,12.984560720099989,0.002806127998841723,0.053876207527875905
nominal|hfvc|75.00|0.00|0.800,nominal,hfvc,0.0965,2.741480358113426,9.996293749162525,2.391319341384575,12.988165875775302,0.0029099462072398885,0.05525875525205092
nominal|hfvc|75.00|0.00|0.800,nominal,hfvc,0.1005,2.8549172583271334,9.996216659541751,2.389161968301037,12.991746365906248,0.003012233291140032,0.05663987098256372
nominal|hfvc|75.00|0.00|0.800,nominal,hfvc,0.1045,2.96835299584745,9.9961378280266,2.3870166325443583,12.995290056973431,0.0031129893372852657,0.05801982145754082
nominal|hfvc|75.00|0.00|0.800,nominal,hfvc,0.1085,3.0817881806265155,9.996058618962028,2.384869425874676,12.998787521368898,0.003212213545635001,0.05939870161518288
nominal|hfvc|75.00|0.00|0.800,nominal,hfvc,0.1125,3.1952236716050963,9.995979747925238,2.3827131686995635,13.002233919030738,0.0033099047682602634,0.06077649709318784
nominal|hfvc|75.00|0.00|0.800,nominal,hfvc,0.1165,3.3086601215077165,9.995901391461572,2.380546189420987,13.005628128294152,0.0034060618692849376,0.06215315092500603
nominal|hfvc|75.00|0.00|0.800,nominal,hfvc,0.1205,3.4220978573834198,9.995823431071928,2.3783697890432047,13.008971015205882,0.003500683876563049,0.06352860765696915
nominal|hfvc|75.00|0.00|0.800,nominal,hfvc,0.1245,3.5355369484969996,9.995745665402483,2.376186069696821,13.012263965764589,0.0035937699893948127,0.06490283167864733
nominal|hfvc|75.00|0.00|0.800,nominal,hfvc,0.1285,3.648977329588992,9.995667931261467,2.373996712524988,13.015508067033279,0.0036853195219052615,0.0662758078179318
nominal|hfvc|75.00|0.00|0.800,nominal,hfvc,0.1325,3.7624189027832444,9.995590141422442,2.3718026085213446,13.018703865494208,0.003775331839511731,0.06764753412847543
nominal|hfvc|75.00|0.00|0.800,nominal,hfvc,0.1365,3.875861593111035,9.9955122730073,2.3696039893318446,13.021851461075306,0.0038638063167215075,0.06901801397173651
nominal|hfvc|75.00|0.00|0.800,nominal,hfvc,0.1405,3.9893053638916682,9.99543433899779,2.3674007242176915,13.024950710695746,0.003950742318355183,0.07038725069102832
nominal|hfvc|75.00|0.00|0.800,nominal,hfvc,0.1445,4.102750209311628,9.995356362949602,2.365192579599006,13.028001404398122,0.004036139198380917,0.07175524534136832
nominal|hfvc|75.00|0.00|0.800,nominal,hfvc,0.1485,4.216196139957884,9.995278364301663,2.3629793677208837,13.03100336536647,0.004119996306409246,0.07312199655681727
nominal|hfvc|75.00|0.00|0.800,nominal,hfvc,0.1525,4.329643170623277,9.995200353610658,2.3607609935371245,13.033956480814007,0.004202312995069124,0.07448750138104307
nominal|hfvc|75.00|0.00|0.800,nominal,hfvc,0.1565,4.443091313541317,9.995122333759964,2.358537440896234,13.036860691943186,0.004283088625128828,0.0758517562065544
nominal|hfvc|75.00|0.00|0.800,nominal,hfvc,0.1605,4.55654057641714,9.995044303275337,2.356308737800992,13.039715970033154,0.004362322567660892,0.07721475741715277
nominal|hfvc|75.00|0.00|0.800,nominal,hfvc,0.1645,4.669990963230653,9.994966259343851,2.354074925412688,13.042522295336191,0.004440014204402931,0.07857650166855823
nominal|hfvc|75.00|0.00|0.800,nominal,hfvc,0.1685,4.783442475932462,9.994888199588395,2.3518360399819214,13.045279644861996,0.004516162926897216,0.0799369859116516
nominal|hfvc|75.00|0.00|0.800,nominal,hfvc,0.1725,4.896895115901994,9.994810122669431,2.349592106920063,13.047987988456573,0.004590768135637191,0.08129620729705586
nominal|hfvc|75.00|0.00|0.800,nominal,hfvc,0.1765,5.010348884770842,9.994732028166762,2.3473431422310607,13.050647289859263,0.004663829239567874,0.08265416306383566
nominal|hfvc|75.00|0.00|0.800,nominal,hfvc,0.1805,5.123803784673596,9.994653916180113,2.345089156569296,13.053257509498366,0.004735345655711154,0.08401085046207724
nominal|hfvc|75.00|0.00|0.800,nominal,hfvc,0.1845,5.237259818161865,9.9945757869886,2.3428301589398184,13.055818607032963,0.004805316809276816,0.08536626671827115
nominal|hfvc|75.00|0.00|0.800,nominal,hfvc,0.1885,5.350716988005708,9.994497640820025,2.3405661588909257,13.05833054283188,0.004873742133669479,0.08672040903167302
nominal|hfvc|75.00|0.00|0.800,nominal,hfvc,0.1925,5.464175297019369,9.994419477781081,2.3382971672613695,13.060793278472415,0.0049406210706065545,0.08807327458524511
nominal|hfvc|75.00|0.00|0.800,nominal,hfvc,0.1965,5.57763474796114,9.994341297870987,2.3360231960361877,13.063206776639056,0.005005953070222335,0.08942486055885256
nominal|hfvc|75.00|0.00|0.800,nominal,hfvc,0.2005,5.691095343501512,9.994263101026506,2.333744257873186,13.06557100079228,0.00506973759107493,0.09077516413859694
nominal|hfvc|75.00|0.00|0.800,nominal,hfvc,0.2045,5.804557086232197,9.994184887162424,2.331460365661012,13.067885914863496,0.005131974100215653,0.09212418252109435
nominal|hfvc|75.00|0.00|0.800,nominal,hfvc,0.2085,5.918019978689332,9.994106656193988,2.3291715322531,13.07015148307508,0.005192662073140453,0.09347191291403222
nominal|hfvc|75.00|0.00|0.800,nominal,hfvc,0.2125,6.031484023374258,9.994028408057908,2.3268777703751535,13.072367669887381,0.00525180099380379,0.09481835253492404
nominal|hfvc|75.00|0.00|0.800,nominal,hfvc,0.2165,6.144949222765626,9.993950142699985,2.3245790926375625,13.074534439996672,0.005309390354667209,0.09616349860956346
nominal|hfvc|75.00|0.00|0.800,nominal,hfvc,0.2205,6.2584155793234295,9.993871860074705,2.322275511591392,13.076651758384736,0.005365429656623011,0.09750734837091939
nominal|hfvc|75.00|0.00|0.800,nominal,hfvc,0.2245,6.371883095488027,9.993793560137977,2.3199670397803147,13.078719590346733,0.0054199184090220065,0.09884989905861241
nominal|hfvc|75.00|0.00|0.800,nominal,hfvc,0.2285,6.485351773677384,9.993715242845386,2.317653689773689,13.080737901520301,0.005472856129791481,0.10019114791885221
nominal|hfvc|75.00|0.00|0.800,nominal,hfvc,0.2325,6.598821616284606,9.993636908156589,2.3153354741786707,13.082706657900975,0.005524242345317232,0.10153109220459514
nominal|hfvc|75.00|0.00|0.800,nominal,hfvc,0.2365,6.712292625676397,9.99355855602148,2.313012405633833,13.084625825806938,0.005574076590401933,0.10286972917574091
nominal|hfvc|75.00|0.00|0.800,nominal,hfvc,0.2405,6.825764804192601,9.993480186397315,2.3106844968126836,13.086495371937435,0.005622358408410855,0.10420705609926662
nominal|hfvc|75.00|0.00|0.800,nominal,hfvc,0.2445,6.939238154146168,9.993401799233187,2.3083517604085984,13.088315263308171,0.005669087351355129,0.10554307024930491
nominal|hfvc|75.00|0.00|0.800,nominal,hfvc,0.2485,7.052712677823509,9.993323394484326,2.306014209133477,13.09008546727894,0.005714262979669704,0.10687776890718423
nominal|hfvc|75.00|0.00|0.800,nominal,hfvc,0.2525,7.1661883774847785,9.993244972104705,2.303671855717429,13.091805951551894,0.005757884862352125,0.10821114936140343
nominal|hfvc|75.00|0.00|0.800,nominal,hfvc,0.2565,7.279665255364017,9.993166532047034,2.301324712907371,13.093476684162855,0.00579995257696253,0.10954320890762713
nominal|hfvc|75.00|0.00|0.800,nominal,hfvc,0.2605,7.393143313669189,9.993088074266664,2.298972793469163,13.095097633494152,0.005840465709665288,0.11087394484868056
nominal|hfvc|75.00|0.00|0.800,nominal,hfvc,0.2645,7.506622554582148,9.993009598717729,2.296616110186913,13.096668768265861,0.005879423855152666,0.11220335449455394
nominal|hfvc|75.00|0.00|0.800,nominal,hfvc,0.2685,7.620102980258606,9.99293110535193,2.294254675863596,13.098190057537137,0.005916826616714221,0.11353143516240997
nominal|hfvc|75.00|0.00|0.800,nominal,hfvc,0.2725,7.733584592828041,9.992852594129301,2.291888503322926,13.09966147071967,0.005952673606222925,0.11485818417659727
nominal|hfvc|75.00|0.00|0.800,nominal,hfvc,0.2765,7.847067394393684,9.992774065001525,2.2895176054066924,13.101082977559848,0.005986964444149034,0.11618359886866333
nominal|hfvc|75.00|0.00|0.800,nominal,hfvc,0.2805,7.960551387032463,9.992695517925434,2.287141994976859,13.10245454815351,0.006019698759594794,0.117507676577367
nominal|hfvc|75.00|0.00|0.800,nominal,hfvc,0.2845,8.074036572795022,9.992616952854213,2.284761684913676,13.103776152936522,0.006050876190245857,0.11883041464869293
nominal|hfvc|75.00|0.00|0.800,nominal,hfvc,0.2885,8.187522953705662,9.992538369743784,2.2823766881171013,13.105047762692585,0.00608049638244762,0.12015181043585758
nominal|hfvc|75.00|0.00|0.800,nominal,hfvc,0.2925,8.301010531762378,9.992459768549992,2.2799870175059436,13.106269348552587,0.006108558991170521,0.12147186129932416
nominal|hfvc|75.00|0.00|0.800,nominal,hfvc,0.2965,8.414499308936808,9.99238114922902,2.277592686016742,13.107440881987294,0.006135063679989228,0.12279056460681555
nominal|hfvc|75.00|0.00|0.800,nominal,hfvc,0.3005,8.52798928717422,9.99230251173692,2.275193706606952,13.10856233482274,0.006160010121172843,0.12410791773331226
nominal|hfvc|75.00|0.00|0.800,nominal,hfvc,0.3045,8.64148046839352,9.99222385602971,2.272790092251201,13.109633679225531,0.006183397995608575,0.12542391806107775
nominal|hfvc|75.00|0.00|0.800,nominal,hfvc,0.3085,8.754972854487184,9.992145182060874,2.270381855943651,13.110654887710805,0.006205226992926638,0.1267385629796588
nominal|hfvc|75.00|0.00|0.800,nominal,hfvc,0.3125,8.868466447321298,9.992066489789392,2.2679690106970667,13.111625933144381,0.006225496811305964,0.12805184988590315
nominal|hfvc|75.00|0.00|0.800,nominal,hfvc,0.3165,8.981961248735514,9.991987779171735,2.2655515695431636,13.11254678874111,0.00624420715773788,0.12936377618396472
nominal|hfvc|75.00|0.00|0.800,nominal,hfvc,0.3205,9.095457260543025,9.99190905016517,2.263129545531865,13.113417428062192,0.006261357747811003,0.13067433928531766
nominal|hfvc|75.00|0.00|0.800,nominal,hfvc,0.3245,9.208954484530585,9.991830302725344,2.2607029517323234,13.114237825022176,0.006276948305856955,0.13198353660876613
nominal|hfvc|75.00|0.00|0.800,nominal,hfvc,0.3285,9.322452922458462,9.991751536810208,2.2582718012317606,13.115007953882607,0.0062909785648671,0.13329136558045204
nominal|hfvc|75.00|0.00|0.800,nominal,hfvc,0.3325,9.435952576060428,9.991672752376001,2.255836107136212,13.115727789256674,0.006303448266610501,0.13459782363386927
nominal|hfvc|75.00|0.00|0.800,nominal,hfvc,0.3365,9.549453447043755,9.991593949381574,2.2533958825700946,13.116397306110287,0.006314357161529838,0.1359029082098745
nominal|hfvc|75.00|0.00|0.800,nominal,hfvc,0.3405,9.662955537089205,9.991515127782653,2.250951140676239,13.117016479758757,0.006323705008803859,0.1372066167566935
nominal|hfvc|75.00|0.00|0.800,nominal,hfvc,0.3445,9.776458847851014,9.991436287538555,2.248501894616434,13.117585285874306,0.006331491576347381,0.13850894672993444
nominal|hfvc|75.00|0.00|0.800,nominal,hfvc,0.3485,9.889963380956878,9.991357428606388,2.246048157569916,13.11810370047617,0.006337716640797408,0.1398098955925994
nominal|hfvc|75.00|0.00|0.800,nominal,hfvc,0.3525,10.003469138007928,9.991278550944612,2.2435899427353854,13.118571699941256,0.0063423799876033415,0.14110946081508796
nominal|hfvc|75.00|0.00|0.800,nominal,hfvc,0.3565,10.116976120578745,9.99119965451083,2.2411272633283206,13.118989260996203,0.006345481410853504,0.14240763987522298
nominal|hfvc|75.00|0.00|0.800,nominal,hfvc,0.3605,10.23048433021733,9.99112073926454,2.238660132584285,13.119356360728162,0.006347020713531881,0.1437044302582387
nominal|hfvc|75.00|0.00|0.800,nominal,hfvc,0.3645,10.3439937684451,9.991041805164645,2.2361885637557504,13.119672976573646,0.006346997707289137,0.14499982945681059
nominal|hfvc|75.00|0.00|0.800,nominal,hfvc,0.3685,10.457504436756873,9.990962852168723,2.233712570113605,13.119939086325056,0.006345412212623025,0.1462938349710561
nominal|hfvc|75.00|0.00|0.800,nominal,hfvc,0.3725,10.571016336620874,9.990883880236096,2.231232164946855,13.120154668131443,0.006342264058732672,0.1475864443085481
nominal|hfvc|75.00|0.00|0.800,nominal,hfvc,0.3765,10.684529469478695,9.990804889325084,2.228747361562947,13.120319700497621,0.0063375530837267435,0.14887765498431957
nominal|hfvc|75.00|0.00|0.800,nominal,hfvc,0.3805,10.798043836745316,9.990725879396303,2.2262581732867206,13.120434162285306,0.006331279134394463,0.1501674645208851
nominal|hfvc|75.00|0.00|0.800,nominal,hfvc,0.3845,10.911559439809112,9.990646850408949,2.223764613461733,13.120498032715505,0.006323442066351326,0.1514558704482376
nominal|hfvc|75.00|0.00|0.800,nominal,hfvc,0.3885,11.025076280031765,9.990567802322749,2.2212666954490454,13.120511291362405,0.006314041744066856,0.1527428703038666
nominal|hfvc|75.00|0.00|0.800,nominal,hfvc,0.3925,11.138594358748344,9.990488735097088,2.2187644326277187,13.120473918160691,0.0063030780408299125,0.15402846163276865
nominal|hfvc|75.00|0.00|0.800,nominal,hfvc,0.3965,11.252113677267266,9.990409648690996,2.2162578383941796,13.12038589340105,0.0062905508386862374,0.15531264198745615
nominal|hfvc|75.00|0.00|0.800,nominal,hfvc,0.4005,11.36563423687028,9.990330543068733,2.2137469261636777,13.120247197739321,0.006276460028563358,0.1565954089279633
nominal|hfvc|75.00|0.00|0.800,nominal,hfvc,0.4045,11.479156038812484,9.99025141818654,2.211231709368213,13.120057812182699,0.0062608055101734394,0.1578767600218625
nominal|hfvc|75.00|0.00|0.800,nominal,hfvc,0.4085,11.592679084322281,9.990172274005708,2.208712201458237,13.119817718103537,0.006243587192124311,0.15915669284426906
nominal|hfvc|75.00|0.00|0.800,nominal,hfvc,0.4125,11.706203374601404,9.990093110488319,2.206188415901467,13.119526897231172,0.006224804991850075,0.16043520497785396
nominal|hfvc|75.00|0.00|0.800,nominal,hfvc,0.4165,11.819728910824924,9.990013927593708,2.203660366182992,13.119185331655789,0.00620445883557641,0.16171229401285792
nominal|hfvc|75.00|0.00|0.800,nominal,hfvc,0.4205,11.933255694141193,9.989934725283117,2.201128065806428,13.118793003831811,0.006182548658494047,0.16298795754708995
nominal|hfvc|75.00|0.00|0.800,nominal,hfvc,0.4245,12.046783725671894,9.989855503519387,2.198591528291941,13.118349896572406,0.006159074404578357,0.16426219318595064
nominal|hfvc|75.00|0.00|0.800,nominal,hfvc,0.4285,12.160313006512027,9.989776262262318,2.1960507671776743,13.117855993052238,0.006134036026686496,0.16553499854243126
nominal|hfvc|75.00|0.00|0.800,nominal,hfvc,0.4325,12.273843537729858,9.989697001471969,2.1935057960188757,13.11731127680753,0.006107433486557401,0.16680637123713044
nominal|hfvc|75.00|0.00|0.800,nominal,hfvc,0.4365,12.387375320366996,9.989617721116023,2.190956628389009,13.116715731742694,0.006079266754825674,0.16807630889825906
nominal|hfvc|75.00|0.00|0.800,nominal,hfvc,0.4405,12.500908355438323,9.989538421151478,2.1884032778775517,13.116069342117044,0.006049535810966067,0.1693448091616582
nominal|hfvc|75.00|0.00|0.800,nominal,hfvc,0.4445,12.614442643932026,9.989459101539353,2.1858457580925084,13.115372092558404,0.006018240643411443,0.1706118696707965
nominal|hfvc|75.00|0.00|0.800,nominal,hfvc,0.4485,12.7279781868096,9.989379762244772,2.183284082658383,13.114623968057431,0.005985381249386246,0.17187748807679207
nominal|hfvc|75.00|0.00|0.800,nominal,hfvc,0.4525,12.841514985005796,9.989300403229494,2.1807182652170227,13.113824953966827,0.005950957635121601,0.17314166203841364
nominal|hfvc|75.00|0.00|0.800,nominal,hfvc,0.4565,12.95505303942871,9.98922102445784,2.178148319428095,13.112975036011218,0.005914969815674909,0.17440438922209667
nominal|hfvc|75.00|0.00|0.800,nominal,hfvc,0.4605,13.068592350959692,9.98914162588992,2.1755742589675475,13.112074200270001,0.00587741781506862,0.17566566730194536
nominal|hfvc|75.00|0.00|0.800,nominal,hfvc,0.4645,13.182132920453403,9.989062207489978,2.172996097528864,13.111122433195515,0.005838301666227785,0.17692549395975324
nominal|hfvc|75.00|0.00|0.800,nominal,hfvc,0.4685,13.295674748737806,9.988982769220454,2.1704138488209432,13.11011972159531,0.0057976214109037305,0.1781838668850056
nominal|hfvc|75.00|0.00|0.800,nominal,hfvc,0.4725,13.409217836614157,9.988903311044606,2.167827526574522,13.109066052668851,0.005755377099965486,0.17944078377487782
nominal|hfvc|75.00|0.00|0.800,nominal,hfvc,0.4765,13.522762184856992,9.988823832928333,2.1652371445310528,13.107961413948544,0.005711568793038968,0.1806962423342759
nominal|hfvc|75.00|0.00|0.800,nominal,hfvc,0.4805,13.63630779421417,9.988744334833005,2.1626427164522064,13.106805793351972,0.005666196558756775,0.1819502402758173
nominal|hfvc|75.00|0.00|0.800,nominal,hfvc,0.4845,13.749854665406867,9.988664816723023,2.160044256115756,13.105599179162024,0.005619260474654109,0.18320277531985402
nominal|hfvc|75.00|0.00|0.800,nominal,hfvc,0.4885,13.86340279912954,9.988585278562912,2.1574417773170382,13.104341560029997,0.005570760627210403,0.18445384519447286
nominal|hfvc|75.00|0.00|0.800,nominal,hfvc,0.4925,13.976952196049966,9.988505720316093,2.1548352938671447,13.10303292497047,0.005520697111904838,0.1857034476355141
nominal|hfvc|75.00|0.00|0.800,nominal,hfvc,0.4965,14.090502856809236,9.988426141948072,2.152224819594756,13.101673263372321,0.005469070033119194,0.18695158038657847
nominal|hfvc|75.00|0.00|0.800,nominal,hfvc,0.5005,14.204054782021748,9.988346543422667,2.149610368344209,13.100262564986382,0.005415879504200305,0.18819824119903494
nominal|hfvc|75.00|0.00|0.800,nominal,hfvc,0.5045,14.317607972275251,9.988266924704561,2.1469919539765914,13.0988008199356,0.005361125647418419,0.18944342783203394
nominal|hfvc|75.00|0.00|0.800,nominal,hfvc,0.5085,14.431162428130802,9.988187285759672,2.1443695903706583,13.097288018715247,0.0053048085940574086,0.19068713805250584
nominal|hfvc|75.00|0.00|0.800,nominal,hfvc,0.5125,14.544718150122808,9.988107626554491,2.1417432914205654,13.095724152186353,0.005246928484345381,0.19192936963518525
nominal|hfvc|75.00|0.00|0.800,nominal,hfvc,0.5165,14.658275138758993,9.98802794705083,2.139113071036826,13.09410921157739,0.005187485467489372,0.1931701203626101
nominal|hfvc|75.00|0.00|0.800,nominal,hfvc,0.5205,14.771833394520462,9.987948247215883,2.1364789431471745,13.092443188492767,0.005126479701654529,0.19440938802513413
nominal|hfvc|75.00|0.00|0.800,nominal,hfvc,0.5245,14.885392917861653,9.987868527016017,2.1338409216954135,13.090726074906485,0.005063911353991868,0.19564717042093663
nominal|hfvc|75.00|0.00|0.800,nominal,hfvc,0.5285,14.998953709210381,9.987788786414836,2.1311990206405653,13.088957863155684,0.004999780600603576,0.19688346535603307
nominal|hfvc|75.00|0.00|0.800,nominal,hfvc,0.5325,15.112515768967823,9.987709025382214,2.1285532539597765,13.087138545961697,0.004934087626633221,0.19811827064427764
nominal|hfvc|75.00|0.00|0.800,nominal,hfvc,0.5365,15.226079097508551,9.98762924388126,2.125903635644883,13.08526811640462,0.00486683262613391,0.19935158410738038
nominal|hfvc|75.00|0.00|0.800,nominal,hfvc,0.5405,15.339643695180488,9.987549441878597,2.123250179704572,13.083346567944263,0.004798015802214006,0.200583403574913
nominal|hfvc|75.00|0.00|0.800,nominal,hfvc,0.5445,15.45320956230499,9.98746961934278,2.12059290016373,13.081373894410337,0.004727637366967741,0.20181372688431629
nominal|hfvc|75.00|0.00|0.800,nominal,hfvc,0.5485,15.566776699176808,9.987389776239766,2.1179318110628564,13.07935009000446,0.004655697541440518,0.20304255188091405
nominal|hfvc|75.00|0.00|0.800,nominal,hfvc,0.5525,15.680345106064115,9.987309912535645,2.1152669264584905,13.077275149299204,0.0045821965556983035,0.20426987641791722
nominal|hfvc|75.00|0.00|0.800,nominal,hfvc,0.5565,15.793914783208498,9.98723002819792,2.1125982604239484,13.075149067243487,0.004507134648897015,0.20549569835643233
nominal|hfvc|75.00|0.00|0.800,nominal,hfvc,0.5605,15.907485730825021,9.987150123194878,2.109925827046944,13.072971839157557,0.004430512068998027,0.2067200155654823
nominal|hfvc|75.00|0.00|0.800,nominal,hfvc,0.5645,16.02105794910217,9.98707019749175,2.1072496404323777,13.070743460732743,0.00435232907313593,0.20794282592199237
nominal|hfvc|75.00|0.00|0.800,nominal,hfvc,0.5685,16.134631438201872,9.986990251059929,2.1045697147004723,13.06846392803995,0.004272585927417305,0.20916412731082556
nominal|hfvc|75.00|0.00|0.800,nominal,hfvc,0.5725,16.24820619825957,9.98691028386428,2.1018860639870227,13.066133237517189,0.004191282906934601,0.21038391762477163
nominal|hfvc|75.00|0.00|0.800,nominal,hfvc,0.5765,16.36178222938419,9.986830295874352,2.0991987024438257,13.063751385981316,0.004108420295786952,0.21160219476456604
nominal|hfvc|75.00|0.00|0.800,nominal,hfvc,0.5805,16.475359531658153,9.986750287056937,2.0965076442385273,13.061318370623718,0.004023998387142624,0.2128189566388943
nominal|hfvc|75.00|0.00|0.800,nominal,hfvc,0.5845,16.588938105137387,9.986670257382462,2.093812903553284,13.058834189005083,0.003938017483127998,0.21403420116440688
nominal|hfvc|75.00|0.00|0.800,nominal,hfvc,0.5885,16.702517949851362,9.986590206818562,2.091114494587567,13.056298839069985,0.0038504778949524643,0.21524792626571723
nominal|hfvc|75.00|0.00|0.800,nominal,hfvc,0.5925,16.816099065803087,9.986510135334331,2.0884124315545205,13.053712319128392,0.003761379942797405,0.21646012987542407
nominal|hfvc|75.00|0.00|0.800,nominal,hfvc,0.5965,16.929681452969138,9.986430042898348,2.085706728683988,13.051074627873412,0.003670723955878641,0.21767080993410842
nominal|hfvc|75.00|0.00|0.800,nominal,hfvc,0.6005,17.04326511129967,9.986349929479035,2.0829974002206857,13.048385764368739,0.0035785102724464335,0.21887996439034857
nominal|hfvc|75.00|0.00|0.800,nominal,hfvc,0.6045,17.15685004071841,9.986269795048448,2.080284460425312,13.045645728059862,0.003484739239827117,0.22008759120072555
nominal|hfvc|75.00|0.00|0.800,nominal,hfvc,0.6085,17.2704362411227,9.986189639572853,2.077567923572184,13.042854518757887,0.0033894112142704436,0.22129368832984084
nominal|hfvc|75.00|0.00|0.800,nominal,hfvc,0.6125,17.384023712383534,9.986109463023212,2.0748478039528697,13.040012136661268,0.0032925265611299936,0.22249825375030852
nominal|hfvc|75.00|0.00|0.800,nominal,hfvc,0.6165,17.497612454345507,9.986029265371117,2.0721241158733363,13.037118582341368,0.003194085654800727,0.22370128544277693
nominal|hfvc|75.00|0.00|0.800,nominal,hfvc,0.6205,17.611202466826885,9.985949046583324,2.0693968736543487,13.034173856742836,0.0030940888787051035,0.22490278139593498
nominal|hfvc|75.00|0.00|0.800,nominal,hfvc,0.6245,17.724793749619643,9.985868806634556,2.0666660916325137,13.031177961194093,0.0029925366252653296,0.2261027396065184
nominal|hfvc|75.00|0.00|0.800,nominal,hfvc,0.6285,17.838386302489422,9.985788545492086,2.06393178415833,13.028130897391543,0.0028894292959658063,0.22730115807931967
nominal|hfvc|75.00|0.00|0.800,nominal,hfvc,0.6325,17.951980125175584,9.985708263127512,2.061193965598408,13.025032667417193,0.0027847673013531304,0.22849803482719414
nominal|hfvc|75.00|0.00|0.800,nominal,hfvc,0.6365,18.065575217391245,9.985627959508882,2.0584526503332743,13.021883273722569,0.002678551060966705,0.22969336787107267
nominal|hfvc|75.00|0.00|0.800,nominal,hfvc,0.6405,18.179171578823258,9.985547634613678,2.05570785275977,13.018682719149641,0.002570781003422007,0.23088715523996564
nominal|hfvc|75.00|0.00|0.800,nominal,hfvc,0.6445,18.292769209132242,9.985467288408135,2.052959587288186,13.015431006904379,0.002461457566375891,0.2320793949709742
nominal|hfvc|75.00|0.00|0.800,nominal,hfvc,0.6485,18.406368107952645,9.985386920864977,2.0502078683441756,13.012128140578728,0.0023505811964918966,0.2332700851093
nominal|hfvc|75.00|0.00|0.800,nominal,hfvc,0.6525,18.51996827489272,9.985306531955581,2.0474527103680207,13.008774124140185,0.0022381523495096367,0.23445922370824868
nominal|hfvc|75.00|0.00|0.800,nominal,hfvc,0.6565,18.633569709534537,9.98522612165067,2.044694127814672,13.005368961935286,0.0021241714902170417,0.23564680882924283
nominal|hfvc|75.00|0.00|0.800,nominal,hfvc,0.6605,18.747172411434068,9.985145689925035,2.041932135153606,13.001912658689658,0.002008639092422604,0.23683283854182924
nominal|hfvc|75.00|0.00|0.800,nominal,hfvc,0.6645,18.86077638012114,9.985065236748332,2.0391667468691552,12.998405219507248,0.0018915556389900723,0.23801731092368336
nominal|hfvc|75.00|0.00|0.800,nominal,hfvc,0.6685,18.974381615099492,9.984984762094216,2.036397977459947,12.994846649871207,0.001772921621866208,0.23920022406062347
nominal|hfvc|75.00|0.00|0.800,nominal,hfvc,0.6725,19.087988115846816,9.984904265933697,2.033625841438979,12.991236955643107,0.001652737541969762,0.24038157604661625
nominal|hfvc|75.00|0.00|0.800,nominal,hfvc,0.6765,19.201595881814736,9.98482374824047,2.0308503533336277,12.987576143062995,0.001531003909330253,0.24156136498378303
nominal|hfvc|75.00|0.00|0.800,nominal,hfvc,0.6805,19.315204912428868,9.98474320898999,2.028071527686224,12.98386421875551,0.0014077212429908226,0.24273958898241055
nominal|hfvc|75.00|0.00|0.800,nominal,hfvc,0.6845,19.42881520708885,9.984662648151255,2.025289379052252,12.980101189715416,0.0012828900710221136,0.24391624616095944
nominal|hfvc|75.00|0.00|0.800,nominal,hfvc,0.6885,19.5424267651683,9.98458206569854,2.0225039220022567,12.976287063323287,0.0011565109305916588,0.24509133464606858
nominal|hfvc|75.00|0.00|0.800,nominal,hfvc,0.6925,19.656039586014938,9.98450146160726,2.0197151711212746,12.97242184734193,0.001028584367880614,0.24626485257256692
nominal|hfvc|75.00|0.00|0.800,nominal,hfvc,0.6965,19.769653668950543,9.984420835848516,2.016923141007535,12.968505549905753,0.0008991109381323303,0.24743679808348007
nominal|hfvc|75.00|0.00|0.800,nominal,hfvc,0.7005,19.88326901327101,9.984340188397777,2.014127846273706,12.964538179536586,0.0007680912056107214,0.2486071693300433
nominal|hfvc|75.00|0.00|0.800,nominal,hfvc,0.7045,19.996885618246374,9.984259519230093,2.0113293015473865,12.960519745136192,0.0006355257436557737,0.2497759644716944
nominal|hfvc|75.00|0.00|0.800,nominal,hfvc,0.7085,20.110503483120826,9.984178828317054,2.0085275214682707,12.956450255978664,0.0005014151346072193,0.2509431816761031
nominal|hfvc|75.00|0.00|0.800,nominal,hfvc,0.7125,20.224122607112765,9.984098115633925,2.005722520691703,12.952329721726144,0.00036575996988086334,0.25210881911915883
nominal|hfvc|75.00|0.00|0.800,nominal,hfvc,0.7165,20.337742989414775,9.98401738115605,2.002914313886095,12.948158152420064,0.0002285608499477676,0.2532728749849944
nominal|hfvc|75.00|0.00|0.800,nominal,hfvc,0.7205,20.451364629193705,9.983936624856389,2.000102915733359,12.943935558477243,8.981838429261702e-05,0.25443534746598434
nominal|hfvc|75.00|0.00|0.800,nominal,hfvc,0.7245,20.564987525590702,9.9838558467129,1.9972883409301734,12.939661950703515,5.046680853770802e-05,0.25559623476275406
nominal|hfvc|75.00|0.00|0.800,nominal,hfvc,0.7285,20.67861167772119,9.983775046699666,1.9944706041859297,12.935337340277783,0.00019229410096188726,0.25675553508419147
nominal|hfvc|75.00|0.00|0.800,nominal,hfvc,0.7325,20.792237084674937,9.983694224791801,1.9916497202243435,12.930961738765665,0.0003356628563502828,0.25791324664745147
nominal|hfvc|75.00|0.00|0.800,nominal,hfvc,0.7365,20.905863745516097,9.983613380962929,1.9888257037821278,12.92653515810755,0.0004805724290596336,0.2590693676779641
nominal|hfvc|75.00|0.00|0.800,nominal,hfvc,0.7405,21.01949165928321,9.983532515190785,1.9859985696099336,12.922057610630183,0.0006270221644052998,0.260223896409444
nominal|hfvc|75.00|0.00|0.800,nominal,hfvc,0.7445,21.133120824989238,9.983451627451238,1.9831683324714895,12.91752910903659,0.0007750113986335072,0.2613768310838946
nominal|hfvc|75.00|0.00|0.800,nominal,hfvc,0.7485,21.246751241621624,9.983370717720284,1.9803350071445232,12.912949666416186,0.000924539459011553,0.26252816995162015
nominal|hfvc|75.00|0.00|0.800,nominal,hfvc,0.7525,21.360382908142288,9.983289785973282,1.9774986084194948,12.908319296233898,0.0010756056637514777,0.26367791127122936
nominal|hfvc|75.00|0.00|0.800,nominal,hfvc,0.7565,21.474015823487672,9.983208832187064,1.974659151100689,12.9036380123395,0.001228209321975371,0.26482605330964437
nominal|hfvc|75.00|0.00|0.800,nominal,hfvc,0.7605,21.587649986568778,9.983127856341481,1.971816650005672,12.898905828966122,0.001382349733854149,0.26597259434211196
nominal|hfvc|75.00|0.00|0.800,nominal,hfvc,0.7645,21.701285396271224,9.983046858408228,1.9689711199645268,12.894122760720856,0.0015380261904895942,0.26711753265220384
nominal|hfvc|75.00|0.00|0.800,nominal,hfvc,0.7685,21.81492205145525,9.982965838365727,1.9661225758205614,12.889288822595656,0.0016952379740045598,0.2682608665318323
nominal|hfvc|75.00|0.00|0.800,nominal,hfvc,0.7725,21.928559950955744,9.982884796194236,1.9632710324310887,12.884404029967712,0.0018539843574250092,0.26940259428124763
nominal|hfvc|75.00|0.00|0.800,nominal,hfvc,0.7765,22.042199093582287,9.982803731868668,1.9604165046657518,12.879468398591694,0.0020142646047979773,0.2705427142090549
nominal|hfvc|75.00|0.00|0.800,nominal,hfvc,0.7805,22.155839478119194,9.982722645366154,1.9575590074069251,12.874481944602614,0.0021760779711707534,0.27168122463221883
nominal|hfvc|75.00|0.00|0.800,nominal,hfvc,0.7845,22.269481103325557,9.982641536665561,1.9546985555503236,12.869444684518584,0.0023394237025284315,0.2728181238760664
nominal|hfvc|75.00|0.00|0.800,nominal,hfvc,0.7885,22.383123967935266,9.982560405745174,1.9518351640046234,12.864356635241238,0.0025043010358702378,0.2739534102743004
nominal|hfvc|75.00|0.00|0.800,nominal,hfvc,0.7925,22.49676807065704,9.982479252583124,1.9489688476907565,12.8592178140489,0.002670709199147081,0.2750870821690037
nominal|hfvc|75.00|0.00|0.800,nominal,hfvc,0.7965,22.61041341017449,9.98239807715606,1.9460996215427178,12.85402823860507,0.002838647411358697,0.27621913791064745
nominal|hfvc|75.00|0.00|0.800,nominal,hfvc,0.8005,22.724059985146145,9.982316879443093,1.9432275005072766,12.8487879269532,0.0030081148824287474,0.2773495758580953
nominal|hfvc|75.00|0.00|0.800,nominal,hfvc,0.8045,22.83770779420545,9.982235659426143,1.940352499543571,12.843496897519035,0.003179110813329722,0.27847839437861654
nominal|hfvc|75.00|0.00|0.800,nominal,hfvc,0.8085,22.9513568359609,9.982154417080205,1.937474633623579,12.838155169110308,0.003351634396034364,0.27960559184788797
nominal|hfvc|75.00|0.00|0.800,nominal,hfvc,0.8125,23.06500710899595,9.982073152387057,1.9345939177316822,12.832762760913718,0.0035256848134532226,0.2807311666500003
nominal|hfvc|75.00|0.00|0.800,nominal,hfvc,0.8165,23.17865861186917,9.981991865325128,1.9317103668644078,12.82731969250012,0.003701261239573428,0.281855117177475
nominal|hfvc|75.00|0.00|0.800,nominal,hfvc,0.8205,23.29231134311422,9.981910555870495,1.9288239960309383,12.821825983816831,0.0038783628393337932,0.28297744183125456
nominal|hfvc|75.00|0.00|0.800,nominal,hfvc,0.8245,23.405965301239902,9.98182922400861,1.925934820252821,12.81628165519928,0.00405698876871502,0.2840981390207281
nominal|hfvc|75.00|0.00|0.800,nominal,hfvc,0.8285,23.51962048473021,9.981747869715042,1.9230428545639338,12.810686727360952,0.004237138174705002,0.28521720716372356
nominal|hfvc|75.00|0.00|0.800,nominal,hfvc,0.8325,23.63327689204438,9.98166649297236,1.9201481140100423,12.805041221395054,0.004418810195278011,0.28633464468652303
nominal|hfvc|75.00|0.00|0.800,nominal,hfvc,0.8365,23.746934521616904,9.981585093761248,1.9172506136494183,12.799345158781417,0.004602003959484902,0.28745045002386843
nominal|hfvc|75.00|0.00|0.800,nominal,hfvc,0.8405,23.860593371857544,9.981503672059176,1.9143503685523198,12.793598561373319,0.004786718587328209,0.2885646216189596
nominal|hfvc|75.00|0.00|0.800,nominal,hfvc,0.8445,23.974253441151504,9.981422227849514,1.911447393801521,12.787801451414069,0.004972953189873175,0.28967715792347626
nominal|hfvc|75.00|0.00|0.800,nominal,hfvc,0.8485,24.087914727859292,9.981340761111506,1.9085417044895874,12.781953851515503,0.005160706869240805,0.29078805739758407
nominal|hfvc|75.00|0.00|0.800,nominal,hfvc,0.8525,24.20157723031692,9.981259271825865,1.905633315723927,12.776055784684672,0.005349978718573178,0.2918973185099167
nominal|hfvc|75.00|0.00|0.800,nominal,hfvc,0.8565,24.315240946835846,9.981177759976804,1.9027222426229542,12.770107274304474,0.005540767822033443,0.2930049397376085
nominal|hfvc|75.00|0.00|0.800,nominal,hfvc,0.8605,24.428905875703034,9.981096225543384,1.8998085003157892,12.764108344133891,0.005733073254812759,0.29411091956629837
nominal|hfvc|75.00|0.00|0.800,nominal,hfvc,0.8645,24.542572015181058,9.981014668506333,1.8968921039439437,12.758059018316114,0.005926894083192746,0.29521525649012725
nominal|hfvc|75.00|0.00|0.800,nominal,hfvc,0.8685,24.65623936350807,9.980933088847923,1.8939730686610003,12.751959321377235,0.006122229364469156,0.29631794901174785
nominal|hfvc|75.00|0.00|0.800,nominal,hfvc,0.8725,24.769907918897918,9.980851486550863,1.8910514096316675,12.745809278221236,0.006319078147007384,0.29741899564233415
nominal|hfvc|75.00|0.00|0.800,nominal,hfvc,0.8765,24.883577679540096,9.98076986159816,1.8881271420325572,12.739608914134742,0.0065174394702008365,0.298518394901585
nominal|hfvc|75.00|0.00|0.800,nominal,hfvc,0.8805,24.99724864359991,9.980688213969296,1.8852002810511197,12.733358254781788,0.006717312364575012,0.29961614531773584
nominal|hfvc|75.00|0.00|0.800,nominal,hfvc,0.8845,25.11092080921842,9.98060654364921,1.8822708418872114,12.727057326210776,0.006918695851641787,0.3007122454275537
nominal|hfvc|75.00|0.00|0.800,nominal,hfvc,0.8885,25.224594174512518,9.980524850620217,1.8793388397510047,12.720706154846301,0.007121588944010437,0.3018066937763594
nominal|hfvc|75.00|0.00|0.800,nominal,hfvc,0.8925,25.338268737575014,9.980443134865949,1.8764042898657638,12.714304767501055,0.0073259906454015145,0.30289948891801616
nominal|hfvc|75.00|0.00|0.800,nominal,hfvc,0.8965,25.451944496474617,9.980361396367968,1.873467207463614,12.707853191354147,0.00753189995057052,0.3039906294149558
nominal|hfvc|75.00|0.00|0.800,nominal,hfvc,0.9005,25.56562144925606,9.980279635109111,1.8705276077895,12.70135145397664,0.007739315845405048,0.3050801138381721
nominal|hfvc|75.00|0.00|0.800,nominal,hfvc,0.9045,25.679299593940065,9.980197851074793,1.8675855060992073,12.694799583315135,0.007948237306855399,0.30616794076722575
nominal|hfvc|75.00|0.00|0.800,nominal,hfvc,0.9085,25.79297892852347,9.98011604424831,1.864640917659656,12.68819760769729,0.008158663302969271,0.3072541087902593
nominal|hfvc|75.00|0.00|0.800,nominal,hfvc,0.9125,25.9066594509792,9.98003421461214,1.8616938577484035,12.681545555827508,0.008370592792884823,0.3083386165039981
nominal|hfvc|75.00|0.00|0.800,nominal,hfvc,0.9165,26.020341159256375,9.979952362151025,1.8587443416542815,12.674843456792331,0.00858402472685843,0.3094214625137588
nominal|hfvc|75.00|0.00|0.800,nominal,hfvc,0.9205,26.13402405128035,9.979870486850931,1.8557923846768036,12.66809134005563,0.008798958046264682,0.3105026454334532
nominal|hfvc|75.00|0.00|0.800,nominal,hfvc,0.9245,26.24770812495275,9.979788588692983,1.8528380021264335,12.661289235461219,0.009015391683596385,0.31158216388559645
nominal|hfvc|75.00|0.00|0.800,nominal,hfvc,0.9285,26.361393378151515,9.97970666766294,1.849881209324361,12.654437173232274,0.009233324562464562,0.3126600165013124
nominal|hfvc|75.00|0.00|0.800,nominal,hfvc,0.9325,26.47507980873097,9.979624723748282,1.8469220216033664,12.647535183975425,0.009452755597577633,0.31373620192033674
nominal|hfvc|75.00|0.00|0.800,nominal,hfvc,0.9365,26.58876741452188,9.979542756929723,1.843960454304998,12.640583298663543,0.009673683694824686,0.3148107187910322
nominal|hfvc|75.00|0.00|0.800,nominal,hfvc,0.9405,26.70245619333147,9.979460767195723,1.8409965227829317,12.633581548660914,0.009896107751213024,0.31588356577038657
nominal|hfvc|75.00|0.00|0.800,nominal,hfvc,0.9445,26.816146142943513,9.979378754531242,1.8380302424014123,12.626529965706917,0.010120026654882042,0.3169547415240151
nominal|hfvc|75.00|0.00|0.800,nominal,hfvc,0.9485,26.929837261118358,9.979296718920466,1.8350616285339416,12.619428581913049,0.010345439285137925,0.318024244726181
nominal|hfvc|75.00|0.00|0.800,nominal,hfvc,0.9525,27.04352954559299,9.979214660350857,1.8320906965654178,12.612277429774887,0.010572344512474463,0.3190920740597865
nominal|hfvc|75.00|0.00|0.800,nominal,hfvc,0.9565,27.157222994081074,9.97913257880652,1.8291174618910018,12.605076542164387,0.010800741198468966,0.32015822821638534
nominal|hfvc|75.00|0.00|0.800,nominal,hfvc,0.9605,27.270917604273034,9.979050474273414,1.8261419399153411,12.597825952327874,0.0110306281959488,0.3212227058961929
nominal|hfvc|75.00|0.00|0.800,nominal,hfvc,0.9645,27.384613373836107,9.97896834674054,1.823164146054723,12.590525693897227,0.011262004348873422,0.32228550580808085
nominal|hfvc|75.00|0.00|0.800,nominal,hfvc,0.9685,27.49831030041434,9.978886196189908,1.8201840957341378,12.583175800870913,0.011494868492403776,0.3233466266695924
nominal|hfvc|75.00|0.00|0.800,nominal,hfvc,0.9725,27.612008381628712,9.978804022613184,1.8172018043895712,12.57577630763372,0.011729219452853712,0.32440606720694753
nominal|hfvc|75.00|0.00|0.800,nominal,hfvc,0.9765,27.725707615077162,9.978721825994963,1.8142172874672542,12.568327248944474,0.01196505604777326,0.3254638261550396
nominal|hfvc|75.00|0.00|0.800,nominal,hfvc,0.9805,27.839407998334643,9.97863960632227,1.8112305604222294,12.560828659934046,0.012202377085900051,0.3265199022574552
nominal|hfvc|75.00|0.00|0.800,nominal,hfvc,0.9845,27.95310952895319,9.978557363582235,1.8082416387201692,12.553280576115233,0.012441181367180143,0.3275742942664708
nominal|hfvc|75.00|0.00|0.800,nominal,hfvc,0.9885,28.066812204461943,9.978475097761601,1.8052505378372965,12.545683033376479,0.012681467682761072,0.3286270009430517
nominal|hfvc|75.00|0.00|0.800,nominal,hfvc,0.9925,28.180516022367254,9.978392808850732,1.802257273258077,12.538036067977613,0.012923234815047369,0.32967802105687855
nominal|hfvc|75.00|0.00|0.800,nominal,hfvc,0.9965,28.294220980152694,9.978310496834196,1.7992618604778614,12.530339716559805,0.013166481537617292,0.3307273533863318
nominal|hfvc|75.00|0.00|0.800,nominal,hfvc,1.0005,28.40792707527915,9.978228161703171,1.7962643150016833,12.52259401613906,0.013411206615347726,0.3317749967185071
nominal|hfvc|75.00|0.00|0.800,nominal,hfvc,1.0045,28.52163430518486,9.978145803443008,1.793264652343064,12.514799004099745,0.013657408804330917,0.3328209498492217
nominal|hfvc|75.00|0.00|0.800,nominal,hfvc,1.0085,28.635342667285478,9.978063422042533,1.790262888026073,12.50695471820924,0.01390508685187447,0.3338652115830173
nominal|hfvc|75.00|0.00|0.800,nominal,hfvc,1.0125,28.749052158974138,9.977981017491174,1.7872590375842121,12.499061196608727,0.014154239496598497,0.33490778073316363
nominal|hfvc|75.00|0.00|0.800,nominal,hfvc,1.0165,28.8627627776215,9.977898589779713,1.7842531165600604,12.491118477810689,0.014404865468373163,0.3359486561216664
nominal|hfvc|75.00|0.00|0.800,nominal,hfvc,1.0205,28.97647452057581,9.977816138893226,1.7812451405052894,12.483126600701244,0.014656963488311747,0.33698783657927406
nominal|hfvc|75.00|0.00|0.800,nominal,hfvc,1.0245,29.090187385162988,9.977733664822228,1.778235124981143,12.475085604542393,0.014910532268874732,0.3380253209454816
nominal|hfvc|75.00|0.00|0.800,nominal,hfvc,1.0285,29.20390136868663,9.977651167558268,1.7752230855588431,12.46699552897495,0.015165570513737958,0.3390611080685314
nominal|hfvc|75.00|0.00|0.800,nominal,hfvc,1.0325,29.317616468428106,9.977568647086992,1.7722090378173507,12.458856414002577,0.015422076917882832,0.3400951968054267
nominal|hfvc|75.00|0.00|0.800,nominal,hfvc,1.0365,29.431332681646698,9.97748610340096,1.7691929973454121,12.450668300009152,0.015680050167672654,0.3411275860219337
nominal|hfvc|75.00|0.00|0.800,nominal,hfvc,1.0405,29.545050005579476,9.977403536489346,1.7661749797409678,12.442431227750394,0.015939488940706903,0.34215827459258186
nominal|hfvc|75.00|0.00|0.800,nominal,hfvc,1.0445,29.658768437441513,9.977320946342207,1.763155000610613,12.434145238354208,0.016200391905911438,0.34318726140067535
nominal|hfvc|75.00|0.00|0.800,nominal,hfvc,1.0485,29.772487974425857,9.977238332948112,1.7601330755698423,12.425810373317656,0.016462757723517685,0.34421454533829343
nominal|hfvc|75.00|0.00|0.800,nominal,hfvc,1.0525,29.88620861370371,9.97715569630072,1.7571092202434349,12.417426674517587,0.016726585045194475,0.3452401253063027
nominal|hfvc|75.00|0.00|0.800,nominal,hfvc,1.0565,29.999930352424357,9.977073036388042,1.7540834502638005,12.408994184192078,0.016991872513860695,0.3462640002143544
nominal|hfvc|75.00|0.00|0.800,nominal,hfvc,1.0605,30.11365318771532,9.976990353202357,1.7510557812734486,12.400512944959434,0.017258618763831002,0.3472861689808902
nominal|hfvc|75.00|0.00|0.800,nominal,hfvc,1.0645,30.227377116682337,9.976907646735173,1.7480262289230777,12.391982999807855,0.017526822420753374,0.3483066305331519
nominal|hfvc|75.00|0.00|0.800,nominal,hfvc,1.0685,30.341102136409514,9.97682491697522,1.7449948088713743,12.38340439209033,0.017796482101636868,0.34932538380718303
nominal|hfvc|75.00|0.00|0.800,nominal,hfvc,1.0725,30.45482824395939,9.976742163916068,1.7419615367856003,12.374777165533526,0.018067596414969578,0.35034242774783825
nominal|hfvc|75.00|0.00|0.800,nominal,hfvc,1.0765,30.568555436372883,9.976659387549521,1.738926428342607,12.36610136423897,0.018340163960482714,0.3513577613087757
nominal|hfvc|75.00|0.00|0.800,nominal,hfvc,1.0805,30.682283710669466,9.976576587865104,1.7358894992259934,12.357377032668726,0.018614183329386524,0.3523713834524791
nominal|hfvc|75.00|0.00|0.800,nominal,hfvc,1.0845,30.796013063847195,9.976493764855642,1.7328507651283898,12.34860421566039,0.01888965310428009,0.3533832931502518
nominal|hfvc|75.00|0.00|0.800,nominal,hfvc,1.0885,30.909743492882804,9.976410918514986,1.7298102417514127,12.339782958421566,0.0191665718591999,0.35439348938221804
nominal|hfvc|75.00|0.00|0.800,nominal,hfvc,1.0925,31.023474994731696,9.976328048834239,1.7267679448036242,12.330913306524005,0.01944493815956433,0.35540197113734073
nominal|hfvc|75.00|0.00|0.800,nominal,hfvc,1.0965,31.137207566328104,9.976245155804792,1.7237238900035237,12.32199530591579,0.019724750562243043,0.3564087374134089
nominal|hfvc|75.00|0.00|0.800,nominal,hfvc,1.1005,31.250941204585104,9.97616223941978,1.7206780930735288,12.313029002892986,0.020006007615584742,0.35741378721707395
nominal|hfvc|75.00|0.00|0.800,nominal,hfvc,1.1045,31.364675906394673,9.97607929967524,1.7176305697494882,12.304014444150003,0.02028870785932696,0.358417119563806
nominal|hfvc|75.00|0.00|0.800,nominal,hfvc,1.1085,31.47841166862778,9.975996336559955,1.7145813357714932,12.294951676722876,0.02057284982474178,0.3594187334779369
nominal|hfvc|75.00|0.00|0.800,nominal,hfvc,1.1125,31.59214848813444,9.975913350069266,1.7115304068890873,12.285840748028912,0.020858432034510932,0.3604186279926526
nominal|hfvc|75.00|0.00|0.800,nominal,hfvc,1.1165,31.705886361743783,9.975830340197,1.7084777988589759,12.276681705845043,0.02114545300278825,0.36141680214999733
nominal|hfvc|75.00|0.00|0.800,nominal,hfvc,1.1205,31.819625286264117,9.97574730693506,1.7054235274453062,12.267474598314509,0.021433911235262115,0.3624132550008795
nominal|hfvc|75.00|0.00|0.800,nominal,hfvc,1.1245,31.933365258483025,9.975664250278397,1.7023676084203951,12.258219473949449,0.021723805229099946,0.3634079856050739
nominal|hfvc|75.00|0.00|0.800,nominal,hfvc,1.1285,32.04710627516746,9.975581170219437,1.6993100575636617,12.248916381623765,0.02201513347301065,0.3644009930312274
nominal|hfvc|75.00|0.00|0.800,nominal,hfvc,1.1325,32.16084833306365,9.975498066755929,1.696250890662786,12.239565370582266,0.02230789444714748,0.36539227635686305
nominal|hfvc|75.00|0.00|0.800,nominal,hfvc,1.1365,32.27459142889735,9.975414939879965,1.6931901235126217,12.230166490429532,0.02260208662324681,0.3663818346683813
nominal|hfvc|75.00|0.00|0.800,nominal,hfvc,1.1405,32.38833555937389,9.975331789585676,1.6901277719146428,12.220719791133053,0.022897708464614253,0.36736966706107455
nominal|hfvc|75.00|0.00|0.800,nominal,hfvc,1.1445,32.502080721178125,9.975248615868006,1.687063851677516,12.211225323019388,0.02319475842608304,0.36835577263912
nominal|hfvc|75.00|0.00|0.800,nominal,hfvc,1.1485,32.615826910974604,9.975165418720891,1.6839983786218677,12.201683136812818,0.023493234953979314,0.36934015051557867
nominal|hfvc|75.00|0.00|0.800,nominal,hfvc,1.1525,32.72957412540762,9.975082198142356,1.6809313685672465,12.192093283542615,0.02379313648627479,0.3703227998124303
nominal|hfvc|75.00|0.00|0.800,nominal,hfvc,1.1565,32.84332236110135,9.974998954125763,1.677862837345949,12.18245581464328,0.024094461452545124,0.37130371966054404
nominal|hfvc|75.00|0.00|0.800,nominal,hfvc,1.1605,32.95707161465973,9.97491568666728,1.6747928007960264,12.172770781899445,0.02439720827387276,0.3722829091996919
nominal|hfvc|75.00|0.00|0.800,nominal,hfvc,1.1645,33.07082188266672,9.974832395760973,1.6717212747626309,12.163038237455172,0.0247013753629996,0.3732603675785556
nominal|hfvc|75.00|0.00|0.800,nominal,hfvc,1.1685,33.18457316168632,9.974749081404159,1.6686482750972977,12.15325823381691,0.02500696112430617,0.3742360939547379
nominal|hfvc|75.00|0.00|0.800,nominal,hfvc,1.1725,33.298325448262574,9.974665743592277,1.6655738176593535,12.143430823855608,0.02531396395371449,0.37521008749475204
nominal|hfvc|75.00|0.00|0.800,nominal,hfvc,1.1765,33.41207873891976,9.974582382321653,1.6624979183139013,12.133556060796817,0.02562238223886848,0.3761823473740363
nominal|hfvc|75.00|0.00|0.800,nominal,hfvc,1.1805,33.525833030162325,9.974498997589235,1.6594205929334194,12.123633998230105,0.02593221435897436,0.37715287277695353
nominal|hfvc|75.00|0.00|0.800,nominal,hfvc,1.1845,33.639588318475106,9.97441558939081,1.6563418573968034,12.113664690102976,0.02624345868498107,0.37812166289679616
nominal|hfvc|75.00|0.00|0.800,nominal,hfvc,1.1885,33.7533446003233,9.974332157723644,1.6532617275891626,12.103648190719902,0.026556113579469243,0.3790887169357898
nominal|hfvc|75.00|0.00|0.800,nominal,hfvc,1.1925,33.86710187215256,9.974248702584328,1.6501802194032518,12.093584554748775,0.026870177396665085,0.38005403410509264
nominal|hfvc|75.00|0.00|0.800,nominal,hfvc,1.1965,33.980860130389104,9.974165223969523,1.647097348736505,12.083473837207798,0.027185648482565272,0.3810176136248125
nominal|hfvc|75.00|0.00|0.800,nominal,hfvc,1.2005,34.09461937143975,9.974081721876548,1.6440131314944353,12.073316093481587,0.027502525174805115,0.3819794547239923
nominal|hfvc|75.00|0.00|0.800,nominal,hfvc,1.2045,34.20837959169198,9.973998196305022,1.6409275835878578,12.063111379306102,0.027820805802762638,0.38293955664062923
nominal|hfvc|75.00|0.00|0.800,nominal,hfvc,1.2085,34.322140787514066,9.973914647249991,1.6378407209348034,12.05285975077799,0.028140488687537768,0.38389791862166395
nominal|hfvc|75.00|0.00|0.800,nominal,hfvc,1.2125,34.435902955255095,9.97383107471063,1.634752559457555,12.042561264340042,0.028461572141973146,0.38485453992300434
nominal|hfvc|75.00|0.00|0.800,nominal,hfvc,1.2165,34.54966609124509,9.97374747868509,1.6316631150868695,12.032215976805002,0.028784054470626375,0.3858094198095057
nominal|hfvc|75.00|0.00|0.800,nominal,hfvc,1.2205,34.66343019179504,9.973663859170564,1.6285724037577896,12.021823945329087,0.029107933969853284,0.3867625575549914
nominal|hfvc|75.00|0.00|0.800,nominal,hfvc,1.2245,34.77719525319701,9.97358021616596,1.6254804414122552,12.011385227431035,0.029433208927773236,0.38771395244225015
nominal|hfvc|75.00|0.00|0.800,nominal,hfvc,1.2285,34.89096127172422,9.973496549669836,1.6223872439972713,12.000899880974924,0.02975987762431076,0.38866360376303777
nominal|hfvc|75.00|0.00|0.800,nominal,hfvc,1.2325,35.0047282436311,9.973412859679165,1.6192928274665188,11.99036796418708,0.030087938331174735,0.38961151081808326
nominal|hfvc|75.00|0.00|0.800,nominal,hfvc,1.2365,35.118496165153346,9.97332914619643,1.616197207779474,11.979789535644088,0.030417389311872267,0.39055767291708854
nominal|hfvc|75.00|0.00|0.800,nominal,hfvc,1.2405,35.232265032508046,9.97324540921813,1.6131004009001657,11.969164654270347,0.030748228821736445,0.3915020893787425
nominal|hfvc|75.00|0.00|0.800,nominal,hfvc,1.2445,35.34603484189375,9.973161648745627,1.610002422800001,11.958493379352333,0.031080455107967975,0.3924447595307067
nominal|hfvc|75.00|0.00|0.800,nominal,hfvc,1.2485,35.45980558949051,9.973077864775576,1.6069032894541233,11.947775770514696,0.03141406640957273,0.39338568270963525
nominal|hfvc|75.00|0.00|0.800,nominal,hfvc,1.2525,35.57357727145998,9.972994057308474,1.603803016844308,11.937011887743166,0.03174906095743807,0.3943248582611687
nominal|hfvc|75.00|0.00|0.800,nominal,hfvc,1.2565,35.687349883945544,9.972910226347764,1.6007016209577132,11.92620179137327,0.03208543697431204,0.3952622855399399
nominal|hfvc|75.00|0.00|0.800,nominal,hfvc,1.2605,35.80112342307227,9.972826371888559,1.5975991177858921,11.915345542081948,0.032423192674831125,0.3961979639095768
nominal|hfvc|75.00|0.00|0.800,nominal,hfvc,1.2645,35.91489788494714,9.97274249393355,1.5944955233267966,11.904443200905241,0.0327623262655688,0.3971318927427044
nominal|hfvc|75.00|0.00|0.800,nominal,hfvc,1.2685,36.02867326565898,9.972658592482336,1.5913908535834376,11.89349482922356,0.033102835944924525,0.39806407142094663
nominal|hfvc|75.00|0.00|0.800,nominal,hfvc,1.2725,36.14244956127873,9.97257466753535,1.5882851245632457,11.882500488764704,0.03344471990333192,0.3989944993349396
nominal|hfvc|75.00|0.00|0.800,nominal,hfvc,1.2765,36.25622676785928,9.972490719093198,1.585178352279039,11.871460241603753,0.03378797632306446,0.3999231758843195
nominal|hfvc|75.00|0.00|0.800,nominal,hfvc,1.2805,36.370004881435754,9.972406747156862,1.5820705527489292,11.860374150165804,0.034132603378402016,0.40085010047773545
nominal|hfvc|75.00|0.00|0.800,nominal,hfvc,1.2845,36.48378389802551,9.972322751727987,1.5789617419959783,11.849242277221057,0.034478599235575336,0.4017752725328469
nominal|hfvc|75.00|0.00|0.800,nominal,hfvc,1.2885,36.5975638136282,9.972238732809718,1.575851936048043,11.838064685886614,0.034825962052786874,0.40269869147633175
nominal|hfvc|75.00|0.00|0.800,nominal,hfvc,1.2925,36.711344624225895,9.97215469039951,1.5727411509367801,11.82684143961843,0.03517468998023854,0.4036203567438877
nominal|hfvc|75.00|0.00|0.800,nominal,hfvc,1.2965,36.825126325783124,9.972070624501603,1.5696294027002236,11.81557260222657,0.03552478116013169,0.4045402677802297
nominal|hfvc|75.00|0.00|0.800,nominal,hfvc,1.3005,36.938908914247,9.971986535115512,1.5665167073798585,11.804258237857336,0.03587623372667409,0.4054584240390987
nominal|hfvc|75.00|0.00|0.800,nominal,hfvc,1.3045,37.05269238554727,9.971902422245721,1.563403081022568,11.79289841100776,0.03622904580612152,0.40637482498326355
nominal|hfvc|75.00|0.00|0.800,nominal,hfvc,1.3085,37.16647673559639,9.971818285893178,1.5602885396789041,11.781493186511145,0.03658321551677085,0.40728947008452276
nominal|hfvc|75.00|0.00|0.800,nominal,hfvc,1.3125,37.280261960289664,9.971734126060364,1.557173099404511,11.77004262954652,0.03693874096896699,0.4082023588237039
nominal|hfvc|75.00|0.00|0.800,nominal,hfvc,1.3165,37.394048055505245,9.971649942748776,1.55405677625932,11.758546805634548,0.03729562026514449,0.40911349069067077
nominal|hfvc|75.00|0.00|0.800,nominal,hfvc,1.3205,37.50783501710429,9.97156573596187,1.5509395863067976,11.747005780634156,0.037653851499820645,0.41002286518432873
nominal|hfvc|75.00|0.00|0.800,nominal,hfvc,1.3245,37.621622840931,9.971481505704036,1.5478215456161404,11.735419620750669,0.038013432759609334,0.41093048181261427
nominal|hfvc|75.00|0.00|0.800,nominal,hfvc,1.3285,37.73541152281268,9.971397251976239,1.5447026702595412,11.723788392523428,0.03837436212320716,0.4118363400925104
nominal|hfvc|75.00|0.00|0.800,nominal,hfvc,1.3325,37.84920105855991,9.97131297478254,1.5415829763131872,11.712112162831852,0.038736637661532236,0.4127404395500487
nominal|hfvc|75.00|0.00|0.800,nominal,hfvc,1.3365,37.962991443966544,9.971228674125667,1.53846247985818,11.700390998896289,0.03910025743753681,0.4136427797202989
nominal|hfvc|75.00|0.00|0.800,nominal,hfvc,1.3405,38.07678267480981,9.971144350010109,1.535341196978947,11.688624968275217,0.03946521950640852,0.41454336014738846
nominal|hfvc|75.00|0.00|0.800,nominal,hfvc,1.3445,38.19057474685045,9.971060002438692,1.5322191437640575,11.676814138861506,0.039831521915466295,0.41544218038448893
nominal|hfvc|75.00|0.00|0.800,nominal,hfvc,1.3485,38.30436765583271,9.970975631415625,1.5290963363054428,11.664958578884747,0.0401991627042228,0.4163392399938317
nominal|hfvc|75.00|0.00|0.800,nominal,hfvc,1.3525,38.418161397484546,9.970891236943917,1.5259727906990714,11.65305835691273,0.040568139904405276,0.4172345385467022
nominal|hfvc|75.00|0.00|0.800,nominal,hfvc,1.3565,38.53195596751757,9.970806819029512,1.5228485230448983,11.641113541848126,0.04093845153996245,0.41812807562344134
nominal|hfvc|75.00|0.00|0.800,nominal,hfvc,1.3605,38.64575136162726,9.97072237767785,1.5197235494462753,11.629124202930255,0.0413100956270715,0.4190198508134547
nominal|hfvc|75.00|0.00|0.800,nominal,hfvc,1.3645,38.75954757549294,9.970637912890588,1.5165978860096114,11.61709040972613,0.04168307017412415,0.4199098637152054
nominal|hfvc|75.00|0.00|0.800,nominal,hfvc,1.3685,38.87334460477793,9.970553424673977,1.5134715488456354,11.605012232143562,0.04205737318178915,0.4207981139362245
nominal|hfvc|75.00|0.00|0.800,nominal,hfvc,1.3725,38.987142445129614,9.970468913032587,1.510344554067184,11.592889740413638,0.04243300264302613,0.42168460109311
nominal|hfvc|75.00|0.00|0.800,nominal,hfvc,1.3765,39.10094109217957,9.970384377971298,1.5072169177920867,11.580723005112409,0.04280995654307174,0.42256932481152587
nominal|hfvc|75.00|0.00|0.800,nominal,hfvc,1.3805,39.21474054154355,9.970299819495297,1.504088656139711,11.568512097134171,0.04318823285948126,0.42345228472620816
nominal|hfvc|75.00|0.00|0.800,nominal,hfvc,1.3845,39.32854078882165,9.970215237612605,1.5009597852344998,11.55625708771717,0.04356782956210781,0.4243334804809629
nominal|hfvc|75.00|0.00|0.800,nominal,hfvc,1.3885,39.44234182959842,9.970130632324384,1.497830321201678,11.54395804841269,0.04394874461317866,0.4252129117286733
nominal|hfvc|75.00|0.00|0.800,nominal,hfvc,1.3925,39.556143659442846,9.970046003639231,1.4947002801717184,11.531615051118134,0.04433097596723973,0.4260905781312957
nominal|hfvc|75.00|0.00|0.800,nominal,hfvc,1.3965,39.669946273908536,9.969961351564564,1.4915696782766577,11.51922816804948,0.0447145215712319,0.42696647935986787
nominal|hfvc|75.00|0.00|0.800,nominal,hfvc,1.4005,39.78374966853375,9.969876676102519,1.48843853165164,11.506797471752012,0.04509937936442859,0.4278406150945034
nominal|hfvc|75.00|0.00|0.800,nominal,hfvc,1.4045,39.89755383884151,9.969791977262352,1.4853068564351721,11.494323035100928,0.045485547278553695,0.428712985024398
nominal|hfvc|75.00|0.00|0.800,nominal,hfvc,1.4085,40.01135878033973,9.96970725504756,1.4821746687677058,11.48180493129329,0.04587302323776771,0.42958358884783104
nominal|velocity|75.00|0.00|0.800,nominal,velocity,0.0005,0.0046122730620340256,9.779341038787592,2.223566381342099,12.685949627928462,2.6022642030881773e-12,0.0002880896336308555
nominal|velocity|75.00|0.00|0.800,nominal,velocity,0.0045,0.012805855479196352,9.708644839241598,3.0467991298140795,13.084791533912856,0.00015100003811219231,0.005571510660999785
nominal|velocity|75.00|0.00|0.800,nominal,velocity,0.0085,0.05627699956438557,9.709471895676147,3.1315493129930916,13.147369660266014,0.000329343076602151,0.014517975524971983
nominal|velocity|75.00|0.00|0.800,nominal,velocity,0.0125,0.14217643609860697,9.738553682097917,2.9127921755614055,13.011117073346913,0.0004925927237081629,0.022324267591954012
nominal|velocity|75.00|0.00|0.800,nominal,velocity,0.0165,0.2582976143479062,9.771048498663207,2.643195682099365,12.842583710531404,0.0006352814161669773,0.02733874387993526
nominal|velocity|75.00|0.00|0.800,nominal,velocity,0.0205,0.38855647231469315,9.795497457129835,2.448458632650893,12.72479839569947,0.0007631076720318597,0.029864997445683866
nominal|velocity|75.00|0.00|0.800,nominal,velocity,0.0245,0.5210201183362853,9.809969080161133,2.3550931871167826,12.674979222759147,0.0008845058446782517,0.030926841160877492
nominal|velocity|75.00|0.00|0.800,nominal,velocity,0.0285,0.6498194027997711,9.81718445647054,2.337880558559425,12.675926092331048,0.0010051111493866727,0.03148635108313943
nominal|velocity|75.00|0.00|0.800,nominal,velocity,0.0325,0.7737774489447627,9.820896041664053,2.3586848408388774,12.702021415397603,0.001126972387022196,0.03213330868167014
nominal|velocity|75.00|0.00|0.800,nominal,velocity,0.0365,0.8941367465833711,9.823971225450943,2.3876067218910544,12.733312607185162,0.0012499027296983267,0.03308680189475979
nominal|velocity|75.00|0.00|0.800,nominal,velocity,0.0405,1.0127215280767854,9.827870652923353,2.409010646616304,12.759431838350048,0.001372892437449813,0.034329345044622844
nominal|velocity|75.00|0.00|0.800,nominal,velocity,0.0445,1.1309468871708197,9.832926014604269,2.41895288916535,12.777812873787855,0.0014949525157376131,0.03574913898011056
nominal|velocity|75.00|0.00|0.800,nominal,velocity,0.0485,1.2495446692050938,9.83886712203976,2.419880234797219,12.790132179360304,0.0016154473651275314,0.03723453040741192
nominal|velocity|75.00|0.00|0.800,nominal,velocity,0.0525,1.3686928129814568,9.845264801403903,2.416076128790112,12.799270356077393,0.0017341139768589642,0.03871411684138927
nominal|velocity|75.00|0.00|0.800,nominal,velocity,0.0565,1.4882696949260752,9.851776818904261,2.41106339272542,12.807584925422793,0.0018509409534031573,0.04015930670254771
nominal|velocity|75.00|0.00|0.800,nominal,velocity,0.0605,1.6080700880248666,9.858221067631762,2.406773586952512,12.816362524891378,0.0019660272245689003,0.041569999754129526
nominal|velocity|75.00|0.00|0.800,nominal,velocity,0.0645,1.7279270770878572,9.864549060846302,2.4037665161155104,12.825970825376217,0.0020794818107808255,0.042958245430334156
nominal|velocity|75.00|0.00|0.800,nominal,velocity,0.0685,1.8477501095552196,9.870786616733435,2.4018172615936133,12.836253891011403,0.0021913775264809088,0.04433692212335255
nominal|velocity|75.00|0.00|0.800,nominal,velocity,0.0725,1.9675136924605545,9.876981895425255,2.4004482052853104,12.846888908766982,0.0023017445425072003,0.045714625252506164
nominal|velocity|75.00|0.00|0.800,nominal,velocity,0.0765,2.087229171978123,9.883175231152883,2.39924618308003,12.857598088663302,0.0024105831415086043,0.04709503504081406
nominal|velocity|75.00|0.00|0.800,nominal,velocity,0.0805,2.2069194761446003,9.889389091606215,2.3979741338314655,12.868222667223964,0.0025178799217331904,0.04847841663422153
nominal|velocity|75.00|0.00|0.800,nominal,velocity,0.0845,2.326604207473784,9.895630224513074,2.396555190197136,12.878711589201284,0.0026236195847448296,0.04986348700000607
nominal|velocity|75.00|0.00|0.800,nominal,velocity,0.0885,2.446294501318279,9.90189622555922,2.395008261296447,12.889077941989282,0.0027277906022374343,0.05124876587733945
nominal|velocity|75.00|0.00|0.800,nominal,velocity,0.0925,2.5659938869307384,9.908181627703815,2.393386175100347,12.899357335138728,0.0028303862522477408,0.05263322115147668
nominal|velocity|75.00|0.00|0.800,nominal,velocity,0.0965,2.685701390882507,9.91448159640346,2.3917371716378706,12.9095820806209,0.0029314033236430004,0.05401638196778632
nominal|velocity|75.00|0.00|0.800,nominal,velocity,0.1005,2.805414476998667,9.92079327602345,2.3900901826096645,12.919771388022477,0.0030308403016834906,0.05539818483585843
nominal|velocity|75.00|0.00|0.800,nominal,velocity,0.1045,2.92513085873528,9.9271156515749,2.3884555218289303,12.929931904415003,0.003128695989479402,0.05677876159555244
nominal|velocity|75.00|0.00|0.800,nominal,velocity,0.1085,3.0448491798984074,9.9334488277984,2.386831879164549,12.940062463464205,0.00322496881145079,0.05815827897360267
nominal|velocity|75.00|0.00|0.800,nominal,velocity,0.1125,3.1645689692355248,9.939793319330114,2.3852134773442075,12.950158917741224,0.0033196566572371577,0.05953685781622932
nominal|velocity|75.00|0.00|0.800,nominal,velocity,0.1165,3.2842903026441665,9.946149600862018,2.383594722300621,12.960217267962584,0.003412757009942091,0.06091455526383236
nominal|velocity|75.00|0.00|0.800,nominal,velocity,0.1205,3.404013462636014,9.952517929807902,2.3819721142884918,12.970234941558214,0.003504267148936313,0.06229138010087518
nominal|velocity|75.00|0.00|0.800,nominal,velocity,0.1245,3.52373871918698,9.958898348823814,2.3803443066443597,12.980210823540993,0.003594184310368176,0.06366731668606412
nominal|velocity|75.00|0.00|0.800,nominal,velocity,0.1285,3.643466241063139,9.965290764021562,2.3787113558975483,12.99014474521831,0.003682505772255318,0.06504234391829314
nominal|velocity|75.00|0.00|0.800,nominal,velocity,0.1325,3.7631960945306457,9.971695027297123,2.377073897969426,13.000036926075957,0.0037692288766821846,0.06641644526657584
nominal|velocity|75.00|0.00|0.800,nominal,velocity,0.1365,3.882928279681011,9.978110990806808,2.3754325894324455,13.009887596538363,0.003854351017656965,0.06778961139129552
nominal|velocity|75.00|0.00|0.800,nominal,velocity,0.1405,4.002662769675649,9.984538529988805,2.3737878625326867,13.019696833413677,0.003937869618678147,0.06916183867242902
nominal|velocity|75.00|0.00|0.800,nominal,velocity,0.1445,4.12239953710825,9.99097754490869,2.3721399017661917,13.02946454506382,0.004019782114270121,0.07053312652732983
nominal|velocity|75.00|0.00|0.800,nominal,velocity,0.1485,4.242138565403266,9.997427951892327,2.3704887230716967,13.039190525641136,0.004100085939699738,0.0719034751792004
nominal|velocity|75.00|0.00|0.800,nominal,velocity,0.1525,4.361879849750664,10.003889674028795,2.3688342681467796,13.048874519197518,0.004178778528068916,0.07327288442021684
nominal|velocity|75.00|0.00|0.800,nominal,velocity,0.1565,4.48162339325579,10.01036263460963,2.36717647125074,13.058516264947508,0.004255857311431799,0.07464135324263306
nominal|velocity|75.00|0.00|0.800,nominal,velocity,0.1605,4.60136920244056,10.016846754177651,2.3655152902695225,13.068115518213363,0.004331319723362148,0.07600887997162029
nominal|velocity|75.00|0.00|0.800,nominal,velocity,0.1645,4.721117284087809,10.023341950174677,2.3638507114103127,13.077672053506067,0.004405163201277873,0.07737546256359625
nominal|velocity|75.00|0.00|0.800,nominal,velocity,0.1685,4.840867643792247,10.029848137824626,2.3621827409935485,13.087185658878159,0.004477385187606764,0.07874109886754153
nominal|velocity|75.00|0.00|0.800,nominal,velocity,0.1725,4.960620285758324,10.03636523122385,2.3605113947175957,13.096656128618687,0.004547983130362421,0.08010578677653347
nominal|velocity|75.00|0.00|0.800,nominal,velocity,0.1765,5.080375213200857,10.042893144130902,2.3588366897098423,13.106083257852552,0.004616954483144253,0.08146952427806689
nominal|velocity|75.00|0.00|0.800,nominal,velocity,0.1805,5.2001324288576924,10.049431790340348,2.357158640623078,13.115466839904695,0.004684296704859925,0.08283230944325273
nominal|velocity|75.00|0.00|0.800,nominal,velocity,0.1845,5.319891935365453,10.055981083751291,2.355477258858319,13.12480666579533,0.004750007259586575,0.08419414039389284
nominal|velocity|75.00|0.00|0.800,nominal,velocity,0.1885,5.439653735441806,10.062540938277506,2.3537925533945274,13.134102524818847,0.004814083616584697,0.08555501527200626
nominal|velocity|75.00|0.00|0.800,nominal,velocity,0.1925,5.559417831919859,10.069111267723803,2.3521045320018628,13.143354205375758,0.0048765232502009925,0.08691493222136612
nominal|velocity|75.00|0.00|0.800,nominal,velocity,0.1965,5.679184227707273,10.075691985694878,2.350413202184792,13.152561495627282,0.004937323640034907,0.0882738893807593
nominal|velocity|75.00|0.00|0.800,nominal,velocity,0.2005,5.79895292572803,10.082283005549497,2.348718571667015,13.161724183827092,0.004996482270959446,0.08963188488466939
nominal|velocity|75.00|0.00|0.800,nominal,velocity,0.2045,5.91872392887773,10.088884240392561,2.3470206485108247,13.170842058412365,0.005053996633398727,0.09098891686685219
nominal|velocity|75.00|0.00|0.800,nominal,velocity,0.2085,6.038497240000719,10.095495603083416,2.3453194410338405,13.179914907944186,0.005109864223168392,0.09234498346385984
nominal|velocity|75.00|0.00|0.800,nominal,velocity,0.2125,6.15827286188462,10.10211700625476,2.343614957675187,13.188942521031954,0.005164082541801729,0.09370008281725016
nominal|velocity|75.00|0.00|0.800,nominal,velocity,0.2165,6.278050797264241,10.108748362322794,2.341907206881876,13.197924686253895,0.005216649096473347,0.09505421307446402
nominal|velocity|75.00|0.00|0.800,nominal,velocity,0.2205,6.397831048827974,10.11538958349663,2.3401961970508385,13.206861192130308,0.005267561400144893,0.09640737238878809
nominal|velocity|75.00|0.00|0.800,nominal,velocity,0.2245,6.517613619222936,10.122040581780452,2.33848193651091,13.215751827114735,0.005316816971627503,0.09775955891895544
nominal|velocity|75.00|0.00|0.800,nominal,velocity,0.2285,6.637398511057649,10.128701268974874,2.336764433530545,13.224596379605476,0.005364413335651186,0.09911077082872453
nominal|velocity|75.00|0.00|0.800,nominal,velocity,0.2325,6.757185726902696,10.135371556676494,2.335043696333276,13.233394637964823,0.005410348022913403,0.10046100628659274
nominal|velocity|75.00|0.00|0.800,nominal,velocity,0.2365,6.876975269290214,10.1420513562793,2.333319733110588,13.24214639053298,0.005454618570203962,0.10181026346566958
nominal|velocity|75.00|0.00|0.800,nominal,velocity,0.2405,6.996767140713022,10.148740578974511,2.3315925520299716,13.25085142564199,0.005497222520516043,0.10315854054365117
nominal|velocity|75.00|0.00|0.800,nominal,velocity,0.2445,7.1165613436238955,10.155439135752935,2.329862161236132,13.259509531621983,0.005538157423018442,0.10450583570285457
nominal|velocity|75.00|0.00|0.800,nominal,velocity,0.2485,7.236357880435101,10.16214693740641,2.3281285688512328,13.26812049680645,0.005577420833208224,0.10585214713024281
nominal|velocity|75.00|0.00|0.800,nominal,velocity,0.2525,7.35615675351814,10.168863894530096,2.3263917829731757,13.276684109540948,0.0056150103129939954,0.1071974730174425
nominal|velocity|75.00|0.00|0.800,nominal,velocity,0.2565,7.475957965203661,10.175589917524018,2.3246518116738195,13.285200158186253,0.005650923430765287,0.10854181156074837
nominal|velocity|75.00|0.00|0.800,nominal,velocity,0.2605,7.595761517781443,10.182324916595334,2.322908662998281,13.293668431126012,0.005685157761406434,0.109885160961108
nominal|velocity|75.00|0.00|0.800,nominal,velocity,0.2645,7.715567413500308,10.18906880176027,2.3211623449649297,13.302088716772534,0.005717710886525562,0.11122751942409911
nominal|velocity|75.00|0.00|0.800,nominal,velocity,0.2685,7.835375654568075,10.195821482845075,2.319412865564741,13.310460803573466,0.0057485803943505,0.11256888515991853
nominal|velocity|75.00|0.00|0.800,nominal,velocity,0.2725,7.955186243151439,10.20258286948917,2.3176602327626203,13.318784480020614,0.005777763879971642,0.11390925638335096
nominal|velocity|75.00|0.00|0.800,nominal,velocity,0.2765,8.074999181375832,10.2093528711451,2.3159044544962066,13.327059534651786,0.005805258945279501,0.11524863131376549
nominal|velocity|75.00|0.00|0.800,nominal,velocity,0.2805,8.19481447132532,10.216131397083327,2.314145538677764,13.335285756067144,0.0058310631991451145,0.11658700817509136
nominal|velocity|75.00|0.00|0.800,nominal,velocity,0.2845,8.314632115042441,10.222918356390641,2.3123834931927565,13.34346293292442,0.005855174257503315,0.11792438519580518
nominal|velocity|75.00|0.00|0.800,nominal,velocity,0.2885,8.434452114528098,10.2297136579746,2.3106183259008275,13.35159085395551,0.005877589743366607,0.11926076060892295
nominal|velocity|75.00|0.00|0.800,nominal,velocity,0.2925,8.55427447174145,10.236517210565223,2.3088500446353892,13.359669307970055,0.005898307286922311,0.12059613265198184
nominal|velocity|75.00|0.00|0.800,nominal,velocity,0.2965,8.674099188599785,10.243328922714605,2.307078657203752,13.367698083859823,0.005917324525650525,0.12193049956702408
nominal|velocity|75.00|0.00|0.800,nominal,velocity,0.3005,8.793926266978383,10.25014870280193,2.3053041713873497,13.375676970608614,0.005934639104379635,0.12326385960058461
nominal|velocity|75.00|0.00|0.800,nominal,velocity,0.3045,8.913755708710433,10.25697645903373,2.30352659494154,13.383605757299735,0.005950248675348768,0.12459621100367732
nominal|velocity|75.00|0.00|0.800,nominal,velocity,0.3085,9.033587515586877,10.263812099445461,2.3017459355961947,13.391484233121144,0.005964150898332687,0.1259275520317772
nominal|velocity|75.00|0.00|0.800,nominal,velocity,0.3125,9.15342168935632,10.270655531904984,2.2999622010549228,13.399312187372695,0.0059763434406695515,0.12725788094481227
nominal|velocity|75.00|0.00|0.800,nominal,velocity,0.3165,9.273258231724911,10.277506664113085,2.2981753989957703,13.407089409474175,0.005986823977392752,0.12858719600714383
nominal|velocity|75.00|0.00|0.800,nominal,velocity,0.3205,9.393097144356222,10.284365403606364,2.2963855370710173,13.414815688971004,0.005995590191244793,0.12991549548755332
nominal|velocity|75.00|0.00|0.800,nominal,velocity,0.3245,9.512938428871136,10.291231657758777,2.294592622908359,13.422490815547375,0.0060026397728576986,0.1312427776592271
nominal|velocity|75.00|0.00|0.800,nominal,velocity,0.3285,9.63278208684773,10.298105333783845,2.2927966641080366,13.43011457901817,0.006007970420704445,0.13256904079974946
nominal|velocity|75.00|0.00|0.800,nominal,velocity,0.3325,9.752628119821164,10.304986338736708,2.29099766824716,13.437686769357644,0.006011579841300185,0.1338942831910741
nominal|velocity|75.00|0.00|0.800,nominal,velocity,0.3365,9.872476529283562,10.311874579516104,2.2891956428756655,13.445207176685367,0.00601346574920919,0.1352185031195256
nominal|velocity|75.00|0.00|0.800,nominal,velocity,0.3405,9.992327316683909,10.318769962866025,2.2873905955194673,13.452675591290202,0.006013625867141992,0.13654169887577497
nominal|velocity|75.00|0.00|0.800,nominal,velocity,0.3445,10.112180483427927,10.325672395379241,2.285582533678587,13.460091803625502,0.0060120579261011,0.13786386875483045
nominal|velocity|75.00|0.00|0.800,nominal,velocity,0.3485,10.232036030877978,10.33258178349692,2.28377146482843,13.467455604324613,0.006008759665304675,0.13918501105602307
nominal|velocity|75.00|0.00|0.800,nominal,velocity,0.3525,10.351893960352953,10.339498033513037,2.281957396419246,13.474766784203382,0.006003728832415511,0.1405051240829888
nominal|velocity|75.00|0.00|0.800,nominal,velocity,0.3565,10.471754273128145,10.346421051575073,2.280140335876661,13.482025134268397,0.005996963183575732,0.14182420614365987
nominal|velocity|75.00|0.00|0.800,nominal,velocity,0.3605,10.591616970435147,10.353350743687233,2.2783202906012967,13.489230445725557,0.005988460483462299,0.14314225555024698
nominal|velocity|75.00|0.00|0.800,nominal,velocity,0.3645,10.711482053461753,10.360287015711235,2.2764972679688333,13.496382509984134,0.005978218505398036,0.14445927061923072
nominal|velocity|75.00|0.00|0.800,nominal,velocity,0.3685,10.83134952335184,10.367229773369248,2.274671275331214,13.503481118670088,0.005966235031421019,0.14577524967134017
nominal|velocity|75.00|0.00|0.800,nominal,velocity,0.3725,10.951219381205277,10.37417892224632,2.2728423200151897,13.51052606362581,0.005952507852333144,0.1470901910315465
nominal|velocity|75.00|0.00|0.800,nominal,velocity,0.3765,11.071091628077783,10.381134367791773,2.2710104093235546,13.517517136923868,0.005937034767873606,0.14840409302904464
nominal|velocity|75.00|0.00|0.800,nominal,velocity,0.3805,11.190966264980869,10.38809601532179,2.2691755505345688,13.524454130869138,0.005919813586684197,0.14971695399724286
nominal|velocity|75.00|0.00|0.800,nominal,velocity,0.3845,11.310843292881698,10.395063770021913,2.267337750902236,13.531336838009455,0.00590084212645503,0.15102877227374858
nominal|velocity|75.00|0.00|0.800,nominal,velocity,0.3885,11.430722712702993,10.402037536948551,2.2654970176572453,13.538165051144723,0.005880118214007801,0.1523395462003503
nominal|velocity|75.00|0.00|0.800,nominal,velocity,0.3925,11.550604525322933,10.409017221031291,2.263653358005801,13.544938563329074,0.0058576396853374235,0.1536492741230112
nominal|velocity|75.00|0.00|0.800,nominal,velocity,0.3965,11.670488731575047,10.41600272707602,2.261806779130358,13.551657167879918,0.005833404385750807,0.15495795439185223
nominal|velocity|75.00|0.00|0.800,nominal,velocity,0.4005,11.790375332248113,10.42299395976617,2.259957288189481,13.558320658387238,0.005807410169866856,0.15626558536114163
nominal|velocity|75.00|0.00|0.800,nominal,velocity,0.4045,11.910264328086056,10.429990823664642,2.2581048923189924,13.564928828722692,0.005779654901796882,0.15757216538927443
nominal|velocity|75.00|0.00|0.800,nominal,velocity,0.4085,12.030155719787865,10.436993223217444,2.2562495986305056,13.571481473040961,0.005750136455109911,0.15887769283876996
nominal|velocity|75.00|0.00|0.800,nominal,velocity,0.4125,12.150049508007461,10.444001062754928,2.2543914142126886,13.577978385791535,0.005718852713068601,0.16018216607624705
nominal|velocity|75.00|0.00|0.800,nominal,velocity,0.4165,12.269945693353625,10.451014246494807,2.252530346130704,13.584419361725974,0.0056858015684765895,0.1614855834724266
nominal|velocity|75.00|0.00|0.800,nominal,velocity,0.4205,12.389844276389875,10.458032678542924,2.2506664014269946,13.590804195902656,0.005650980924032378,0.16278794340209868
nominal|velocity|75.00|0.00|0.800,nominal,velocity,0.4245,12.50974525763441,10.465056262897159,2.248799587120988,13.597132683698174,0.005614388692190553,0.1640892442441283
nominal|velocity|75.00|0.00|0.800,nominal,velocity,0.4285,12.629648637559969,10.472084903449382,2.246929910209604,13.603404620812356,0.005576022795356073,0.16538948438142972
nominal|velocity|75.00|0.00|0.800,nominal,velocity,0.4325,12.749554416593748,10.479118503987342,2.2450573776664027,13.60961980327478,0.005535881165925904,0.16668866220096337
nominal|velocity|75.00|0.00|0.800,nominal,velocity,0.4365,12.869462595117321,10.486156968197307,2.2431819964431634,13.615778027455331,0.005493961746379228,0.16798677609371432
nominal|velocity|75.00|0.00|0.800,nominal,velocity,0.4405,12.989373173466543,10.49320019966607,2.241303773468899,13.621879090068672,0.00545026248937458,0.16928382445468673
nominal|velocity|75.00|0.00|0.800,nominal,velocity,0.4445,13.10928615193143,10.50024810188333,2.239422715650584,13.627922788184282,0.005404781357770672,0.1705798056828878
nominal|velocity|75.00|0.00|0.800,nominal,velocity,0.4485,13.229201530756104,10.507300578245003,2.2375388298729724,13.63390891923064,0.005357516324779044,0.1718747181813164
nominal|velocity|75.00|0.00|0.800,nominal,velocity,0.4525,13.349119310138681,10.514357532054635,2.2356521229993156,13.639837281009335,0.005308465373984883,0.1731685603569501
nominal|velocity|75.00|0.00|0.800,nominal,velocity,0.4565,13.469039490231172,10.521418866525213,2.23376260187023,13.645707671691284,0.005257626499451107,0.17446133062073327
nominal|velocity|75.00|0.00|0.800,nominal,velocity,0.4605,13.588962071139397,10.528484484783437,2.2318702733058084,13.65151988983757,0.005204997705864078,0.17575302738756596
nominal|velocity|75.00|0.00|0.800,nominal,velocity,0.4645,13.708887052922941,10.53555428987047,2.2299751441039053,13.65727373439745,0.00515057700845728,0.1770436490762922
nominal|velocity|75.00|0.00|0.800,nominal,velocity,0.4685,13.828814435594992,10.542628184745091,2.228077221040925,13.66296900471777,0.005094362433240296,0.17833319410968482
nominal|velocity|75.00|0.00|0.800,nominal,velocity,0.4725,13.948744219122318,10.549706072285833,2.226176510872914,13.668605500554644,0.005036352016977996,0.1796216609144352
nominal|velocity|75.00|0.00|0.800,nominal,velocity,0.4765,14.068676403425137,10.556787855293704,2.2242730203341177,13.674183022075974,0.004976543807343192,0.18090904792114443
nominal|velocity|75.00|0.00|0.800,nominal,velocity,0.4805,14.188610988377041,10.563873436494749,2.2223667561388467,13.679701369873843,0.004914935862986025,0.18219535356430447
nominal|velocity|75.00|0.00|0.800,nominal,velocity,0.4845,14.308547973804925,10.570962718541452,2.220457724979417,13.685160344963652,0.004851526253520089,0.18348057628229728
nominal|velocity|75.00|0.00|0.800,nominal,velocity,0.4885,14.42848735948891,10.578055604016983,2.218545933529525,13.690559748806198,0.004786313059758351,0.18476471451736962
nominal|velocity|75.00|0.00|0.800,nominal,velocity,0.4925,14.54842914516224,10.585151995435444,2.21663138844066,13.695899383297476,0.004719294373616012,0.18604776671563694
nominal|velocity|75.00|0.00|0.800,nominal,velocity,0.4965,14.668373330511189,10.59225179524737,2.2147140963450878,13.7011790507898,0.004650468298353361,0.18732973132705785
nominal|velocity|75.00|0.00|0.800,nominal,velocity,0.5005,14.788319915175043,10.599354905839025,2.2127940638553545,13.70639855409636,0.004579832948527207,0.1886106068054324
nominal|velocity|75.00|0.00|0.800,nominal,velocity,0.5045,14.908268898745943,10.606461229536565,2.210871297563576,13.711557696493296,0.0045073864501574135,0.18989039160838625
nominal|velocity|75.00|0.00|0.800,nominal,velocity,0.5085,15.028220280768853,10.613570668609048,2.2089458040424548,13.716656281733679,0.00443312694075465,0.1911690841973619
nominal|velocity|75.00|0.00|0.800,nominal,velocity,0.5125,15.148174060741455,10.620683125269592,2.2070175898456936,13.721694114053342,0.004357052569438358,0.1924466830376037
nominal|velocity|75.00|0.00|0.800,nominal,velocity,0.5165,15.26813023811411,10.627798501679305,2.2050866615065847,13.726670998173942,0.004279161496943684,0.1937231865981573
nominal|velocity|75.00|0.00|0.800,nominal,velocity,0.5205,15.388088812289752,10.634916699948148,2.203153025541005,13.731586739321216,0.00419945189578802,0.19499859335184244
nominal|velocity|75.00|0.00|0.800,nominal,velocity,0.5245,15.508049782623797,10.642037622139592,2.2012166884451627,13.736441143221992,0.00411792195031957,0.1962729017752562
nominal|velocity|75.00|0.00|0.800,nominal,velocity,0.5285,15.62801314842414,10.649161170271176,2.199277656695642,13.741234016111317,0.004034569856717352,0.19754611034876066
nominal|velocity|75.00|0.00|0.800,nominal,velocity,0.5325,15.747978908950994,10.6562872463182,2.1973359367520358,13.745965164753095,0.003949393823199365,0.19881821755646442
nominal|velocity|75.00|0.00|0.800,nominal,velocity,0.5365,15.867947063416887,10.663415752216459,2.1953915350546453,13.750634396433373,0.0038623920699809577,0.20008922188622022
nominal|velocity|75.00|0.00|0.800,nominal,velocity,0.5405,15.987917610986536,10.670546589864374,2.1934444580265473,13.755241518975794,0.0037735628294691126,0.20135912182960708
nominal|velocity|75.00|0.00|0.800,nominal,velocity,0.5445,16.107890550776826,10.677679661125275,2.1914947120721644,13.759786340745851,0.0036829043462346944,0.2026279158819323
nominal|velocity|75.00|0.00|0.800,nominal,velocity,0.5485,16.22786588185672,10.684814867830902,2.1895423035781167,13.764268670658923,0.003590414877123471,0.2038956025422098
nominal|velocity|75.00|0.00|0.800,nominal,velocity,0.5525,16.347843603247185,10.691952111783687,2.1875872389141686,13.768688318191153,0.0034960926913740753,0.2051621803131538
nominal|velocity|75.00|0.00|0.800,nominal,velocity,0.5565,16.46782371392114,10.699091294759002,2.185629524432638,13.773045093384159,0.003399936070659637,0.20642764770117009
nominal|velocity|75.00|0.00|0.800,nominal,velocity,0.5605,16.587806212803365,10.70623231850834,2.183669166468557,13.777338806850416,0.003301943309150235,0.2076920032163457
nominal|velocity|75.00|0.00|0.800,nominal,velocity,0.5645,16.707791098770493,10.713375084760967,2.1817061713394894,13.781569269783112,0.003202112713561467,0.20895524537244464
nominal|velocity|75.00|0.00|0.800,nominal,velocity,0.5685,16.827778370650858,10.72051949522844,2.179740545347872,13.785736293969938,0.0031004426033903743,0.21021737268688254
nominal|velocity|75.00|0.00|0.800,nominal,velocity,0.5725,16.947768027224534,10.72766545160558,2.177772294778526,13.78983969178827,0.0029969313107697237,0.21147838368073577
nominal|velocity|75.00|0.00|0.800,nominal,velocity,0.5765,17.067760067223176,10.734812855573571,2.1758014259002993,13.793879276222588,0.0028915771806969914,0.212738276878724
nominal|velocity|75.00|0.00|0.800,nominal,velocity,0.5805,17.187754489330057,10.741961608803551,2.1738279449659297,13.797854860867368,0.0027843785710482405,0.2139970508092002
nominal|velocity|75.00|0.00|0.800,nominal,velocity,0.5845,17.307751292179923,10.749111612958073,2.171851858212528,13.80176625993645,0.0026753338526752657,0.21525470400414315
nominal|velocity|75.00|0.00|0.800,nominal,velocity,0.5885,17.42775047435898,10.756262769694056,2.1698731718618203,13.805613288271577,0.002564441409433349,0.21651123499914665
nominal|velocity|75.00|0.00|0.800,nominal,velocity,0.5925,17.547752034404827,10.763414980666598,2.1678918921196373,13.809395761345371,0.002451699638354732,0.21776664233341475
nominal|velocity|75.00|0.00|0.800,nominal,velocity,0.5965,17.667755970806397,10.770568147529973,2.1659080251780507,13.813113495278277,0.0023371069496833097,0.21902092454974656
nominal|velocity|75.00|0.00|0.800,nominal,velocity,0.6005,17.78776228200393,10.77772217194206,2.1639215772120526,13.816766306829987,0.0022206617668329987,0.22027408019454076
nominal|velocity|75.00|0.00|0.800,nominal,velocity,0.6045,17.907770966388888,10.78487695556575,2.161932554383879,13.820354013428542,0.0021023625266305968,0.22152610781777285
nominal|velocity|75.00|0.00|0.800,nominal,velocity,0.6085,18.02778202230392,10.792032400072452,2.159940962840143,13.823876433156084,0.0019822076792741505,0.2227770059729908
nominal|velocity|75.00|0.00|0.800,nominal,velocity,0.6125,18.147795448042764,10.799188407144724,2.157946808714662,13.82733338477545,0.0018601956885272442,0.22402677321730868
nominal|velocity|75.00|0.00|0.800,nominal,velocity,0.6165,18.26781124185026,10.806344878478987,2.155950098126268,13.830724687723436,0.001736325031677366,0.22527540811140248
nominal|velocity|75.00|0.00|0.800,nominal,velocity,0.6205,18.387829401922293,10.813501715787718,2.153950837179654,13.834050162122024,0.001610594199633053,0.22652290921949944
nominal|velocity|75.00|0.00|0.800,nominal,velocity,0.6245,18.507849926405715,10.820658820803489,2.1519490319675003,13.8373096287951,0.0014830016970487914,0.22776927510936304
nominal|velocity|75.00|0.00|0.800,nominal,velocity,0.6285,18.627872813398344,10.827816095280646,2.149944688567804,13.84050290926014,0.0013535460422695045,0.22901450435229856
nominal|velocity|75.00|0.00|0.800,nominal,velocity,0.6325,18.747898060948835,10.834973440998318,2.1479378130469335,13.843629825751087,0.0012222257676219872,0.23025859552313194
nominal|velocity|75.00|0.00|0.800,nominal,velocity,0.6365,18.867925667056728,10.842130759763599,2.1459284114575925,13.846690201213349,0.0010890394192691888,0.23150154720021307
nominal|velocity|75.00|0.00|0.800,nominal,velocity,0.6405,18.98795562967234,10.84928795341496,2.143916489840901,13.849683859322528,0.0009539855574530742,0.23274335796540374
nominal|velocity|75.00|0.00|0.800,nominal,velocity,0.6445,19.10798794669678,10.856444923822595,2.1419020542247402,13.85261062447953,0.0008170627564182964,0.23398402640407354
nominal|velocity|75.00|0.00|0.800,nominal,velocity,0.6485,19.22802261598186,10.86360157289426,2.1398851106254333,13.855470321827752,0.0006782696045995462,0.2352235511050909
nominal|velocity|75.00|0.00|0.800,nominal,velocity,0.6525,19.348059635330095,10.870757802576255,2.137865665048353,13.858262777260151,0.0005376047046423693,0.23646193066081214
nominal|velocity|75.00|0.00|0.800,nominal,velocity,0.6565,19.468099002494625,10.87791351485677,2.1358437234862064,13.860987817418472,0.0003950666734447994,0.23769916366708613
nominal|velocity|75.00|0.00|0.800,nominal,velocity,0.6605,19.5881407151792,10.885068611768437,2.1338192919214567,13.86364526971002,0.0002506541423238917,0.23893524872323288
nominal|velocity|75.00|0.00|0.800,nominal,velocity,0.6645,19.70818477103815,10.89222299539247,2.1317923763253526,13.866234962309784,0.00010436575696715081,0.24017018443205174
nominal|velocity|75.00|0.00|0.800,nominal,velocity,0.6685,19.82823116767635,10.899376567859278,2.1297629826588964,13.86875672417029,4.379982240093623e-05,0.2414039693998036
nominal|velocity|75.00|0.00|0.800,nominal,velocity,0.6725,19.948279902649166,10.906529231353398,2.127731116871639,13.87121038502388,0.00019384392101889916,0.24263660223621483
nominal|velocity|75.00|0.00|0.800,nominal,velocity,0.6765,20.068330973462437,10.91368088811507,2.1256967849044512,13.873595775400357,0.000345767849421752,0.24386808155446252
nominal|velocity|75.00|0.00|0.800,nominal,velocity,0.6805,20.188384377572458,10.920831440444081,2.1236599926873327,13.875912726623294,0.0004995729035173202,0.24509840597117438
nominal|velocity|75.00|0.00|0.800,nominal,velocity,0.6845,20.308440112385934,10.927980790701378,2.121620746141565,13.878161070823959,0.0006552603643572574,0.2463275741064192
nominal|velocity|75.00|0.00|0.800,nominal,velocity,0.6885,20.42849817525996,10.93512884131383,2.11957905117815,13.880340640946258,0.0008128314982064344,0.24755558458370777
nominal|velocity|75.00|0.00|0.800,nominal,velocity,0.6925,20.548558563501974,10.942275494775076,2.117534913700436,13.882451270756249,0.000972287556341711,0.24878243602997788
nominal|velocity|75.00|0.00|0.800,nominal,velocity,0.6965,20.66862127436977,10.949420653649753,2.1154883396014235,13.884492794843855,0.0011336297751282642,0.25000812707560194
nominal|velocity|75.00|0.00|0.800,nominal,velocity,0.7005,20.788686305071444,10.956564220576022,2.1134393347671403,13.886465048637444,0.0012968593758461155,0.2512326563543672
nominal|velocity|75.00|0.00|0.800,nominal,velocity,0.7045,20.908753652765412,10.96370609826845,2.1113879050743947,13.888367868406046,0.0014619775646693145,0.25245602250348415
nominal|velocity|75.00|0.00|0.800,nominal,velocity,0.7085,21.028823314560274,10.970846189520891,2.1093340563935787,13.890201091272122,0.0016289855325202218,0.2536782241635697
nominal|velocity|75.00|0.00|0.800,nominal,velocity,0.7125,21.148895287514957,10.977984397209525,2.1072777945856007,13.891964555207306,0.0017978844551805317,0.2548992599786567
nominal|velocity|75.00|0.00|0.800,nominal,velocity,0.7165,21.268969568638582,10.9851206242962,2.1052191255059953,13.893658099055905,0.0019686754930067774,0.2561191285961746
nominal|velocity|75.00|0.00|0.800,nominal,velocity,0.7205,21.389046154890472,10.992254773830123,2.103158055002271,13.895281562526923,0.0021413597909997195,0.25733782866695715
nominal|velocity|75.00|0.00|0.800,nominal,velocity,0.7245,21.509125043180163,10.999386748952126,2.1010945889148056,13.896834786208213,0.0023159384786933246,0.2585553588452359
nominal|velocity|75.00|0.00|0.800,nominal,velocity,0.7285,21.62920623036736,11.006516452896768,2.0990287330787574,13.898317611576626,0.0024924126701408866,0.25977171778863034
nominal|velocity|75.00|0.00|0.800,nominal,velocity,0.7325,21.749289713261945,11.013643788996045,2.0969604933224306,13.899729880999509,0.002670783463755433,0.2609869041581472
nominal|velocity|75.00|0.00|0.800,nominal,velocity,0.7365,21.86937548862393,11.020768660681552,2.0948898754686893,13.901071437743594,0.0028510519423305403,0.2622009166181799
nominal|velocity|75.00|0.00|0.800,nominal,velocity,0.7405,21.989463553163482,11.027890971487844,2.0928168853352775,13.902342125985598,0.003033219172894619,0.263413753836501
nominal|velocity|75.00|0.00|0.800,nominal,velocity,0.7445,22.109553903540903,11.035010625055309,2.090741528733289,13.90354179080762,0.0032172862067594843,0.2646254144842669
nominal|velocity|75.00|0.00|0.800,nominal,velocity,0.7485,22.229646536366623,11.042127525133228,2.088663811470503,13.904670278221278,0.0034032540793677013,0.2658358972360022
nominal|velocity|75.00|0.00|0.800,nominal,velocity,0.7525,22.34974144820118,11.049241575582922,2.0865837393499813,13.905727435164984,0.003591123810209318,0.26704520076960336
nominal|velocity|75.00|0.00|0.800,nominal,velocity,0.7565,22.469838635555227,11.056352680380009,2.084501318169606,13.9067131095068,0.0037808964028704373,0.268253323766343
nominal|velocity|75.00|0.00|0.800,nominal,velocity,0.7605,22.589938094889533,11.063460743618275,2.0824165537240833,13.907627150061797,0.003972572844852806,0.26946026491085523
nominal|velocity|75.00|0.00|0.800,nominal,velocity,0.7645,22.710039822614966,11.070565669511998,2.080329451804413,13.908469406591653,0.004166154107566877,0.2706660228911384
nominal|velocity|75.00|0.00|0.800,nominal,velocity,0.7685,22.830143815092494,11.07766736239969,2.0782400181979934,13.909239729813077,0.0043616411462485405,0.27187059639855554
nominal|velocity|75.00|0.00|0.800,nominal,velocity,0.7725,22.950250068633213,11.084765726745239,2.07614825868929,13.909937971405636,0.0045590348999660635,0.2730739841278285
nominal|velocity|75.00|0.00|0.800,nominal,velocity,0.7765,23.07035857949829,11.091860667144696,2.074054179060485,13.910563984021117,0.004758336291425802,0.2742761847770366
nominal|velocity|75.00|0.00|0.800,nominal,velocity,0.7805,23.190469343899014,11.098952088324527,2.0719577850912,13.911117621284546,0.004959546226999956,0.2754771970476166
nominal|velocity|75.00|0.00|0.800,nominal,velocity,0.7845,23.310582357996797,11.10603989514805,2.069859082558904,13.911598737805058,0.005162665596719629,0.2766770196443631
nominal|velocity|75.00|0.00|0.800,nominal,velocity,0.7885,23.430697617903153,11.11312399261725,2.067758077239911,13.912007189183193,0.005367695274052786,0.2778756512754182
nominal|velocity|75.00|0.00|0.800,nominal,velocity,0.7925,23.550815119679744,11.120204285875337,2.0656547749078413,13.91234283201106,0.005574636116008336,0.2790730906522853
nominal|velocity|75.00|0.00|0.800,nominal,velocity,0.7965,23.670934859338352,11.127280680211094,2.063549181336829,13.912605523890196,0.005783488962983474,0.2802693364898111
nominal|velocity|75.00|0.00|0.800,nominal,velocity,0.8005,23.79105683284091,11.134353081060604,2.0614413022994307,13.912795123428536,0.005994254638728991,0.28146438750619984
nominal|velocity|75.00|0.00|0.800,nominal,velocity,0.8045,23.911181036099507,11.141421394010376,2.059331143568285,13.912911490255656,0.00620693395027988,0.28265824242300236
nominal|velocity|75.00|0.00|0.800,nominal,velocity,0.8085,24.031307464976386,11.148485524801723,2.0572187109156648,13.912954485017853,0.0064215276879067695,0.2838508999651192
nominal|velocity|75.00|0.00|0.800,nominal,velocity,0.8125,24.15143611528397,11.155545379331912,2.055104010113929,13.912923969394638,0.006638036625074284,0.2850423588608041
nominal|velocity|75.00|0.00|0.800,nominal,velocity,0.8165,24.271566982784904,11.162600863658666,2.052987046937049,13.912819806105016,0.006856461518330026,0.2862326178416573
nominal|velocity|75.00|0.00|0.800,nominal,velocity,0.8205,24.391700063192022,11.16965188400239,2.050867827158918,13.912641858906712,0.0070768031073045745,0.2874216756426294
nominal|velocity|75.00|0.00|0.800,nominal,velocity,0.8245,24.51183535216843,11.176698346749165,2.0487463565553408,13.912389992610535,0.007299062114655974,0.28860953100202424
nominal|velocity|75.00|0.00|0.800,nominal,velocity,0.8285,24.631972845327446,11.1837401584543,2.0466226409029717,13.912064073079655,0.007523239245951774,0.28979618266149515
nominal|velocity|75.00|0.00|0.800,nominal,velocity,0.8325,24.752112538232684,11.19077722584551,2.0444966859819553,13.911663967246263,0.00774933518964821,0.29098162936604166
nominal|velocity|75.00|0.00|0.800,nominal,velocity,0.8365,24.872254426398033,11.19780945582451,2.0423684975734204,13.911189543105525,0.00797735061706245,0.29216586986402204
nominal|velocity|75.00|0.00|0.800,nominal,velocity,0.8405,24.99239850528774,11.20483675547205,2.0402380814621437,13.910640669733155,0.008207286182275453,0.29334890290714655
nominal|velocity|75.00|0.00|0.800,nominal,velocity,0.8445,25.112544770316383,11.211859032049471,2.0381054434347363,13.910017217281027,0.008439142522138898,0.2945307272504808
nominal|velocity|75.00|0.00|0.800,nominal,velocity,0.8485,25.23269321684891,11.218876193002204,2.0359705892828073,13.9093190569971,0.008672920256094785,0.29571134165244156
nominal|velocity|75.00|0.00|0.800,nominal,velocity,0.8525,25.352843840200663,11.225888145963532,2.0338335248006163,13.908546061217137,0.008908619986258692,0.29689074487480965
nominal|velocity|75.00|0.00|0.800,nominal,velocity,0.8565,25.472996635637433,11.23289479875631,2.031694255786914,13.907698103382323,0.009146242297287943,0.2980689356827237
nominal|velocity|75.00|0.00|0.800,nominal,velocity,0.8605,25.593151598375478,11.239896059397084,2.029552788044731,13.906775058039132,0.009385787756367725,0.29924591284468344
nominal|velocity|75.00|0.00|0.800,nominal,velocity,0.8645,25.713308723581555,11.246891836097708,2.0274091273820565,13.905776800847981,0.00962725691315558,0.30042167513255297
nominal|velocity|75.00|0.00|0.800,nominal,velocity,0.8685,25.83346800637292,11.253882037271206,2.0252632796124956,13.904703208587284,0.009870650299649564,0.3015962213215602
nominal|velocity|75.00|0.00|0.800,nominal,velocity,0.8725,25.953629441817444,11.260866571531318,2.0231152505540364,13.903554159162809,0.010115968430264577,0.3027695501903109
nominal|velocity|75.00|0.00|0.800,nominal,velocity,0.8765,26.073793024933575,11.267845347698188,2.020965046031637,13.902329531611436,0.010363211801693584,0.3039416605207743
nominal|velocity|75.00|0.00|0.800,nominal,velocity,0.8805,26.193958750690424,11.274818274800124,2.018812671876327,13.901029206111609,0.010612380892900675,0.30511255109829544
nominal|velocity|75.00|0.00|0.800,nominal,velocity,0.8845,26.314126614007765,11.281785262076884,2.0166581339254592,13.899653063977894,0.010863476165044739,0.30628222071160144
nominal|velocity|75.00|0.00|0.800,nominal,velocity,0.8885,26.434296609756114,11.288746218983265,2.014501438023793,13.898200987681548,0.011116498061403135,0.30745066815279765
nominal|velocity|75.00|0.00|0.800,nominal,velocity,0.8925,26.55446873275676,11.295701055191348,2.0123425900231857,13.896672860847787,0.011371447007406388,0.30861789221737984
nominal|velocity|75.00|0.00|0.800,nominal,velocity,0.8965,26.67464297778182,11.302649680593527,2.0101815957831626,13.895068568262083,0.011628323410541042,0.30978389170423015
nominal|velocity|75.00|0.00|0.800,nominal,velocity,0.9005,26.79481933955422,11.309592005307056,2.008018461171856,13.893387995880651,0.011887127660224761,0.31094866541562155
nominal|velocity|75.00|0.00|0.800,nominal,velocity,0.9045,26.91499781274786,11.31652793967463,2.005853192065211,13.891631030828911,0.012147860127924293,0.3121122121572305
nominal|velocity|75.00|0.00|0.800,nominal,velocity,0.9085,27.035178391987582,11.323457394269647,2.003685794348544,13.889797561415723,0.012410521166968114,0.3132745307381297
nominal|velocity|75.00|0.00|0.800,nominal,velocity,0.9125,27.155361071849203,11.330380279897968,2.0015162739159953,13.88788747713156,0.012675111112546433,0.314435619970802
nominal|velocity|75.00|0.00|0.800,nominal,velocity,0.9165,27.27554584685965,11.337296507601465,1.9993446366718066,13.885900668661856,0.012941630281697314,0.31559547867114257
nominal|velocity|75.00|0.00|0.800,nominal,velocity,0.9205,27.395732711496944,11.34420598866126,1.9971708885302943,13.883837027884086,0.013210078973223405,0.3167541056584604
nominal|velocity|75.00|0.00|0.800,nominal,velocity,0.9245,27.51592166019026,11.351108634599814,1.9949950354153,13.881696447880564,0.013480457467608675,0.3179114997554885
nominal|velocity|75.00|0.00|0.800,nominal,velocity,0.9285,27.63611268732003,11.358004357184756,1.9928170832622325,13.87947882293967,0.013752766027087804,0.3190676597883894
nominal|velocity|75.00|0.00|0.800,nominal,velocity,0.9325,27.75630578721797,11.364893068432588,1.9906370380175769,13.877184048566505,0.014027004895465767,0.32022258458675557
nominal|velocity|75.00|0.00|0.800,nominal,velocity,0.9365,27.87650095416713,11.37177468060973,1.9884549056388972,13.874812021478945,0.014303174298187227,0.32137627298362126
nominal|velocity|75.00|0.00|0.800,nominal,velocity,0.9405,27.996698182401992,11.378649106237054,1.9862706920956934,13.872362639623116,0.01458127444223939,0.3225287238154659
nominal|velocity|75.00|0.00|0.800,nominal,velocity,0.9445,28.116897466108483,11.385516258093402,1.9840844033709355,13.869835802178795,0.014861305516089551,0.32367993592221844
nominal|velocity|75.00|0.00|0.800,nominal,velocity,0.9485,28.23709879942409,11.39237604921663,1.9818960454581098,13.867231409548541,0.015143267689692042,0.32482990814727
nominal|velocity|75.00|0.00|0.800,nominal,velocity,0.9525,28.357302176437887,11.39922839290866,1.9797056243657785,13.864549363388717,0.01542716111441883,0.32597863933747373
nominal|velocity|75.00|0.00|0.800,nominal,velocity,0.9565,28.47750759119063,11.406073202736641,1.9775131461147968,13.861789566592307,0.015712985923031775,0.3271261283431577
nominal|velocity|75.00|0.00|0.800,nominal,velocity,0.9605,28.597715037674806,11.412910392538137,1.9753186167408396,13.858951923309444,0.01600074222962017,0.3282723740181257
nominal|velocity|75.00|0.00|0.800,nominal,velocity,0.9645,28.71792450983471,11.41973987642244,1.973122042292387,13.856036338939353,0.016290430129586864,0.329417375219673
nominal|velocity|75.00|0.00|0.800,nominal,velocity,0.9685,28.83813600156652,11.426561568774005,1.970923428834283,13.853042720151283,0.0165820496995997,0.33056113080858607
nominal|velocity|75.00|0.00|0.800,nominal,velocity,0.9725,28.958349506718374,11.433375384255537,1.9687227824451967,13.849970974873633,0.016875600997508233,0.3317036396491555
nominal|velocity|75.00|0.00|0.800,nominal,velocity,0.9765,29.078565019090444,11.440181237811231,1.9665201092192908,13.846821012307899,0.017171084062406194,0.33284490060918015
nominal|velocity|75.00|0.00|0.800,nominal,velocity,0.9805,29.198782532434997,11.446979044669995,1.9643154152675664,13.843592742935616,0.017468498914471886,0.3339849125599823
nominal|velocity|75.00|0.00|0.800,nominal,velocity,0.9845,29.31900204045649,11.453768720346964,1.9621087067160936,13.840286078516261,0.017767845555023698,0.3351236743764064
nominal|velocity|75.00|0.00|0.800,nominal,velocity,0.9885,29.439223536811678,11.460550180648523,1.9598999897076905,13.836900932093892,0.018069123966478473,0.33626118493683993
nominal|velocity|75.00|0.00|0.800,nominal,velocity,0.9925,29.559447015109626,11.467323341673644,1.9576892704031548,13.833437218010676,0.018372334112219668,0.3373974431232054
nominal|velocity|75.00|0.00|0.800,nominal,velocity,0.9965,29.67967246891183,11.474088119818706,1.9554765549795892,13.829894851898569,0.018677475936659804,0.33853244782098846
nominal|velocity|75.00|0.00|0.800,nominal,velocity,1.0005,29.79989989173229,11.480844431777903,1.9532618496326875,13.826273750692947,0.018984549365184955,0.3396661979192319
nominal|velocity|75.00|0.00|0.800,nominal,velocity,1.0045,29.92012927703764,11.487592194549007,1.9510451605760992,13.822573832635248,0.019293554304092297,0.34079869231055765
nominal|velocity|75.00|0.00|0.800,nominal,velocity,1.0085,30.040360618247185,11.494331325434153,1.9488264940420175,13.818795017275328,0.01960449064059705,0.3419299298911678
nominal|velocity|75.00|0.00|0.800,nominal,velocity,1.0125,30.16059390873299,11.501061742043856,1.9466058562819326,13.814937225479891,0.019917358242735328,0.3430599095608575
nominal|velocity|75.00|0.00|0.800,nominal,velocity,1.0165,30.280829141820018,11.507783362300076,1.944383253566451,13.811000379434393,0.02023215695939884,0.3441886302230284
nominal|velocity|75.00|0.00|0.800,nominal,velocity,1.0205,30.4010663107862,11.514496104438768,1.9421586921862322,13.806984402647608,0.020548886620307127,0.3453160907846922
nominal|velocity|75.00|0.00|0.800,nominal,velocity,1.0245,30.52130540886246,11.521199887012996,1.9399321784519852,13.80288921995701,0.02086754703588961,0.3464422901564885
nominal|velocity|75.00|0.00|0.800,nominal,velocity,1.0285,30.64154642923291,11.527894628895721,1.93770371869572,13.79871475753418,0.02118813799729946,0.3475672272526885
nominal|velocity|75.00|0.00|0.800,nominal,velocity,1.0325,30.761789365034904,11.534580249283156,1.935473319269693,13.794460942888277,0.02151065927642748,0.3486909009912174
nominal|velocity|75.00|0.00|0.800,nominal,velocity,1.0365,30.882034209359123,11.541256667697418,1.9332409865482558,13.790127704866931,0.02183511062582577,0.3498133102936528
nominal|velocity|75.00|0.00|0.800,nominal,velocity,1.0405,31.002280955249713,11.547923803989153,1.9310067269275086,13.78571497366952,0.022161491778679987,0.3509344540852465
nominal|velocity|75.00|0.00|0.800,nominal,velocity,1.0445,31.12252959570434,11.554581578341294,1.9287705468257619,13.7812226808392,0.02248980244878851,0.3520543312949269
nominal|velocity|75.00|0.00|0.800,nominal,velocity,1.0485,31.242780123674315,11.56122991127189,1.9265324526841536,13.776650759277842,0.022820042330520818,0.3531729408553246
nominal|velocity|75.00|0.00|0.800,nominal,velocity,1.0525,31.363032532064732,11.567868723635279,1.924292450966362,13.771999143241555,0.023152211098845243,0.3542902817027715
nominal|velocity|75.00|0.00|0.800,nominal,velocity,1.0565,31.48328681373452,11.574497936627683,1.9220505481608625,13.767267768354685,0.02348630840920407,0.35540635277731875
nominal|velocity|75.00|0.00|0.800,nominal,velocity,1.0605,31.603542961496558,11.58111747178821,1.919806750778787,13.762456571602804,0.023822333897582926,0.35652115302275084
nominal|velocity|75.00|0.00|0.800,nominal,velocity,1.0645,31.72380096811777,11.587727251002597,1.917561065356732,13.757565491345087,0.024160287180392814,0.3576346813865946
nominal|velocity|75.00|0.00|0.800,nominal,velocity,1.0685,31.844060826319335,11.594327196505564,1.915313498455602,13.752594467314534,0.024500167854567267,0.35874693682013836
nominal|velocity|75.00|0.00|0.800,nominal,velocity,1.0725,31.964322528776695,11.600917230884244,1.9130640566616794,13.747543440623259,0.024841975497402746,0.35985791827844
nominal|velocity|75.00|0.00|0.800,nominal,velocity,1.0765,32.084586068119634,11.607497277081197,1.9108127465863427,13.742412353761193,0.025185709666607214,0.3609676247203463
nominal|velocity|75.00|0.00|0.800,nominal,velocity,1.0805,32.20485143693255,11.614067258396286,1.908559574867715,13.737201150608648,0.02553136990028626,0.36207605510849794
nominal|velocity|75.00|0.00|0.800,nominal,velocity,1.0845,32.32511862775443,11.620627098490157,1.9063045481699785,13.731909776432962,0.025878955716887586,0.3631832084093533
nominal|velocity|75.00|0.00|0.800,nominal,velocity,1.0885,32.445387633079044,11.627176721387217,1.9040476731843397,13.72653817789493,0.026228466615228763,0.364289083593197
nominal|velocity|75.00|0.00|0.800,nominal,velocity,1.0925,32.56565844535499,11.633716051479345,1.9017889566295614,13.721086303053589,0.026579902074344575,0.3653936796341559
nominal|velocity|75.00|0.00|0.800,nominal,velocity,1.0965,32.685931056985886,11.64024501352622,1.8995284052519235,13.71555410136573,0.026933261553653554,0.3664969955102165
nominal|velocity|75.00|0.00|0.800,nominal,velocity,1.1005,32.806205460330496,11.646763532660582,1.8972660258253715,13.709941523690532,0.027288544492791444,0.3675990302032377
nominal|velocity|75.00|0.00|0.800,nominal,velocity,1.1045,32.9264816477028,11.653271534389823,1.8950018251530205,13.70424852229792,0.027645750311673656,0.3686997826989649
nominal|velocity|75.00|0.00|0.800,nominal,velocity,1.1085,33.04675961137213,11.659768944599838,1.8927358100672425,13.698475050868009,0.028004878410418932,0.36979925198704505
nominal|velocity|75.00|0.00|0.800,nominal,velocity,1.1125,33.16703934356333,11.666255689556527,1.8904679874290193,13.692621064488684,0.028365928169349353,0.37089743706105044
nominal|velocity|75.00|0.00|0.800,nominal,velocity,1.1165,33.28732083645684,11.672731695909631,1.888198364130202,13.686686519673462,0.028728898948983395,0.3719943369184836
nominal|velocity|75.00|0.00|0.800,nominal,velocity,1.1205,33.4076040821889,11.679196890694792,1.8859269470915516,13.68067137434647,0.029093790090063687,0.37308995056080374
nominal|velocity|75.00|0.00|0.800,nominal,velocity,1.1245,33.52788907285157,11.685651201336935,1.8836537432659768,13.674575587862606,0.029460600913390478,0.37418427699343093
nominal|velocity|75.00|0.00|0.800,nominal,velocity,1.1285,33.64817580049297,11.692094555652861,1.8813787596364373,13.668399120998927,0.029829330719995106,0.37527731522577834
nominal|velocity|75.00|0.00|0.800,nominal,velocity,1.1325,33.768464257117394,11.698526881853505,1.8791020032172407,13.662141935958829,0.03019997879102898,0.37636906427125894
nominal|velocity|75.00|0.00|0.800,nominal,velocity,1.1365,33.888754434685374,11.704948108548036,1.8768234810563316,13.655803996385515,0.030572544387708067,0.37745952314729775
nominal|velocity|75.00|0.00|0.800,nominal,velocity,1.1405,34.00904632511383,11.711358164744846,1.8745432002324194,13.649385267351068,0.030947026751340645,0.3785486908753665
nominal|velocity|75.00|0.00|0.800,nominal,velocity,1.1445,34.12933992027633,11.71775697985557,1.8722611678572962,13.642885715366118,0.03132342510338282,0.3796365664809884
nominal|velocity|75.00|0.00|0.800,nominal,velocity,1.1485,34.24963521200309,11.724144483697557,1.86997739107647,13.636305308381203,0.031701738645306676,0.38072314899375537
nominal|velocity|75.00|0.00|0.800,nominal,velocity,1.1525,34.36993219208118,11.730520606495714,1.867691877068876,13.62964401579185,0.03208196655864887,0.3818084374473544
nominal|velocity|75.00|0.00|0.800,nominal,velocity,1.1565,34.49023085225465,11.736885278887124,1.8654046330474123,13.622901808439558,0.03246410800498978,0.3828924308795793
nominal|velocity|75.00|0.00|0.800,nominal,velocity,1.1605,34.61053118422468,11.743238431921892,1.8631156662597699,13.616078658610068,0.03284816212596048,0.38397512833235
nominal|velocity|75.00|0.00|0.800,nominal,velocity,1.1645,34.73083317964977,11.74957999706661,1.8608249839881674,13.609174540044279,0.03323412804324272,0.38505652885173675
nominal|velocity|75.00|0.00|0.800,nominal,velocity,1.1685,34.85113683014576,11.755909906206679,1.8585325935506036,13.60218942793159,0.03362200485846484,0.38613663148797234
nominal|velocity|75.00|0.00|0.800,nominal,velocity,1.1725,34.9714421272861,11.7622280916499,1.8562385023007346,13.595123298922534,0.03401179165327811,0.3872154352954776
nominal|velocity|75.00|0.00|0.800,nominal,velocity,1.1765,35.09174906260199,11.768534486128159,1.8539427176283405,13.58797613112199,0.03440348748934979,0.3882929393328736
nominal|velocity|75.00|0.00|0.800,nominal,velocity,1.1805,35.212057627582475,11.774829022800022,1.8516452469597926,13.580747904093155,0.03479709140836312,0.3893691426630088
nominal|velocity|75.00|0.00|0.800,nominal,velocity,1.1845,35.33236781367464,11.78111163525461,1.8493460977585923,13.57343859886673,0.035192602431941,0.3904440443529784
nominal|velocity|75.00|0.00|0.800,nominal,velocity,1.1885,35.4526796122837,11.787382257512911,1.847045277526649,13.566048197931934,0.03559001956164598,0.39151764347412904
nominal|velocity|75.00|0.00|0.800,nominal,velocity,1.1925,35.5729930147733,11.79364082403075,1.8447427938020091,13.558576685248099,0.0359893417790913,0.3925899391021156
nominal|velocity|75.00|0.00|0.800,nominal,velocity,1.1965,35.69330801246555,11.799887269702104,1.8424386541623408,13.551024046242217,0.036390568045809035,0.39366093031688304
nominal|velocity|75.00|0.00|0.800,nominal,velocity,1.2005,35.813624596641176,11.806121529860315,1.8401328662231546,13.543390267809166,0.03679369730329174,0.394730616202706
nominal|velocity|75.00|0.00|0.800,nominal,velocity,1.2045,35.93394275853973,11.812343540281647,1.8378254376407985,13.535675338321951,0.037198728472999376,0.39579899584820594
nominal|velocity|75.00|0.00|0.800,nominal,velocity,1.2085,36.05426248935972,11.818553237188668,1.8355163761095254,13.52787924761978,0.03760566045631075,0.3968660683463763
nominal|velocity|75.00|0.00|0.800,nominal,velocity,1.2125,36.17458378025884,11.824750557250397,1.8332056893647315,13.52000198702277,0.03801449213459984,0.39793183279460487
nominal|velocity|75.00|0.00|0.800,nominal,velocity,1.2165,36.294906622354056,11.830935437587415,1.8308933851819518,13.512043549328002,0.03842522236915252,0.3989962882946894
nominal|velocity|75.00|0.00|0.800,nominal,velocity,1.2205,36.41523100672182,11.837107815772642,1.828579471376803,13.504003928805654,0.038837850001222085,0.4000594339528675
nominal|velocity|75.00|0.00|0.800,nominal,velocity,1.2245,36.53555692439821,11.84326762983437,1.8262639558078921,13.49588312121672,0.03925237385199454,0.4011212688798267
nominal|velocity|75.00|0.00|0.800,nominal,velocity,1.2285,36.6558843663791,11.84941481826005,1.8239468463744182,13.487681123795806,0.03966879272259555,0.4021817921907432
nominal|velocity|75.00|0.00|0.800,nominal,velocity,1.2325,36.77621332362037,11.855549319995728,1.8216281510177776,13.4793979352619,0.040087105394118194,0.4032410030052934
nominal|velocity|75.00|0.00|0.800,nominal,velocity,1.2365,36.896543787038,11.861671074452062,1.8193078777224438,13.47103355582195,0.04050731062758134,0.4042989004476824
nominal|velocity|75.00|0.00|0.800,nominal,velocity,1.2405,37.01687574750831,11.867780021504533,1.816986034515821,13.462587987168002,0.04092940716393656,0.40535548364666396
nominal|velocity|75.00|0.00|0.800,nominal,velocity,1.2445,37.13720919586813,11.87387610149683,1.8146626294683454,13.45406123247703,0.0413533937241653,0.4064107517355667
nominal|velocity|75.00|0.00|0.800,nominal,velocity,1.2485,37.2575441229149,11.879959255242294,1.8123376706950884,13.445453296414424,0.04177926900910539,0.4074647038523136
nominal|velocity|75.00|0.00|0.800,nominal,velocity,1.2525,37.37788051940697,11.886029424027996,1.8100111663547516,13.4367641851387,0.04220703169961065,0.4085173391394539
nominal|velocity|75.00|0.00|0.800,nominal,velocity,1.2565,37.49821837606369,11.892086549615227,1.8076831246508334,13.42799390629186,0.0426366804564815,0.4095686567441845
nominal|velocity|75.00|0.00|0.800,nominal,velocity,1.2605,37.6185576835656,11.89813057424434,1.8053535538323084,13.419142469015652,0.043068213920492704,0.41061865581836693
nominal|velocity|75.00|0.00|0.800,nominal,velocity,1.2645,37.7388984325546,11.904161440634514,1.8030224621934534,13.410209883936673,0.0435016307123795,0.4116673355185616
nominal|velocity|75.00|0.00|0.800,nominal,velocity,1.2685,37.859240613634235,11.910179091987363,1.80068985807498,13.401196163180842,0.04393692943292088,0.41271469500604796
nominal|velocity|75.00|0.00|0.800,nominal,velocity,1.2725,37.97958421736967,11.916183471990005,1.7983557498633782,13.3921013203605,0.044374108662786904,0.4137607334468533
nominal|velocity|75.00|0.00|0.800,nominal,velocity,1.2765,38.09992923428812,11.92217452481571,1.7960201459923673,13.382925370588032,0.044813166962698325,0.4148054500117753
nominal|velocity|75.00|0.00|0.800,nominal,velocity,1.2805,38.22027565487887,11.928152195128503,1.7936830549426137,13.373668330467332,0.045254102873398816,0.4158488438764088
nominal|velocity|75.00|0.00|0.800,nominal,velocity,1.2845,38.3406234695935,11.934116428082659,1.7913444852427205,13.364330218101209,0.04569691491559946,0.4168909142211715
nominal|velocity|75.00|0.00|0.800,nominal,velocity,1.2885,38.46097266884609,11.940067169328413,1.7890044454694178,13.354911053085818,0.04614160159006897,0.41793166023132977
nominal|velocity|75.00|0.00|0.800,nominal,velocity,1.2925,38.58132324301342,11.946004365010573,1.7866629442479125,13.34541085651496,0.046588161377626724,0.4189710810970238
nominal|velocity|75.00|0.00|0.800,nominal,velocity,1.2965,38.70167518243514,11.951927961773292,1.78431999025197,13.335829650975995,0.047036592739115035,0.4200091760133008
nominal|velocity|75.00|0.00|0.800,nominal,velocity,1.3005,38.822028477413944,11.95783790676199,1.7819755922051015,13.32616746055694,0.04748689411543383,0.4210459441801351
nominal|velocity|75.00|0.00|0.800,nominal,velocity,1.3045,38.94238311821579,11.96373414762512,1.779629758880795,13.316424310844077,0.04793906392754066,0.4220813848024545
nominal|velocity|75.00|0.00|0.800,nominal,velocity,1.3085,39.06273909507014,11.969616632515887,1.777282499101957,13.306600228914213,0.04839310057655477,0.4231154970901743
nominal|velocity|75.00|0.00|0.800,nominal,velocity,1.3125,39.183096398170036,11.975485310096456,1.7749338217426958,13.29669524334928,0.04884900244359058,0.42414828025821777
nominal|velocity|75.00|0.00|0.800,nominal,velocity,1.3165,39.30345501767241,11.981340129537719,1.772583735727679,13.28670938422037,0.049306767889945036,0.42517973352655103
nominal|velocity|75.00|0.00|0.800,nominal,velocity,1.3205,39.42381494369822,11.987181040523314,1.7702322500339132,13.276642683105692,0.04976639525701432,0.42620985612020496
nominal|velocity|75.00|0.00|0.800,nominal,velocity,1.3245,39.54417616633269,11.993007993249932,1.767879373689142,13.266495173071462,0.05022788286636326,0.4272386472693053
nominal|velocity|75.00|0.00|0.800,nominal,velocity,1.3285,39.66453867562547,11.998820938432239,1.7655251157736507,13.256266888684799,0.05069122901972534,0.42826610620910416
nominal|velocity|75.00|0.00|0.800,nominal,velocity,1.3325,39.78490246159087,12.00461982730226,1.7631694854207092,13.24595786600911,0.05115643199896103,0.42929223218000334
nominal|velocity|75.00|0.00|0.800,nominal,velocity,1.3365,39.90526751420806,12.010404611612655,1.7608124918162977,13.235568142600728,0.05162349006623129,0.4303170244275886
nominal|force|75.00|0.00|0.800,nominal,force,0.0005,0.0046122730620340256,9.949688523640624,2.537809523624311,12.853308803060413,2.6022642030881773e-12,0.00033900911188235866
nominal|force|75.00|0.00|0.800,nominal,force,0.0045,0.009883886088512577,9.99011323894907,2.5873372952409377,13.002792620545916,0.00015579859424103004,0.0031202016085431425
nominal|force|75.00|0.00|0.800,nominal,force,0.0085,0.023324368536814914,9.988608578325259,2.574816329461869,12.985616746258188,0.0003319263468318234,0.005869318385247856
nominal|force|75.00|0.00|0.800,nominal,force,0.0125,0.044504038991046865,9.988351922403117,2.563867893210634,12.975784651460827,0.0005062479662421016,0.008541906478028062
nominal|force|75.00|0.00|0.800,nominal,force,0.0165,0.07294730621318603,9.988832830814749,2.5539320125105247,12.969634026688508,0.0006786436594630185,0.011126608161818846
nominal|force|75.00|0.00|0.800,nominal,force,0.0205,0.10814350355731628,9.989475669408451,2.5446534120936954,12.965031828989833,0.0008490031388475039,0.013624329209943437
nominal|force|75.00|0.00|0.800,nominal,force,0.0245,0.14959657794180922,9.990116318561363,2.5359012720205825,12.961310311984995,0.0010172091827256868,0.016039648395002996
nominal|force|75.00|0.00|0.800,nominal,force,0.0285,0.19683880602447187,9.990714494831952,2.527614523130025,12.958246087262996,0.0011831646855586797,0.01837790771929093
nominal|force|75.00|0.00|0.800,nominal,force,0.0325,0.24943315456622753,9.991263227337315,2.5197540392706093,12.955745443550652,0.0013467976182068853,0.020644378726527506
nominal|force|75.00|0.00|0.800,nominal,force,0.0365,0.3069724234062352,9.991764119811858,2.5122885416583,12.953753572059792,0.0015080592802724224,0.022844041479231983
nominal|force|75.00|0.00|0.800,nominal,force,0.0405,0.36907755550569865,9.99222072282034,2.5051903896284817,12.952228450786546,0.0016669209613393021,0.02498154067338191
nominal|force|75.00|0.00|0.800,nominal,force,0.0445,0.4353958028149642,9.99263679117388,2.4984342628263456,12.951133282463545,0.0018233705340528483,0.027061191810394392
nominal|force|75.00|0.00|0.800,nominal,force,0.0485,0.5055989422753419,9.993015851739777,2.4919966932800306,12.950434259289441,0.001977409390313545,0.029087000463384995
nominal|force|75.00|0.00|0.800,nominal,force,0.0525,0.5793815924044893,9.99336111923785,2.485855851010008,12.950099857670903,0.0021290497952269893,0.0310626839687509
nominal|force|75.00|0.00|0.800,nominal,force,0.0565,0.6564596393191273,9.993675501641832,2.479991408621889,12.950100572051015,0.0022783126381528684,0.032991692544671034
nominal|force|75.00|0.00|0.800,nominal,force,0.0605,0.736568769290318,9.993961626237713,2.474384433560579,12.950408774474422,0.002425225535944431,0.034877229070232614
nominal|force|75.00|0.00|0.800,nominal,force,0.0645,0.8194631018617469,9.994221868266191,2.469017292760554,12.950998610320546,0.002569821241742154,0.0367222674016835
nominal|force|75.00|0.00|0.800,nominal,force,0.0685,0.9049139170139777,9.994458377688815,2.463873564975685,12.951845904960255,0.0027121363160576006,0.03852956928114203
nominal|force|75.00|0.00|0.800,nominal,force,0.0725,0.9927084700236583,9.994673103173126,2.45893795918294,12.95292807457076,0.0028522100227398872,0.040301699936790066
nominal|force|75.00|0.00|0.800,nominal,force,0.0765,1.0826488880193081,9.99486781336954,2.4541962383662628,12.954224039565473,0.002990083416413991,0.04204104247876992
nominal|force|75.00|0.00|0.800,nominal,force,0.0805,1.1745511426222446,9.995044115749362,2.4496351482705916,12.955714140531338,0.003125798593017759,0.04374981118949208
nominal|force|75.00|0.00|0.800,nominal,force,0.0845,1.2682440934387984,9.995203473255046,2.445242350803594,12.957380056857456,0.0032593980788322985,0.045430063799238134
nominal|force|75.00|0.00|0.800,nominal,force,0.0885,1.3635685975267091,9.995347219047638,2.4410063617958,12.959204728279328,0.003390924336980905,0.04708371283002853
nominal|force|75.00|0.00|0.800,nominal,force,0.0925,1.4603766802928073,9.99547656958647,2.4369164928570495,12.96117227954391,0.0035204193727378374,0.04871253608340404
nominal|force|75.00|0.00|0.800,nominal,force,0.0965,1.5585307635907204,9.995592636231489,2.4329627970755716,12.963267948300967,0.003647924422568727,0.05031818634099917
nominal|force|75.00|0.00|0.800,nominal,force,0.1005,1.6579029470778759,9.995696435552855,2.429136018320849,12.965478016289367,0.0037734797131289133,0.0519022003407809
nominal|force|75.00|0.00|0.800,nominal,force,0.1045,1.758374339161867,9.995788898514945,2.425427543926717,12.967789743854198,0.0038971242788954363,0.05346600708632615
nominal|force|75.00|0.00|0.800,nominal,force,0.1085,1.8598344341185151,9.995870878642473,2.4218293605379677,12.970191307755154,0.004018895828621083,0.05501093554157005
nominal|force|75.00|0.00|0.800,nominal,force,0.1125,1.962180532198898,9.995943159325993,2.41833401292236,12.972671742250128,0.004138830652186676,0.056538221758976166
nominal|force|75.00|0.00|0.800,nominal,force,0.1165,2.0653171997616533,9.996006460336613,2.414934565557088,12.9752208833719,0.004256963560891891,0.05804901548503749
nominal|force|75.00|0.00|0.800,nominal,force,0.1205,2.1691557666706274,9.99606144365987,2.411624566807741,12.977829316304359,0.004373327855147768,0.05954438628332246
nominal|force|75.00|0.00|0.800,nominal,force,0.1245,2.273613858388067,9.996108718716954,2.4083980155341305,12.980488325770025,0.004487955314137759,0.06102532921198599
nominal|force|75.00|0.00|0.800,nominal,force,0.1285,2.3786149603703546,9.996148847063582,2.4052493299640614,12.983189849327353,0.004600876203540716,0.06249277008959128
nominal|force|75.00|0.00|0.800,nominal,force,0.1325,2.4840880125381215,9.996182346600325,2.4021733186836385,12.985926433438642,0.004712119297319017,0.06394757038035508
nominal|force|75.00|0.00|0.800,nominal,force,0.1365,2.589967031746017,9.996209695368602,2.3991651536083585,12.98869119221547,0.004821711910872606,0.06539053172741241
nominal|force|75.00|0.00|0.800,nominal,force,0.1405,2.6961907603203596,9.99623133496839,2.396220344796825,12.991477768684199,0.0049296799424572435,0.06682240016042938
nominal|force|75.00|0.00|0.800,nominal,force,0.1445,2.8027023388660344,9.996247673644296,2.3933347169941603,12.994280298497436,0.005036047921423703,0.0682438700017569
nominal|force|75.00|0.00|0.800,nominal,force,0.1485,2.909449001667885,9.99625908907249,2.390504387777219,12.997093375906854,0.0051408390607105,0.06965558749347188
nominal|force|75.00|0.00|0.800,nominal,force,0.1525,3.0163817931273984,9.99626593089661,2.387725747207823,12.999912021952351,0.005244075312819951,0.07105815416585382
nominal|force|75.00|0.00|0.800,nominal,force,0.1565,3.1234553037828894,9.996268523005147,2.384995438878103,13.00273165466457,0.005345777427522014,0.07245212996628798
nominal|force|75.00|0.00|0.800,nominal,force,0.1605,3.230627424561534,9.996267165617581,2.3823103422672074,13.005548061244383,0.0054459650105781465,0.07383803616609307
nominal|force|75.00|0.00|0.800,nominal,force,0.1645,3.3378591180047774,9.996262137168477,2.379667556310967,13.008357372052243,0.005544656582860685,0.07521635806144157
nominal|force|75.00|0.00|0.800,nominal,force,0.1685,3.4451142052954835,9.996253696033119,2.377064384105989,13.011156036329783,0.005641869638549346,0.07658754748334728
nominal|force|75.00|0.00|0.800,nominal,force,0.1725,3.5523591679960194,9.996242082089124,2.374498318672267,13.013940799539876,0.005737620702772617,0.07795202513047936
nominal|force|75.00|0.00|0.800,nominal,force,0.1765,3.6595629634816627,9.996227518153814,2.3719670296997863,13.016708682237834,0.005831925387465853,0.07931018273761328
nominal|force|75.00|0.00|0.800,nominal,force,0.1805,3.7666968531238147,9.996210211283417,2.3694683512119754,13.019456960355154,0.005924798445917923,0.08066238509150417
nominal|force|75.00|0.00|0.800,nominal,force,0.1845,3.8737342423427554,9.99619035397477,2.3670002700848887,13.022183146839549,0.006016253825069651,0.08200897190515424
nominal|force|75.00|0.00|0.800,nominal,force,0.1885,3.980650531710416,9.996168125260267,2.364560915362391,13.024884974544658,0.0061063047159456985,0.08335025956055693
nominal|force|75.00|0.00|0.800,nominal,force,0.1925,4.087422978340201,9.996143691710175,2.3621485483125104,13.027560380292318,0.006194963601713344,0.08468654272933078
nominal|force|75.00|0.00|0.800,nominal,force,0.1965,4.194030566853523,9.996117208358786,2.359761553174485,13.030207490039341,0.006282242303756735,0.08601809587990968
nominal|force|75.00|0.00|0.800,nominal,force,0.2005,4.300453889261764,9.996088819547206,2.3573984285498244,13.032824605072708,0.006368152025190699,0.08734517467935449
nominal|force|75.00|0.00|0.800,nominal,force,0.2045,4.4066750331480184,9.996058659702285,2.3550577793888015,13.035410189151149,0.006452703392376136,0.08866801729725268
nominal|force|75.00|0.00|0.800,nominal,force,0.2085,4.512677477575522,9.996026854061698,2.3527383095382355,13.037962856567841,0.006535906493715382,0.08998684561863744
nominal|force|75.00|0.00|0.800,nominal,force,0.2125,4.618445996189092,9.995993519326444,2.3504388148062536,13.040481361032036,0.006617770917004273,0.09130186637231046
nominal|force|75.00|0.00|0.800,nominal,force,0.2165,4.723966567012897,9.995958764280374,2.3481581765091772,13.042964585337998,0.006698305783807423,0.09261327218059441
nominal|force|75.00|0.00|0.800,nominal,force,0.2205,4.829226288482106,9.995922690339807,2.345895355469607,13.045411531757768,0.0067775197823416455,0.09392124253599152
nominal|force|75.00|0.00|0.800,nominal,force,0.2245,4.934213301277843,9.995885392087375,2.343649386431189,13.047821313118352,0.006855421198104228,0.09522594470990257
nominal|force|75.00|0.00|0.800,nominal,force,0.2285,5.038916715564723,9.99584695774365,2.3414193728650496,13.05019314451238,0.006932017942613833,0.0965275345981831
nominal|force|75.00|0.00|0.800,nominal,force,0.2325,5.1433265432577935,9.995807469621012,2.3392044821366804,13.05252633559571,0.007007317580312589,0.09782615750794815
nominal|force|75.00|0.00|0.800,nominal,force,0.2365,5.247433634971529,9.995767004525042,2.3370039410099728,13.054820283425881,0.007081327353775091,0.0991219488897467
nominal|force|75.00|0.00|0.800,nominal,force,0.2405,5.351229621327516,9.995725634144456,2.3348170314659185,13.05707446582235,0.007154054207175742,0.1004150350189238
nominal|force|75.00|0.00|0.800,nominal,force,0.2445,5.45470685831979,9.995683425399449,2.332643086813826,13.059288435201786,0.0072255048082295326,0.10170553362972275
nominal|force|75.00|0.00|0.800,nominal,force,0.2485,5.557858376457556,9.99564044077082,2.3304814880725226,13.061461812845899,0.007295685568634025,0.10299355450541747
nominal|force|75.00|0.00|0.800,nominal,force,0.2525,5.660677833424385,9.995596738611965,2.3283316606060556,13.063594283596295,0.007364602663137432,0.10427920002755428
nominal|force|75.00|0.00|0.800,nominal,force,0.2565,5.763159470011034,9.99555237341579,2.3261930709924497,13.065685590907439,0.007432262047087079,0.10556256568713755
nominal|force|75.00|0.00|0.800,nominal,force,0.2605,5.865298069095715,9.99550739608975,2.324065224114256,13.067735532285358,0.00749866947316602,0.10684374056041311
nominal|force|75.00|0.00|0.800,nominal,force,0.2645,5.967088917461391,9.995461854198144,2.321947660449737,13.069743955034292,0.007563830506492064,0.10812280775172069
nominal|force|75.00|0.00|0.800,nominal,force,0.2685,6.068527770254096,9.99541579218266,2.3198399535557974,13.071710752321989,0.007627750538842515,0.10939984480569769
nominal|force|75.00|0.00|0.800,nominal,force,0.2725,6.169610817899865,9.995369251580811,2.317741707724991,13.073635859524408,0.007690434801886636,0.1106749240909561
nominal|force|75.00|0.00|0.800,nominal,force,0.2765,6.270334655310439,9.995322271214429,2.315652555808983,13.075519250843097,0.007751888379550764,0.11194811315721138
nominal|force|75.00|0.00|0.800,nominal,force,0.2805,6.3706962532196085,9.995274887374041,2.3135721571899843,13.077360936150303,0.007812116219009513,0.11321947506775806
nominal|force|75.00|0.00|0.800,nominal,force,0.2845,6.470692931503176,9.995227133993192,2.311500195901147,13.07916095809956,0.007871123141482694,0.11448906870890309
nominal|force|75.00|0.00|0.800,nominal,force,0.2885,6.570322334345277,9.995179042801775,2.309436378871414,13.08091938940806,0.007928913851783237,0.11575694907804641
nominal|force|75.00|0.00|0.800,nominal,force,0.2925,6.669582407123745,9.995130643474264,2.3073804342985333,13.082636330365101,0.007985492947414075,0.11702316755184021
nominal|force|75.00|0.00|0.800,nominal,force,0.2965,6.768471374895589,9.99508196376738,2.3053321101328703,13.084311906508212,0.008040864926790736,0.11828777213581688
nominal|force|75.00|0.00|0.800,nominal,force,0.3005,6.866987722372182,9.9950330296462,2.303291172669694,13.085946266477798,0.00809503419699903,0.11955080769677841
nominal|force|75.00|0.00|0.800,nominal,force,0.3045,6.965130175281158,9.994983865404576,2.301257405238984,13.087539580026668,0.008148005080886589,0.12081231617912218
nominal|force|75.00|0.00|0.800,nominal,force,0.3085,7.062897683019309,9.994934493779251,2.2992306069872765,13.089092036177775,0.00819978182358544,0.12207233680624037
nominal|force|75.00|0.00|0.800,nominal,force,0.3125,7.160289402507221,9.994884936042215,2.2972105917449817,13.090603841509967,0.008250368598583524,0.12333090626799183
nominal|force|75.00|0.00|0.800,nominal,force,0.3165,7.257304683162643,9.994835212110395,2.295197186974169,13.092075218587194,0.008299769513345212,0.12458805889524087
nominal|force|75.00|0.00|0.800,nominal,force,0.3205,7.353943052915364,9.99478534062529,2.2931902327885156,13.093506404485181,0.008347988614383628,0.12584382682234424
nominal|force|75.00|0.00|0.800,nominal,force,0.3245,7.450204205191557,9.99473533904424,2.2911895810438154,13.094897649443702,0.008395029892062367,0.12709824013841117
nominal|force|75.00|0.00|0.800,nominal,force,0.3285,7.546087986800655,9.99468522371473,2.289195094491133,13.096249215608228,0.008440897285029447,0.12835132702812846
nominal|force|75.00|0.00|0.800,nominal,force,0.3325,7.641594386662438,9.994635009947675,2.2872066459903633,13.09756137586975,0.008485594684130848,0.12960311390286164
nominal|force|75.00|0.00|0.800,nominal,force,0.3365,7.736723525316205,9.99458471208179,2.285224117777716,13.098834412786694,0.0085291259362269,0.13085362552270519
nominal|force|75.00|0.00|0.800,nominal,force,0.3405,7.8314756451580765,9.994534343558518,2.2832474007879844,13.100068617605288,0.008571494847453565,0.13210288511011054
nominal|force|75.00|0.00|0.800,nominal,force,0.3445,7.925851101356046,9.994483916965336,2.2812763940191396,13.101264289319664,0.008612705186553105,0.13335091445566424
nominal|force|75.00|0.00|0.800,nominal,force,0.3485,8.019850353396025,9.994433444104448,2.279311003947368,13.102421733840432,0.008652760687573313,0.13459773401657743
nominal|force|75.00|0.00|0.800,nominal,force,0.3525,8.1134739572152,9.994382936037933,2.2773511439805434,13.103541263205322,0.008691665052698583,0.13584336300836036
nominal|force|75.00|0.00|0.800,nominal,force,0.3565,8.206722557882191,9.994332403136841,2.27539673394874,13.10462319484505,0.008729421954505046,0.137087819490187
nominal|force|75.00|0.00|0.800,nominal,force,0.3605,8.299596882786206,9.994281855127674,2.2734476996342305,13.10566785092291,0.008766035038326736,0.1383311204443535
nominal|force|75.00|0.00|0.800,nominal,force,0.3645,8.392097735299998,9.994231301129737,2.271503972332155,13.106675557709762,0.008801507924226237,0.13957328185026302
nominal|force|75.00|0.00|0.800,nominal,force,0.3685,8.484225988883912,9.994180749704022,2.2695654884432828,13.107646645018214,0.008835844208861243,0.14081431875329495
nominal|force|75.00|0.00|0.800,nominal,force,0.3725,8.575982581600492,9.994130208875218,2.2676321890940216,13.108581445661992,0.008869047467274793,0.14205424532892466
nominal|force|75.00|0.00|0.800,nominal,force,0.3765,8.667368511011352,9.994079686179095,2.2657040197863525,13.109480294984944,0.008901121254373257,0.14329307494242563
nominal|force|75.00|0.00|0.800,nominal,force,0.3805,8.758384829429826,9.994029188688447,2.2637809300694087,13.110343530401684,0.00893206910644595,0.1445308202044265
nominal|force|75.00|0.00|0.800,nominal,force,0.3845,8.849032639504832,9.99397872304326,2.261862873236188,13.11117149098779,0.008961894542393323,0.145767493022667
nominal|force|75.00|0.00|0.800,nominal,force,0.3885,8.939313090113059,9.993928295483542,2.2599498060414587,13.111964517100324,0.008990601064969017,0.14700310465014754
nominal|force|75.00|0.00|0.800,nominal,force,0.3925,9.029227372538118,9.993877911858526,2.2580416884378574,13.112722950011548,0.009018192161876215,0.1482376657299786
nominal|force|75.00|0.00|0.800,nominal,force,0.3965,9.118776716916946,9.993827577678532,2.256138483334862,13.11344713160951,0.009044671306732144,0.14947118633712217
nominal|force|75.00|0.00|0.800,nominal,force,0.4005,9.207962388934817,9.993777298111043,2.2542401563706305,13.114137404081244,0.009070041959990949,0.1507036760172539
nominal|force|75.00|0.00|0.800,nominal,force,0.4045,9.296785686751901,9.993727078015606,2.2523466757019532,13.114794109643062,0.009094307569755544,0.1519351438229423
nominal|force|75.00|0.00|0.800,nominal,force,0.4085,9.385247938145334,9.993676921964147,2.2504580118099855,13.115417590296307,0.009117471572499258,0.15316559834732985
nominal|force|75.00|0.00|0.800,nominal,force,0.4125,9.47335049785184,9.99362683425162,2.2485741373180907,13.116008187586795,0.009139537393794417,0.1543950477554863
nominal|force|75.00|0.00|0.800,nominal,force,0.4165,9.561094745097124,9.993576818924097,2.2466950268246633,13.116566242403582,0.0091605084488397,0.1556234998136001
nominal|force|75.00|0.00|0.800,nominal,force,0.4205,9.648482081299044,9.993526879781843,2.2448206567454196,13.11709209477155,0.009180388143091578,0.15685096191614414
nominal|force|75.00|0.00|0.800,nominal,force,0.4245,9.73551392793258,9.993477020403542,2.242951005169149,13.117586083681365,0.009199179872701468,0.1580774411111818
nominal|force|75.00|0.00|0.800,nominal,force,0.4285,9.822191724545435,9.99342724415959,2.2410860517238262,13.118048546929511,0.009216887024980636,0.15930294412390458
nominal|force|75.00|0.00|0.800,nominal,force,0.4325,9.908516926913753,9.9933775542207,2.23922577744989,13.11847982095875,0.009233512978816527,0.16052747737856013
nominal|force|75.00|0.00|0.800,nominal,force,0.4365,9.9944910053284,9.993327953578168,2.237370164686894,13.118880240738637,0.009249061104964207,0.16175104701885926
nominal|force|75.00|0.00|0.800,nominal,force,0.4405,10.080115443002649,9.993278445043057,2.2355191969632857,13.119250139622382,0.009263534766441872,0.16297365892696158
nominal|force|75.00|0.00|0.800,nominal,force,0.4445,10.165391734592905,9.99322903126947,2.233672858898661,13.119589849249863,0.009276937318815348,0.16419531874116902
nominal|force|75.00|0.00|0.800,nominal,force,0.4485,10.250321384824728,9.993179714757343,2.231831136110247,13.119899699436875,0.009289272110302171,0.16541603187238504
nominal|force|75.00|0.00|0.800,nominal,force,0.4525,10.334905907216728,9.993130497861214,2.229994015127549,13.120180018083746,0.009300542482153229,0.16663580351943016
nominal|force|75.00|0.00|0.800,nominal,force,0.4565,10.419146822895634,9.993081382809283,2.228161483313411,13.120431131099252,0.009310751768798475,0.1678546386833075
nominal|force|75.00|0.00|0.800,nominal,force,0.4605,10.50304565949623,9.993032371692909,2.2263335287881834,13.12065336230507,0.009319903297992649,0.16907254218048098
nominal|force|75.00|0.00|0.800,nominal,force,0.4645,10.58660395014028,9.992983466491493,2.2245101403644,13.120847033389776,0.00932800039095405,0.17028951865523362
nominal|force|75.00|0.00|0.800,nominal,force,0.4685,10.669823232488936,9.992934669072278,2.2226913074818584,13.121012463837056,0.009335046362510258,0.1715055725911655
nominal|force|75.00|0.00|0.800,nominal,force,0.4725,10.752705047863545,9.992885981195771,2.220877020148275,13.121149970864142,0.009341044521146702,0.17272070832190647
nominal|force|75.00|0.00|0.800,nominal,force,0.4765,10.835250940430145,9.992837404529519,2.2190672688877386,13.121259869392041,0.009345998169194014,0.17393493004107494
nominal|force|75.00|0.00|0.800,nominal,force,0.4805,10.917462456443234,9.992788940639969,2.217262044687418,13.121342471978728,0.009349910602751699,0.1751482418115593
nominal|force|75.00|0.00|0.800,nominal,force,0.4845,10.99934114354465,9.99274059101397,2.2154613389534634,13.121398088799694,0.009352785111889361,0.17636064757414732
nominal|force|75.00|0.00|0.800,nominal,force,0.4885,11.080888550113809,9.99269235705174,2.2136651434670864,13.121427027606028,0.009354624980612014,0.1775721511555642
nominal|force|75.00|0.00|0.800,nominal,force,0.4925,11.162106224665685,9.992644240078318,2.2118734503446427,13.12142959369405,0.009355433486908649,0.17878275627594786
nominal|force|75.00|0.00|0.800,nominal,force,0.4965,11.24299571529327,9.992596241346488,2.210086252001288,13.121406089884077,0.009355213902710602,0.1799924665558173
nominal|force|75.00|0.00|0.800,nominal,force,0.5005,11.323558569151375,9.99254836203975,2.208303541117529,13.121356816498716,0.009353969494009517,0.18120128552253947
nominal|force|75.00|0.00|0.800,nominal,force,0.5045,11.403796331978922,9.992500603272479,2.2065253106066054,13.121282071337092,0.009351703520794896,0.1824092166163635
nominal|force|75.00|0.00|0.800,nominal,force,0.5085,11.48371054765708,9.992452966107622,2.2047515535871285,13.121182149674281,0.009348419236991645,0.18361626319603525
nominal|force|75.00|0.00|0.800,nominal,force,0.5125,11.56330275780071,9.992405451541945,2.2029822633559037,13.121057344237903,0.009344119890598857,0.18482242854401032
nominal|force|75.00|0.00|0.800,nominal,force,0.5165,11.64257450138083,9.99235806052182,2.201217433362202,13.12090794519912,0.009338808723467762,0.18602771587132336
nominal|force|75.00|0.00|0.800,nominal,force,0.5205,11.72152731437595,9.992310793941162,2.1994570571872027,13.120734240173064,0.009332488971440511,0.18723212832210084
nominal|force|75.00|0.00|0.800,nominal,force,0.5245,11.80016272945023,9.992263652644164,2.1977011285219157,13.120536514209082,0.009325163864259967,0.1884356689777718
nominal|force|75.00|0.00|0.800,nominal,force,0.5285,11.878482275656657,9.992216637430547,2.195949641147498,13.120315049785754,0.009316836625451741,0.18963834086098783
nominal|force|75.00|0.00|0.800,nominal,force,0.5325,11.956487478163393,9.992169749058007,2.194202588919319,13.120070126819561,0.00930751047244216,0.1908401469392604
nominal|force|75.00|0.00|0.800,nominal,force,0.5365,12.034179858001846,9.992122988238911,2.1924599657495922,13.119802022657666,0.009297188616398666,0.19204109012835396
nominal|force|75.00|0.00|0.800,nominal,force,0.5405,12.111560931834756,9.992076355647903,2.190721765592213,13.119511012080654,0.009285874262181248,0.19324117329544188
nominal|force|75.00|0.00|0.800,nominal,force,0.5445,12.188632211743053,9.992029851925677,2.1889879824306253,13.11919736731597,0.009273570608335502,0.19444039926203918
nominal|force|75.00|0.00|0.800,nominal,force,0.5485,12.265395205030082,9.991983477675126,2.187258610264301,13.118861358035524,0.009260280847044056,0.1956387708067341
nominal|force|75.00|0.00|0.800,nominal,force,0.5525,12.341851414042054,9.991937233464217,2.185533643096889,13.118503251360593,0.009246008164008612,0.19683629066773078
nominal|force|75.00|0.00|0.800,nominal,force,0.5565,12.418002336003495,9.991891119834083,2.1838130749276456,13.11812331188252,0.009230755738449947,0.19803296154520972
nominal|force|75.00|0.00|0.800,nominal,force,0.5605,12.493849462866745,9.991845137289666,2.1820968997395687,13.117721801654334,0.009214526743059337,0.19922878610352776
nominal|force|75.00|0.00|0.800,nominal,force,0.5645,12.569394281174459,9.99179928631073,2.180385111493286,13.117298980218425,0.009197324343852842,0.2004237669732671
nominal|force|75.00|0.00|0.800,nominal,force,0.5685,12.644638271934214,9.991753567353449,2.178677704117479,13.116855104609005,0.009179151700226817,0.2016179067531367
nominal|force|75.00|0.00|0.800,nominal,force,0.5725,12.719582910504379,9.991707980839053,2.1769746715018226,13.116390429358146,0.009160011964715054,0.20281120801174637
nominal|force|75.00|0.00|0.800,nominal,force,0.5765,12.794229666490429,9.991662527169277,2.175276007491433,13.115905206518933,0.009139908283252451,0.20400367328923194
nominal|force|75.00|0.00|0.800,nominal,force,0.5805,12.868580003651,9.991617206725133,2.1735817058813716,13.115399685680089,0.009118843794744813,0.20519530509882522
nominal|force|75.00|0.00|0.800,nominal,force,0.5845,12.942635379813025,9.991572019857987,2.1718917604096153,13.114874113966415,0.00909682163120068,0.20638610592825268
nominal|force|75.00|0.00|0.800,nominal,force,0.5885,13.016397246795192,9.991526966901077,2.1702061647540076,13.114328736063804,0.009073844917668883,0.20757607824106047
nominal|force|75.00|0.00|0.800,nominal,force,0.5925,13.0898670503393,9.991482048171372,2.1685249125280275,13.11376379423769,0.009049916772099764,0.20876522447785925
nominal|force|75.00|0.00|0.800,nominal,force,0.5965,13.163046230048817,9.99143726395835,2.166847997276539,13.113179528338062,0.009025040305345178,0.2099535470574624
nominal|force|75.00|0.00|0.800,nominal,force,0.6005,13.235936219334198,9.99139261453962,2.165175412471948,13.112576175818852,0.008999218621054406,0.21114104837795267
nominal|force|75.00|0.00|0.800,nominal,force,0.6045,13.308538445364453,9.991348100167572,2.1635071515125754,13.111953971756202,0.008972454815701913,0.21232773081767564
nominal|force|75.00|0.00|0.800,nominal,force,0.6085,13.38085432902458,9.991303721081403,2.161843207719381,13.111313148863854,0.008944751978365306,0.21351359673616235
nominal|force|75.00|0.00|0.800,nominal,force,0.6125,13.452885284878342,9.991259477504734,2.1601835743342614,13.110653937512737,0.008916113190780839,0.2146986484749874
nominal|force|75.00|0.00|0.800,nominal,force,0.6165,13.524632721136095,9.991215369644937,2.158528244518124,13.109976565745939,0.008886541527308722,0.21588288835855798
nominal|force|75.00|0.00|0.800,nominal,force,0.6205,13.596098039627272,9.991171397690767,2.156877211348043,13.10928125928922,0.008856040054738834,0.21706631869486936
nominal|force|75.00|0.00|0.800,nominal,force,0.6245,13.66728263577716,9.991127561818448,2.1552304678180096,13.108568241580288,0.00882461183240174,0.21824894177617776
nominal|force|75.00|0.00|0.800,nominal,force,0.6285,13.738187898587755,9.99108386218844,2.1535880068358675,13.107837733775737,0.008792259911953593,0.2194307598796573
nominal|force|75.00|0.00|0.800,nominal,force,0.6325,13.808815210622255,9.991040298951877,2.1519498212245365,13.107089954781262,0.008758987337417756,0.22061177526798303
nominal|force|75.00|0.00|0.800,nominal,force,0.6365,13.879165947993062,9.990996872241709,2.1503159037197714,13.106325121257747,0.008724797145101548,0.22179199018989354
nominal|force|75.00|0.00|0.800,nominal,force,0.6405,13.949241480352951,9.990953582180627,2.1486862469695147,13.105543447640219,0.00868969236356154,0.22297140688069855
nominal|force|75.00|0.00|0.800,nominal,force,0.6445,14.019043170889255,9.990910428879065,2.147060843535569,13.104745146167044,0.0086536760134856,0.2241500275627678
nominal|force|75.00|0.00|0.800,nominal,force,0.6485,14.08857237632074,9.990867412435273,2.145439685891402,13.103930426885178,0.008616751107727583,0.22532785444596232
nominal|force|75.00|0.00|0.800,nominal,force,0.6525,14.157830446897062,9.990824532934555,2.1438227664228626,13.103099497672037,0.00857892065118937,0.22650488972806038
nominal|force|75.00|0.00|0.800,nominal,force,0.6565,14.22681872640058,9.990781790453982,2.14221007742867,13.102252564257627,0.008540187640758423,0.22768113559514017
nominal|force|75.00|0.00|0.800,nominal,force,0.6605,14.295538552150335,9.99073918505555,2.140601611120779,13.101389830239459,0.008500555065328597,0.22885659422193133
nominal|force|75.00|0.00|0.800,nominal,force,0.6645,14.36399125500807,9.990696716794993,2.1389973596242458,13.100511497100953,0.00846002590573075,0.23003126777214672
nominal|force|75.00|0.00|0.800,nominal,force,0.6685,14.432178159386098,9.990654385718083,2.137397314978169,13.099617764232221,0.008418603134621727,0.23120515839880554
nominal|force|75.00|0.00|0.800,nominal,force,0.6725,14.500100583256932,9.990612191857798,2.135801469136258,13.09870882894483,0.008376289716525986,0.23237826824450364
nominal|force|75.00|0.00|0.800,nominal,force,0.6765,14.567759838164474,9.990570135240128,2.1342098139672774,13.097784886491176,0.008333088607710704,0.23355059944168918
nominal|force|75.00|0.00|0.800,nominal,force,0.6805,14.635157229236679,9.990528215881724,2.13262234125593,13.096846130082994,0.008289002756241282,0.2347221541129083
nominal|force|75.00|0.00|0.800,nominal,force,0.6845,14.702294055199616,9.990486433788677,2.1310390427034576,13.095892750906826,0.008244035101794,0.2358929343710408
nominal|force|75.00|0.00|0.800,nominal,force,0.6885,14.769171608392753,9.990444788956928,2.129459909928911,13.094924938143848,0.008198188575732346,0.23706294231950917
nominal|force|75.00|0.00|0.800,nominal,force,0.6925,14.835791174785395,9.990403281380264,2.1278849344712563,13.093942878997858,0.008151466101100069,0.23823218005247407
nominal|force|75.00|0.00|0.800,nominal,force,0.6965,14.902154033994199,9.990361911037844,2.1263141077868473,13.092946758688464,0.008103870592399143,0.23940064965503619
nominal|force|75.00|0.00|0.800,nominal,force,0.7005,14.968261459301655,9.990320677907604,2.1247474212549893,13.091936760498566,0.008055404955742418,0.24056835320339032
nominal|force|75.00|0.00|0.800,nominal,force,0.7045,15.034114717675513,9.99027958195174,2.123184866175406,13.09091306576643,0.008006072088694027,0.2417352927649979
nominal|force|75.00|0.00|0.800,nominal,force,0.7085,15.09971506978895,9.990238623129953,2.121626433771541,13.089875853920383,0.007955874880331837,0.24290147039872825
nominal|force|75.00|0.00|0.800,nominal,force,0.7125,15.165063770041565,9.990197801392563,2.120072115190257,13.088825302485311,0.007904816211122545,0.24406688815500624
nominal|force|75.00|0.00|0.800,nominal,force,0.7165,15.230162066581055,9.990157116685088,2.118521901504841,13.087761587112064,0.007852898952900866,0.2452315480759354
nominal|force|75.00|0.00|0.800,nominal,force,0.7205,15.29501120132551,9.990116568943835,2.1169757837145293,13.086684881583237,0.007800125968925042,0.24639545219541692
nominal|force|75.00|0.00|0.800,nominal,force,0.7245,15.359612409986282,9.990076158098898,2.1154337527464944,13.085595357836183,0.007746500113717247,0.24755860253926848
nominal|force|75.00|0.00|0.800,nominal,force,0.7285,15.42396692209141,9.990035884074308,2.113895799457,13.084493185979003,0.007692024233132977,0.24872100112532025
nominal|force|75.00|0.00|0.800,nominal,force,0.7325,15.488075961009482,9.989995746786759,2.112361914632836,13.083378534307748,0.007636701164367987,0.2498826499635148
nominal|force|75.00|0.00|0.800,nominal,force,0.7365,15.551940743974011,9.989955746148654,2.11083208899265,13.082251569325653,0.007580533735652983,0.25104355105601084
nominal|force|75.00|0.00|0.800,nominal,force,0.7405,15.615562482108091,9.989915882062403,2.109306313187524,13.081112455752422,0.007523524766621381,0.2522037063972399
nominal|force|75.00|0.00|0.800,nominal,force,0.7445,15.678942380449548,9.989876154425662,2.107784577803185,13.079961356548703,0.007465677068003995,0.2533631179740101
nominal|force|75.00|0.00|0.800,nominal,force,0.7485,15.74208163797625,9.989836563134997,2.1062668733613377,13.07879843293375,0.007406993441740062,0.2545217877655675
nominal|force|75.00|0.00|0.800,nominal,force,0.7525,15.804981447631862,9.989797108075264,2.1047531903203116,13.077623844394477,0.007347476680859277,0.25567971774366965
nominal|force|75.00|0.00|0.800,nominal,force,0.7565,15.867642996351762,9.98975778912734,2.1032435190767895,13.07643774870624,0.007287129569558126,0.2568369098726433
nominal|force|75.00|0.00|0.800,nominal,force,0.7605,15.930067465089218,9.9897186061671,2.1017378499669945,13.075240301947986,0.007225954883061103,0.2579933661094513
nominal|force|75.00|0.00|0.800,nominal,force,0.7645,15.992256028841737,9.989679559066145,2.1002361732685944,13.07403165852289,0.007163955387738674,0.2591490884037455
nominal|force|75.00|0.00|0.800,nominal,force,0.7685,16.054209856677666,9.98964064768725,2.0987384792006556,13.072811971163283,0.0071011338409199265,0.2603040786979183
nominal|force|75.00|0.00|0.800,nominal,force,0.7725,16.115930111762868,9.989601871893159,2.0972447579268723,13.071581390961796,0.007037492991045224,0.26145833892715115
nominal|force|75.00|0.00|0.800,nominal,force,0.7765,16.177417951387554,9.9895632315372,2.0957549995554845,13.070340067375048,0.00697303557753437,0.26261187101946387
nominal|force|75.00|0.00|0.800,nominal,force,0.7805,16.238674526993243,9.989524726468856,2.094269194140761,13.069088148242344,0.0069077643307727254,0.26376467689575744
nominal|force|75.00|0.00|0.800,nominal,force,0.7845,16.29970098419982,9.989486356534261,2.092787331684726,13.067825779804082,0.0068416819721597855,0.2649167584698495
nominal|force|75.00|0.00|0.800,nominal,force,0.7885,16.360498462832645,9.989448121572574,2.0913094021383825,13.066553106714794,0.006774791214102238,0.2660681176485155
nominal|force|75.00|0.00|0.800,nominal,force,0.7925,16.42106809694976,9.989410021421131,2.0898353954028392,13.065270272059536,0.006707094759875187,0.2672187563315283
nominal|force|75.00|0.00|0.800,nominal,force,0.7965,16.481411014869135,9.989372055908747,2.088365301330294,13.063977417365336,0.006638595303691541,0.2683686764116913
nominal|force|75.00|0.00|0.800,nominal,force,0.8005,16.54152833919592,9.989334224865758,2.086899109726894,13.062674682627955,0.006569295530757524,0.2695178797748599
nominal|force|75.00|0.00|0.800,nominal,force,0.8045,16.601421186849738,9.989296528111689,2.085436810351051,13.061362206306441,0.0064991981171338975,0.2706663682999874
nominal|force|75.00|0.00|0.800,nominal,force,0.8085,16.661090669092015,9.98925896546519,2.083978392917765,13.060040125358169,0.006428305729798411,0.2718141438591438
nominal|force|75.00|0.00|0.800,nominal,force,0.8125,16.720537891553267,9.989221536740608,2.0825238470984946,13.058708575244914,0.00635662102660417,0.27296120831754583
nominal|force|75.00|0.00|0.800,nominal,force,0.8165,16.779763954260392,9.989184241747642,2.081073162521355,13.057367689941223,0.006284146656307388,0.2741075635335818
nominal|force|75.00|0.00|0.800,nominal,force,0.8205,16.83876995166398,9.98914708029281,2.0796263287744283,13.05601760196095,0.0062108852584702445,0.2752532113588415
nominal|force|75.00|0.00|0.800,nominal,force,0.8245,16.89755697266552,9.989110052176333,2.078183335406121,13.054658442366202,0.006136839463606603,0.27639815363812736
nominal|force|75.00|0.00|0.800,nominal,force,0.8285,16.95612610064462,9.989073157196868,2.0767441719253954,13.053290340776872,0.006062011893029351,0.2775423922094901
nominal|force|75.00|0.00|0.800,nominal,force,0.8325,17.01447841348619,9.989036395150688,2.0753088278044434,13.051913425393401,0.005986405158940611,0.27868592890424526
nominal|force|75.00|0.00|0.800,nominal,force,0.8365,17.07261498360757,9.988999765827625,2.073877292478814,13.050527823003303,0.005910021864348469,0.2798287655469931
nominal|force|75.00|0.00|0.800,nominal,force,0.8405,17.130536877985566,9.988963269012329,2.0724495553491553,13.049133658998677,0.005832864603080856,0.2809709039556414
nominal|force|75.00|0.00|0.800,nominal,force,0.8445,17.188245158183477,9.98892690448875,2.0710256057820957,13.047731057389537,0.005754935959868812,0.28211234594141604
nominal|force|75.00|0.00|0.800,nominal,force,0.8485,17.24574088037801,9.988890672039522,2.0696054331118634,13.046320140820274,0.005676238510214648,0.2832530933088942
nominal|force|75.00|0.00|0.800,nominal,force,0.8525,17.30302509538616,9.988854571439232,2.0681890266401246,13.044901030574298,0.005596774820482153,0.28439314785600844
nominal|force|75.00|0.00|0.800,nominal,force,0.8565,17.360098848692004,9.98881860246131,2.0667763756385753,13.043473846596083,0.005516547447820264,0.2855325113740749
nominal|force|75.00|0.00|0.800,nominal,force,0.8605,17.416963180473388,9.9887827648757,2.065367469349665,13.042038707503846,0.005435558940218577,0.2866711856478008
nominal|force|75.00|0.00|0.800,nominal,force,0.8645,17.473619125628513,9.988747058447686,2.0639622969864533,13.040595730593488,0.005353811836562861,0.28780917245530313
nominal|force|75.00|0.00|0.800,nominal,force,0.8685,17.530067713802573,9.988711482943472,2.0625608477358317,13.039145031866578,0.005271308666447705,0.2889464735681362
nominal|force|75.00|0.00|0.800,nominal,force,0.8725,17.586309969414117,9.988676038121755,2.0611631107575246,13.037686726029332,0.005188051950343053,0.290083090751291
nominal|force|75.00|0.00|0.800,nominal,force,0.8765,17.642346911681397,9.988640723741533,2.0597690751864537,13.036220926513604,0.00510404419955951,0.29121902576322134
nominal|force|75.00|0.00|0.800,nominal,force,0.8805,17.698179554648668,9.988605539554257,2.058378730133116,13.034747745485515,0.005019287916220583,0.29235428035585437
nominal|force|75.00|0.00|0.800,nominal,force,0.8845,17.753808907212314,9.98857048531475,2.0569920646849096,13.03326729386145,0.004933785593255746,0.2934888562746088
nominal|force|75.00|0.00|0.800,nominal,force,0.8885,17.809235973146915,9.988535560770964,2.055609067906716,13.031779681316399,0.0048475397144628896,0.2946227552584044
nominal|force|75.00|0.00|0.800,nominal,force,0.8925,17.864461751131167,9.988500765667734,2.054229728842675,13.03028501630056,0.004760552754452807,0.295755979039684
nominal|force|75.00|0.00|0.800,nominal,force,0.8965,17.91948723477378,9.988466099748313,2.052854036515977,13.028783406046326,0.004672827178676953,0.2968885293444221
nominal|force|75.00|0.00|0.800,nominal,force,0.9005,17.974313412639184,9.988431562757409,2.051481979931706,13.027274956591768,0.004584365443427441,0.29802040789214157
nominal|force|75.00|0.00|0.800,nominal,force,0.9045,18.02894126827312,9.988397154428734,2.0501135480751493,13.025759772773146,0.004495169995899495,0.2991516163959251
nominal|force|75.00|0.00|0.800,nominal,force,0.9085,18.083371780228262,9.988362874498078,2.0487487299148164,13.024237958254089,0.004405243274073489,0.3002821565624362
nominal|force|75.00|0.00|0.800,nominal,force,0.9125,18.13760592208955,9.988328722699015,2.0473875144023856,13.022709615529017,0.00431458770681209,0.30141203009192635
nominal|force|75.00|0.00|0.800,nominal,force,0.9165,18.191644662499506,9.988294698763887,2.0460298904747782,13.021174845943133,0.004223205713874134,0.3025412386782484
nominal|force|75.00|0.00|0.800,nominal,force,0.9205,18.245488965183434,9.988260802419152,2.044675847053057,13.019633749690135,0.004131099705872998,0.3036697840088788
nominal|force|75.00|0.00|0.800,nominal,force,0.9245,18.299139788974507,9.988227033389316,2.043325373044991,13.018086425834763,0.004038272084269656,0.30479766776492234
nominal|force|75.00|0.00|0.800,nominal,force,0.9285,18.352598087838693,9.988193391400136,2.0419784573453437,13.016532972322308,0.003944725241476765,0.3059248916211295
nominal|force|75.00|0.00|0.800,nominal,force,0.9325,18.405864810899605,9.988159876172954,2.040635088836611,13.014973485987184,0.0038504615607823367,0.3070514572459122
nominal|force|75.00|0.00|0.800,nominal,force,0.9365,18.458940902463265,9.988126487424514,2.039295256389937,13.013408062564023,0.0037554834163983086,0.30817736630135295
nominal|force|75.00|0.00|0.800,nominal,force,0.9405,18.511827302042672,9.988093224874767,2.0379589488662466,13.011836796703811,0.0036597931734327904,0.3093026204432272
nominal|force|75.00|0.00|0.800,nominal,force,0.9445,18.56452494438235,9.988060088236553,2.03662615511641,13.010259781977053,0.0035633931879594516,0.3104272213210046
nominal|force|75.00|0.00|0.800,nominal,force,0.9485,18.617034759482696,9.988027077225041,2.0352968639828055,13.008677110892407,0.0034662858069203772,0.31155117057787707
nominal|force|75.00|0.00|0.800,nominal,force,0.9525,18.669357672624248,9.987994191547003,2.03397106429884,13.007088874896702,0.0033684733682995405,0.31267446985076086
nominal|force|75.00|0.00|0.800,nominal,force,0.9565,18.721494604391847,9.987961430916526,2.032648744892074,13.00549516440358,0.0032699582009979022,0.3137971207703178
nominal|force|75.00|0.00|0.800,nominal,force,0.9605,18.773446470698644,9.987928795036792,2.0313298945823224,13.003896068783849,0.0031707426249097392,0.31491912496096564
nominal|force|75.00|0.00|0.800,nominal,force,0.9645,18.82521418281007,9.987896283613827,2.0300145021837572,13.00229167638733,0.0030708289508810105,0.316040484040896
nominal|force|75.00|0.00|0.800,nominal,force,0.9685,18.876798647367558,9.98786389634992,2.0287025565054244,13.000682074549951,0.002970219480806502,0.317161199622083
nominal|force|75.00|0.00|0.800,nominal,force,0.9725,18.928200766412285,9.987831632948247,2.027394046353072,12.99906734961202,0.0028689165075604373,0.3182812733103038
nominal|force|75.00|0.00|0.800,nominal,force,0.9765,18.97942143740872,9.987799493108133,2.026088960527287,12.997447586911928,0.0027669223150658673,0.31940070670514564
nominal|force|75.00|0.00|0.800,nominal,force,0.9805,19.030461553268054,9.987767476528106,2.024787287826713,12.995822870811722,0.002664239178253036,0.32051950140002927
nominal|force|75.00|0.00|0.800,nominal,force,0.9845,19.081322002371536,9.987735582903664,2.0234890170475897,12.99419328469924,0.002560869363170404,0.32163765898221225
nominal|force|75.00|0.00|0.800,nominal,force,0.9885,19.13200366859371,9.98770381193045,2.022194136984237,12.992558910998566,0.002456815126866685,0.3227551810328174
nominal|force|75.00|0.00|0.800,nominal,force,0.9925,19.182507431325483,9.987672163301104,2.0209026364305536,12.99091983118317,0.0023520787175296265,0.3238720691268331
nominal|force|75.00|0.00|0.800,nominal,force,0.9965,19.232834165497145,9.987640636707281,2.0196145041796028,12.98927612577996,0.0022466623744096803,0.32498832483313517
nominal|force|75.00|0.00|0.800,nominal,force,1.0005,19.28298474160118,9.987609231839217,2.0183297290252105,12.98762787438458,0.002140568327875514,0.32610394971450807
nominal|force|75.00|0.00|0.800,nominal,force,1.0045,19.332960025715074,9.987577948386617,2.0170482997630357,12.985975155673366,0.0020337987994833995,0.3272189453276398
nominal|force|75.00|0.00|0.800,nominal,force,1.0085,19.38276087952391,9.987546786035107,2.0157702051887902,12.98431804739782,0.001926356001859253,0.3283333132231612
nominal|force|75.00|0.00|0.800,nominal,force,1.0125,19.43238816034291,9.987515744472828,2.0144954341016175,12.982656626412187,0.0018182421388443504,0.32944705494564447
nominal|force|75.00|0.00|0.800,nominal,force,1.0165,19.48184272113985,9.98748482338206,2.013223975303614,12.980990968673318,0.001709459405446756,0.33056017203362276
nominal|force|75.00|0.00|0.800,nominal,force,1.0205,19.531125410557316,9.987454022447288,2.0119558175994547,12.979321149247316,0.0016000099878343832,0.33167266601960793
nominal|force|75.00|0.00|0.800,nominal,force,1.0245,19.580237072934906,9.987423341352168,2.010690949799072,12.977647242329043,0.0014898960634876501,0.3327845384300985
nominal|force|75.00|0.00|0.800,nominal,force,1.0285,19.629178548331307,9.987392779775663,2.0094293607163216,12.975969321239697,0.0013791198010468242,0.3338957907856046
nominal|force|75.00|0.00|0.800,nominal,force,1.0325,19.67795067254622,9.987362337398071,2.0081710391704117,12.97428745844193,0.0012676833604438609,0.33500642460065594
nominal|force|75.00|0.00|0.800,nominal,force,1.0365,19.726554277142224,9.987332013896738,2.0069159739858335,12.97260172554379,0.0011555888928468927,0.3361164413838245
nominal|force|75.00|0.00|0.800,nominal,force,1.0405,19.774990189466504,9.987301808949889,2.0056641539943225,12.970912193317236,0.0010428385407226792,0.3372258426377318
nominal|force|75.00|0.00|0.800,nominal,force,1.0445,19.823259232672445,9.987271722234143,2.00441556803413,12.96921893169821,0.000929434437843546,0.33833462985906765
nominal|force|75.00|0.00|0.800,nominal,force,1.0485,19.871362225741134,9.987241753422527,2.003170204950579,12.967522009794774,0.0008153787093637122,0.33944280453860587
nominal|force|75.00|0.00|0.800,nominal,force,1.0525,19.919299983502793,9.987211902192499,2.001928053597175,12.965821495902023,0.0007006734716943908,0.3405503681612273
nominal|force|75.00|0.00|0.800,nominal,force,1.0565,19.967073316658013,9.987182168215057,2.0006891028358837,12.964117457505026,0.0005853208327119552,0.3416573222059197
nominal|force|75.00|0.00|0.800,nominal,force,1.0605,20.014683031798985,9.98715255116365,1.9994533415374347,12.962409961289294,0.00046932289159140606,0.34276366814581066
nominal|force|75.00|0.00|0.800,nominal,force,1.0645,20.06212993143052,9.987123050707721,1.99822075858193,12.960699073147739,0.00035268173896596533,0.3438694074481711
nominal|force|75.00|0.00|0.800,nominal,force,1.0685,20.10941481399102,9.987093666519469,1.9969913428591277,12.958984858189075,0.00023539945684381003,0.34497454157444174
nominal|force|75.00|0.00|0.800,nominal,force,1.0725,20.156538473873315,9.987064398266613,1.9957650832700549,12.957267380751073,0.00011747811877460546,0.34607907198023624
nominal|force|75.00|0.00|0.800,nominal,force,1.0765,20.20350170144542,9.987035245619236,1.9945419687253427,12.955546704397813,1.0802103031504206e-06,0.34718300011536857
nominal|force|75.00|0.00|0.800,nominal,force,1.0805,20.250305283071157,9.987006208244479,1.9933219881476187,12.953822891937863,0.00012027347395110466,0.34828632742386806
nominal|force|75.00|0.00|0.800,nominal,force,1.0845,20.296950001130675,9.986977285808878,1.9921051304714184,12.952096005428448,0.00024009962415472152,0.34938905534398773
nominal|force|75.00|0.00|0.800,nominal,force,1.0885,20.34343663404091,9.986948477977647,1.9908913846424978,12.95036610617775,0.0003605566214967548,0.350491185308232
nominal|force|75.00|0.00|0.800,nominal,force,1.0925,20.389765956275813,9.98691978442043,1.9896807396206801,12.948633254768039,0.0004816424348588755,0.35159271874336284
nominal|force|75.00|0.00|0.800,nominal,force,1.0965,20.435938738386625,9.986891204797585,1.988473184377111,12.94689751104034,0.0006033550416159605,0.3526936570704221
nominal|force|75.00|0.00|0.800,nominal,force,1.1005,20.481955747021992,9.986862738776559,1.9872687078977176,12.945158934124846,0.0007256924275667043,0.35379400170474995
nominal|force|75.00|0.00|0.800,nominal,force,1.1045,20.527817744947924,9.98683438601873,1.9860672991815498,12.94341758243258,0.0008486525868850459,0.35489375405599466
nominal|force|75.00|0.00|0.800,nominal,force,1.1085,20.5735254910677,9.986806146187563,1.9848689472424381,12.941673513671981,0.0009722335220577194,0.3559929155281339
nominal|force|75.00|0.00|0.800,nominal,force,1.1125,20.619079740441645,9.98677801894655,1.9836736411082545,12.939926784850183,0.001096433243946704,0.3570914875194889
nominal|force|75.00|0.00|0.800,nominal,force,1.1165,20.66448124430684,9.986750003954787,1.9824813698218475,12.9381774522808,0.001221249771692079,0.35818947142274743
nominal|force|75.00|0.00|0.800,nominal,force,1.1205,20.709730750096714,9.986722100874502,1.9812921224424747,12.936425571600079,0.0013466811326842687,0.35928686862496784
nominal|force|75.00|0.00|0.800,nominal,force,1.1245,20.754829001460518,9.986694309368374,1.9801058880439224,12.934671197761116,0.0014727253627513925,0.36038368050762326
nominal|force|75.00|0.00|0.800,nominal,force,1.1285,20.799776738282716,9.986666629093223,1.97892265571686,12.932914385048527,0.0015993805058331367,0.36147990844657824
nominal|force|75.00|0.00|0.800,nominal,force,1.1325,20.844574696702264,9.986639059711067,1.9777424145686973,12.931155187087489,0.0017266446140987157,0.36257555381213596
nominal|force|75.00|0.00|0.800,nominal,force,1.1365,20.889223609131736,9.986611600880282,1.9765651537223339,12.92939365683801,0.0018545157478774832,0.3636706179690439
nominal|force|75.00|0.00|0.800,nominal,force,1.1405,20.933724204276523,9.986584252259576,1.9753908623197718,12.92762984662248,0.0019829919757560766,0.36476510227651837
nominal|force|75.00|0.00|0.800,nominal,force,1.1445,20.978077207153717,9.986557013507564,1.9742195295183635,12.925863808107865,0.002112071374453517,0.3658590080882547
nominal|force|75.00|0.00|0.800,nominal,force,1.1485,21.022283339111045,9.98652988428176,1.973051144495584,12.9240955923384,0.002241752028758759,0.36695233675244565
nominal|force|75.00|0.00|0.800,nominal,force,1.1525,21.06634331784563,9.986502864240668,1.971885696445233,12.922325249718961,0.0023720320316208965,0.36804508961179916
nominal|force|75.00|0.00|0.800,nominal,force,1.1565,21.110257857422695,9.986475953042099,1.9707231745809048,12.920552830039728,0.0025029094840242627,0.3691372680035569
nominal|force|75.00|0.00|0.800,nominal,force,1.1605,21.154027668294155,9.986449150342096,1.9695635681339643,12.918778382467378,0.0026343824950578187,0.37022887325951176
nominal|force|75.00|0.00|0.800,nominal,force,1.1645,21.197653457317113,9.986422455797275,1.968406866355615,12.917001955564553,0.0027664491817833148,0.3713199067060211
nominal|force|75.00|0.00|0.800,nominal,force,1.1685,21.24113592777224,9.986395869064603,1.967253058515993,12.915223597287811,0.002899107669311618,0.3724103696640289
nominal|force|75.00|0.00|0.800,nominal,force,1.1725,21.28447577938211,9.98636938980076,1.9661021339054259,12.913443354999856,0.003032356090698629,0.3735002634490806
nominal|force|75.00|0.00|0.800,nominal,force,1.1765,21.32767370832936,9.986343017660152,1.9649540818335018,12.911661275468123,0.0031661925869799767,0.3745895893713422
nominal|force|75.00|0.00|0.800,nominal,force,1.1805,21.370730407274866,9.986316752301294,1.9638088916308858,12.909877404881474,0.0033006153071293842,0.37567834873561556
nominal|force|75.00|0.00|0.800,nominal,force,1.1845,21.413646565375686,9.986290593378511,1.962666552648533,12.908091788848864,0.0034356224079892805,0.3767665428413578
nominal|force|75.00|0.00|0.800,nominal,force,1.1885,21.456422868303054,9.986264540544784,1.9615270542570227,12.906304472398697,0.0035712120543193726,0.3778541729826969
nominal|force|75.00|0.00|0.800,nominal,force,1.1925,21.499059998260183,9.986238593458829,1.960390385850144,12.904515500008902,0.003707382418692562,0.37894124044845134
nominal|force|75.00|0.00|0.800,nominal,force,1.1965,21.54155863400001,9.986212751775819,1.9592565368415016,12.902724915587191,0.003844131681592089,0.38002774652214866
nominal|force|75.00|0.00|0.800,nominal,force,1.2005,21.583919450842828,9.986187015149454,1.9581254966664563,12.900932762487638,0.003981458031245,0.38111369248203764
nominal|force|75.00|0.00|0.800,nominal,force,1.2045,21.62614312069385,9.98616138323478,1.9569972547827055,12.899139083519179,0.004119359663649902,0.3821990796011078
nominal|force|75.00|0.00|0.800,nominal,force,1.2085,21.668230312060693,9.986135855686369,1.9558718006690876,12.897343920943722,0.004257834782618597,0.38328390914711347
nominal|force|75.00|0.00|0.800,nominal,force,1.2125,21.71018169007072,9.986110432161723,1.954749123828263,12.895547316496025,0.004396881599637303,0.3843681823825824
nominal|force|75.00|0.00|0.800,nominal,force,1.2165,21.751997916488328,9.986085112312363,1.9536292137834947,12.893749311366655,0.004536498333922168,0.3854519005648398
nominal|force|75.00|0.00|0.800,nominal,force,1.2205,21.793679649732166,9.986059895796728,1.9525120600823813,12.891949946232309,0.00467668321237763,0.38653506494602397
nominal|force|75.00|0.00|0.800,nominal,force,1.2245,21.83522754489221,9.986034782265708,1.951397652294669,12.890149261242811,0.0048174344695409155,0.38761767677310005
nominal|force|75.00|0.00|0.800,nominal,force,1.2285,21.87664225374678,9.986009771377413,1.9502859800132115,12.888347296035475,0.004958750347575092,0.38869973728788415
nominal|force|75.00|0.00|0.800,nominal,force,1.2325,21.917924424779507,9.985984862786726,1.9491770328551912,12.886544089743786,0.005100629096255194,0.38978124772705663
nominal|force|75.00|0.00|0.800,nominal,force,1.2365,21.959074703196116,9.985960056146542,1.9480708004600522,12.884739680988568,0.005243068972954346,0.3908622093221817
nominal|force|75.00|0.00|0.800,nominal,force,1.2405,22.0000937309412,9.985935351114028,1.9469672724919675,12.882934107900224,0.005386068242567432,0.3919426232997267
nominal|force|75.00|0.00|0.800,nominal,force,1.2445,22.04098214671489,9.985910747342347,1.9458664386389597,12.881127408114157,0.005529625177518038,0.3930224908810728
nominal|force|75.00|0.00|0.800,nominal,force,1.2485,22.081740585989444,9.985886244488528,1.9447682886127395,12.87931961877636,0.005673738057765387,0.3941018132825447
nominal|force|75.00|0.00|0.800,nominal,force,1.2525,22.122369681025685,9.985861842206402,1.9436728121497981,12.87751077655222,0.005818405170672503,0.39518059171541325
nominal|force|75.00|0.00|0.800,nominal,force,1.2565,22.162870060889475,9.98583754015557,1.9425799990115884,12.875700917634404,0.005963624811096413,0.39625882738592666
nominal|force|75.00|0.00|0.800,nominal,force,1.2605,22.203242351468,9.985813337986603,1.9414898389831645,12.873890077734151,0.006109395281346519,0.39733652149532317
nominal|force|75.00|0.00|0.800,nominal,force,1.2645,22.243487175485996,9.985789235357158,1.9404023218752422,12.872078292102053,0.006255714891052755,0.39841367523984406
nominal|force|75.00|0.00|0.800,nominal,force,1.2685,22.283605152521908,9.985765231924997,1.939317437523966,12.870265595529393,0.006402581957269671,0.39949028981076024
nominal|force|75.00|0.00|0.800,nominal,force,1.2725,22.323596899023983,9.985741327344893,1.9382351757898368,12.8684520223442,0.006549994804379289,0.4005663663943826
nominal|force|75.00|0.00|0.800,nominal,force,1.2765,22.363463028326226,9.98571752127266,1.9371555265590301,12.86663760642431,0.006697951764077226,0.4016419061720819
nominal|force|75.00|0.00|0.800,nominal,force,1.2805,22.403204150664305,9.985693813364824,1.9360784797431891,12.864822381200131,0.0068464511753379975,0.4027169103203093
nominal|force|75.00|0.00|0.800,nominal,force,1.2845,22.442820873191373,9.985670203280831,1.9350040252803447,12.8630063796648,0.006995491384435837,0.4037913800106111
nominal|force|75.00|0.00|0.800,nominal,force,1.2885,22.482313799993822,9.985646690676283,1.933932153133593,12.861189634367868,0.00714507074483367,0.4048653164096469
nominal|force|75.00|0.00|0.800,nominal,force,1.2925,22.521683532106906,9.985623275209754,1.9328628532923406,12.859372177428586,0.007295187617273324,0.4059387206792092
nominal|force|75.00|0.00|0.800,nominal,force,1.2965,22.56093066753033,9.985599956536044,1.9317961157716226,12.857554040534172,0.007445840369636747,0.40701159397623793
nominal|force|75.00|0.00|0.800,nominal,force,1.3005,22.600055801243755,9.985576734315034,1.9307319306135502,12.855735254954038,0.007597027376980703,0.40808393745283755
nominal|force|75.00|0.00|0.800,nominal,force,1.3045,22.639059525222198,9.98555360820658,1.9296702878863223,12.853915851536886,0.007748747021467384,0.4091557522563007
nominal|force|75.00|0.00|0.800,nominal,force,1.3085,22.677942428451374,9.985530577866504,1.9286111776842951,12.85209586071356,0.007900997692412981,0.4102270395291195
nominal|force|75.00|0.00|0.800,nominal,force,1.3125,22.716705096942903,9.985507642956426,1.927554590128686,12.850275312507513,0.008053777786183602,0.4112978004090072
nominal|force|75.00|0.00|0.800,nominal,force,1.3165,22.75534811374958,9.98548480313456,1.926500515367806,12.848454236537941,0.008207085706223027,0.4123680360289161
nominal|force|75.00|0.00|0.800,nominal,force,1.3205,22.793872058980384,9.985462058059392,1.9254489435761313,12.846632662017676,0.008360919862997196,0.41343774751704726
nominal|force|75.00|0.00|0.800,nominal,force,1.3245,22.832277509815505,9.985439407392287,1.9243998649561538,12.844810617770388,0.008515278673938698,0.41450693599687954
nominal|force|75.00|0.00|0.800,nominal,force,1.3285,22.870565040521353,9.985416850792575,1.9233532697364788,12.842988132220064,0.008670160563530038,0.4155756025871803
nominal|force|75.00|0.00|0.800,nominal,force,1.3325,22.908735222465328,9.98539438792356,1.9223091481736398,12.841165233407857,0.008825563963123229,0.41664374840202345
nominal|force|75.00|0.00|0.800,nominal,force,1.3365,22.94678862413068,9.98537201844485,1.9212674905508105,12.839341948985734,0.008981487311057745,0.4177113745508108
nominal|force|75.00|0.00|0.800,nominal,force,1.3405,22.984725811131174,9.98534974201701,1.9202282871792378,12.837518306229558,0.009137929052556448,0.4187784821382861
nominal|force|75.00|0.00|0.800,nominal,force,1.3445,23.022547346225714,9.98532755830278,1.9191915283973233,12.835694332037988,0.009294887639670069,0.4198450722645478
nominal|force|75.00|0.00|0.800,nominal,force,1.3485,23.060253789332965,9.98530546696719,1.9181572045713884,12.833870052940581,0.00945236153133966,0.4209111460250804
nominal|force|75.00|0.00|0.800,nominal,force,1.3525,23.097845697545758,9.98528346766935,1.9171253060946123,12.832045495092295,0.009610349193348022,0.4219767045107604
nominal|force|75.00|0.00|0.800,nominal,force,1.3565,23.13532362514553,9.985261560074104,1.9160958233894745,12.830220684294824,0.00976884909819481,0.4230417488078731
nominal|force|75.00|0.00|0.800,nominal,force,1.3605,23.172688123616663,9.985239743845973,1.9150687469047682,12.828395645981066,0.009927859725179788,0.42410627999813766
nominal|force|75.00|0.00|0.800,nominal,force,1.3645,23.209939741660733,9.985218018649016,1.9140440671181222,12.826570405233266,0.010087379560382026,0.4251702991587252
nominal|force|75.00|0.00|0.800,nominal,force,1.3685,23.2470790252107,9.985196384147725,1.9130217745349913,12.824744986780349,0.010247407096562744,0.42623380736226235
nominal|force|75.00|0.00|0.800,nominal,force,1.3725,23.284106517445014,9.98517484000768,1.9120018596888122,12.822919415002879,0.010407940833200013,0.427296805676865
nominal|force|75.00|0.00|0.800,nominal,force,1.3765,23.321022758801636,9.98515338589373,1.9109843131416198,12.821093713939701,0.010568979276384671,0.4283592951661457
nominal|force|75.00|0.00|0.800,nominal,force,1.3805,23.35782828699203,9.985132021473396,1.9099691254831839,12.819267907286424,0.010730520938875832,0.4294212768892331
nominal|force|75.00|0.00|0.800,nominal,force,1.3845,23.39452363701503,9.985110746412765,1.908956287331754,12.817442018402836,0.01089256434001068,0.4304827519007927
nominal|force|75.00|0.00|0.800,nominal,force,1.3885,23.431109341170696,9.985089560379944,1.9079457893341185,12.815616070317162,0.011055108005759984,0.43154372125104
nominal|force|75.00|0.00|0.800,nominal,force,1.3925,23.46758592907403,9.98506846304177,1.9069376221654697,12.813790085727167,0.011218150468610133,0.4326041859857594
nominal|force|75.00|0.00|0.800,nominal,force,1.3965,23.503953927668675,9.98504745406879,1.905931776529671,12.811964087008214,0.011381690267625588,0.43366414714632345
nominal|force|75.00|0.00|0.800,nominal,force,1.4005,23.540213861240513,9.985026533126891,1.9049282431583314,12.810138096205609,0.01154572594833786,0.43472360576970365
nominal|force|75.00|0.00|0.800,nominal,force,1.4045,23.5763662514312,9.98500569988839,1.9039270128127894,12.808312135055857,0.011710256062773261,0.4357825628884941
nominal|force|75.00|0.00|0.800,nominal,force,1.4085,23.612411617251638,9.98498495402082,1.9029280762822518,12.806486224973554,0.011875279169397401,0.4368410195309268
nominal|force|75.00|0.00|0.800,nominal,force,1.4125,23.648350475095377,9.984964295198395,1.9019314243854168,12.804660387068681,0.012040793833122121,0.437898976720889
nominal|force|75.00|0.00|0.800,nominal,force,1.4165,23.68418333875195,9.984943723088774,1.9009370479685972,12.802834642134538,0.012206798625291615,0.4389564354779389
nominal|force|75.00|0.00|0.800,nominal,force,1.4205,23.719910719420096,9.984923237365608,1.8999449379080389,12.801009010667006,0.012373292123550594,0.440013396817319
nominal|force|75.00|0.00|0.800,nominal,force,1.4245,23.755533125720994,9.984902837701302,1.8989550851078036,12.799183512855395,0.01254027291194143,0.4410698617499822
nominal|force|75.00|0.00|0.800,nominal,force,1.4285,23.79105106371138,9.984882523769414,1.8979674805021705,12.797358168598853,0.012707739580848643,0.4421258312826057
nominal|force|75.00|0.00|0.800,nominal,force,1.4325,23.826465036896575,9.984862295244048,1.896982115053279,12.795532997495444,0.012875690726922573,0.4431813064176016
nominal|force|75.00|0.00|0.800,nominal,force,1.4365,23.8617755462435,9.984842151797482,1.8959989797522934,12.79370801885171,0.0130441249531002,0.44423628815314053
nominal|force|75.00|0.00|0.800,nominal,force,1.4405,23.896983090193558,9.984822093105569,1.8950180656195283,12.791883251688077,0.01321304086854963,0.4452907774831667
nominal|force|75.00|0.00|0.800,nominal,force,1.4445,23.932088164675584,9.984802118846531,1.8940393637048811,12.790058714744468,0.013382437088753363,0.4463447753974174
nominal|force|75.00|0.00|0.800,nominal,force,1.4485,23.967091263118505,9.984782228692412,1.8930628650865047,12.788234426471842,0.013552312235244612,0.4473982828814272
nominal|force|75.00|0.00|0.800,nominal,force,1.4525,24.001992876464143,9.984762422323298,1.892088560871852,12.786410405045995,0.013722664935829354,0.4484513009165658
nominal|force|75.00|0.00|0.800,nominal,force,1.4565,24.03679349317987,9.984742699414962,1.8911164421977753,12.784586668368902,0.013893493824447545,0.4495038304800385
nominal|force|75.00|0.00|0.800,nominal,force,1.4605,24.071493599271147,9.984723059646488,1.8901465002298468,12.78276323406737,0.01406479754107598,0.45055587254490215
nominal|force|75.00|0.00|0.800,nominal,force,1.4645,24.106093678294126,9.984703502696078,1.8891787261631912,12.780940119501958,0.014236574731957274,0.45160742808010257
nominal|force|75.00|0.00|0.800,nominal,force,1.4685,24.140594211368033,9.984684028244683,1.888213111221662,12.779117341764513,0.01440882404925986,0.45265849805046143
nominal|force|75.00|0.00|0.800,nominal,force,1.4725,24.174995677187646,9.984664635972182,1.8872496466583053,12.777294917683648,0.01458154415130003,0.4537090834167143
nominal|force|75.00|0.00|0.800,nominal,force,1.4765,24.209298552035513,9.984645325558063,1.886288323756012,12.775472863830984,0.014754733702264378,0.4547591851355173
nominal|force|75.00|0.00|0.800,nominal,force,1.4805,24.243503309794363,9.98462609668589,1.8853291338260567,12.773651196517198,0.014928391372494298,0.4558088041594684
nominal|force|75.00|0.00|0.800,nominal,force,1.4845,24.277610421959235,9.984606949036094,1.884372068209431,12.771829931800662,0.015102515838222308,0.4568579414371236
nominal|force|75.00|0.00|0.800,nominal,force,1.4885,24.3116203576496,9.984587882293146,1.8834171182760018,12.770009085486521,0.015277105781669187,0.4579065979130111
nominal|force|75.00|0.00|0.800,nominal,force,1.4925,24.345533583621457,9.984568896140894,1.8824642754254186,12.768188673135075,0.01545215989087051,0.45895477452764366
nominal|force|75.00|0.00|0.800,nominal,force,1.4965,24.379350564279417,9.984549990263623,1.8815135310859823,12.76636871005606,0.015627676859898687,0.4600024722175493
nominal|force|75.00|0.00|0.800,nominal,force,1.5005,24.413071761688602,9.984531164345169,1.8805648767148708,12.764549211314968,0.015803655388627047,0.4610496919152724
nominal|force|75.00|0.00|0.800,nominal,force,1.5045,24.446697635586514,9.984512418074061,1.8796183037998924,12.76273019174555,0.015980094182764526,0.4620964345493955
nominal|force|75.00|0.00|0.800,nominal,force,1.5085,24.48022864339493,9.984493751135476,1.8786738038570054,12.76091166593665,0.01615699195384873,0.4631427010445566
nominal|force|75.00|0.00|0.800,nominal,force,1.5125,24.513665240231635,9.98447516321453,1.8777313684314305,12.75909364824172,0.016334347419232065,0.4641884923214655
nominal|force|75.00|0.00|0.800,nominal,force,1.5165,24.547007878922162,9.984456654003907,1.8767909890981431,12.75727615278764,0.016512159302033147,0.46523380929691877
nominal|force|75.00|0.00|0.800,nominal,force,1.5205,24.58025701001141,9.98443822319008,1.8758526574610255,12.755459193467999,0.016690426331095187,0.4662786528838167
nominal|force|75.00|0.00|0.800,nominal,force,1.5245,24.613413081775278,9.984419870462801,1.8749163651527923,12.753642783946907,0.016869147241013738,0.4673230239911773
nominal|force|75.00|0.00|0.800,nominal,force,1.5285,24.646476540232168,9.984401595513182,1.873982103836448,12.751826937671657,0.017048320772074244,0.46836692352415626
nominal|force|75.00|0.00|0.800,nominal,force,1.5325,24.679447829154444,9.984383398030248,1.8730498652029544,12.75001166785906,0.01722794567021041,0.469410352384057
nominal|force|75.00|0.00|0.800,nominal,force,1.5365,24.712327390079913,9.984365277707187,1.8721196409730811,12.748196987511214,0.01740802068705971,0.4704533114683532
nominal|force|75.00|0.00|0.800,nominal,force,1.5405,24.745115662323077,9.984347234236761,1.8711914228967055,12.746382909413073,0.0175885445798038,0.4714958016706991
nominal|force|75.00|0.00|0.800,nominal,force,1.5445,24.77781308298654,9.984329267314932,1.8702652027533733,12.744569446139215,0.01776951611131422,0.4725378238809548
nominal|force|75.00|0.00|0.800,nominal,force,1.5485,24.81042008697217,9.984311376630998,1.869340972350436,12.74275661004181,0.01795093404997894,0.4735793789851862
nominal|force|75.00|0.00|0.800,nominal,force,1.5525,24.842937106992302,9.98429356188373,1.8684187235260497,12.740944413275928,0.018132797169750914,0.4746204678656945
nominal|force|75.00|0.00|0.800,nominal,force,1.5565,24.87536457358087,9.984275822767216,1.8674984481462154,12.739132867781542,0.018315104250106462,0.4756610914010267
nominal|force|75.00|0.00|0.800,nominal,force,1.5605,24.907702915104487,9.984258158979394,1.8665801381065672,12.737321985297374,0.018497854076086895,0.47670125046599393
nominal|force|75.00|0.00|0.800,nominal,force,1.5645,24.9399525577734,9.984240570213776,1.8656637853314577,12.735511777356866,0.01868104543813892,0.4777409459316813
nominal|force|75.00|0.00|0.800,nominal,force,1.5685,24.97211392565249,9.984223056173992,1.8647493817746796,12.733702255297697,0.01886467713217016,0.4787801786654679
nominal|force|75.00|0.00|0.800,nominal,force,1.5725,25.004187440672172,9.984205616555297,1.8638369194190896,12.731893430258935,0.019048747959563017,0.47981894953104576
nominal|force|75.00|0.00|0.800,nominal,force,1.5765,25.03617352263919,9.984188251059116,1.862926390276081,12.730085313182336,0.01923325672708448,0.4808572593884287
nominal|force|75.00|0.00|0.800,nominal,force,1.5805,25.06807258924746,9.984170959384077,1.8620177863862588,12.728277914816786,0.019418202246899996,0.48189510909396754
nominal|force|75.00|0.00|0.800,nominal,force,1.5845,25.09988505608875,9.984153741233808,1.8611110998192648,12.726471245723044,0.019603583336504082,0.48293249950037326
nominal|force|75.00|0.00|0.800,nominal,force,1.5885,25.131611336663376,9.984136596309066,1.8602063226735726,12.724665316271398,0.0197893988187689,0.4839694314567259
nominal|force|75.00|0.00|0.800,nominal,force,1.5925,25.163251842390846,9.98411952431292,1.8593034470766467,12.722860136646414,0.019975647521854045,0.48500590580849107
nominal|force|75.00|0.00|0.800,nominal,force,1.5965,25.194806982620374,9.984102524949488,1.8584024651844764,12.721055716847015,0.020162328279262065,0.4860419233975356
nominal|force|75.00|0.00|0.800,nominal,force,1.6005,25.226277164641417,9.984085597921604,1.8575033691821161,12.719252066691201,0.020349439929699675,0.48707748506214427
nominal|force|75.00|0.00|0.800,nominal,force,1.6045,25.25766279369413,9.984068742938154,1.8566061512837615,12.71744919581991,0.02053698131714715,0.4881125916370345
nominal|force|75.00|0.00|0.800,nominal,force,1.6085,25.288964272979783,9.98405195970194,1.8557108037315708,12.715647113690364,0.020724951290816696,0.4891472439533663
nominal|force|75.00|0.00|0.800,nominal,force,1.6125,25.32018200367106,9.984035247922213,1.8548173187969461,12.713845829588413,0.020913348705083046,0.49018144283876697
nominal|force|75.00|0.00|0.800,nominal,force,1.6165,25.351316384922445,9.984018607305874,1.8539256887801936,12.712045352627,0.02110217241953899,0.49121518911733825
nominal|force|75.00|0.00|0.800,nominal,force,1.6205,25.38236781388036,9.984002037562789,1.8530359060094987,12.71024569174297,0.021291421298912094,0.49224848360967394
nominal|force|75.00|0.00|0.800,nominal,force,1.6245,25.41333668569345,9.983985538399395,1.8521479628423103,12.708446855706773,0.021481094213050833,0.49328132713287604
nominal|force|75.00|0.00|0.800,nominal,force,1.6285,25.44422339352263,9.98396910952879,1.8512618516640196,12.706648853118793,0.021671190036945398,0.4943137205005695
nominal|force|75.00|0.00|0.800,nominal,force,1.6325,25.47502832855127,9.983952750661452,1.8503775648896952,12.704851692420274,0.021861707650637496,0.4953456645229158
nominal|force|75.00|0.00|0.800,nominal,force,1.6365,25.50575187999515,9.983936461510156,1.8494950949618925,12.703055381883004,0.02205264593922035,0.496377160006626
nominal|force|75.00|0.00|0.800,nominal,force,1.6405,25.53639443511248,9.983920241786283,1.8486144343514157,12.70125992961481,0.02224400379288033,0.49740820775498007
nominal|force|75.00|0.00|0.800,nominal,force,1.6445,25.5669563792138,9.98390409120426,1.8477355755586375,12.699465343571891,0.02243578010672348,0.49843880856783823
nominal|force|75.00|0.00|0.800,nominal,force,1.6485,25.59743809567195,9.983888009478585,1.8468585111110338,12.697671631545022,0.02262797378099063,0.49946896324165946
nominal|force|75.00|0.00|0.800,nominal,force,1.6525,25.627839965931777,9.983871996324153,1.8459832335648143,12.695878801170728,0.022820583720765952,0.5004986725695113
nominal|force|75.00|0.00|0.800,nominal,force,1.6565,25.65816236951998,9.983856051458185,1.845109735505396,12.694086859937983,0.023013608836143506,0.5015279373410841
nominal|force|75.00|0.00|0.800,nominal,force,1.6605,25.688405684054864,9.983840174598642,1.844238009544691,12.692295815172548,0.023207048042130085,0.5025567583427142
nominal|force|75.00|0.00|0.800,nominal,force,1.6645,25.71857028525598,9.983824365460066,1.8433680483241648,12.690505674057473,0.023400900258672974,0.5035851363573881
nominal|force|75.00|0.00|0.800,nominal,force,1.6685,25.74865654695374,9.983808623761757,1.8424998445126815,12.688716443623367,0.02359516441054199,0.5046130721647609
nominal|force|75.00|0.00|0.800,nominal,force,1.6725,25.778664841099037,9.983792949227801,1.8416333908076508,12.686928130757815,0.023789839427391934,0.5056405665411736
nominal|force|75.00|0.00|0.800,nominal,force,1.6765,25.808595537772778,9.983777341573164,1.8407686799341147,12.685140742198747,0.023984924243741768,0.5066676202596632
nominal|force|75.00|0.00|0.800,nominal,force,1.6805,25.838449005195315,9.983761800522307,1.8399057046454586,12.683354284544407,0.02418041779889829,0.5076942340899798
nominal|force|75.00|0.00|0.800,nominal,force,1.6845,25.868225609735962,9.983746325796053,1.839044457722304,12.681568764246848,0.024376319037004712,0.5087204087985989
nominal|force|75.00|0.00|0.800,nominal,force,1.6885,25.89792571592229,9.983730917120349,1.8381849319743941,12.679784187626463,0.024572626906894934,0.5097461451487354
nominal|force|75.00|0.00|0.800,nominal,force,1.6925,25.927549686449538,9.983715574215276,1.837327120237799,12.678000560854462,0.024769340362239267,0.510771443900361
nominal|force|75.00|0.00|0.800,nominal,force,1.6965,25.957097882189856,9.983700296806132,1.8364710153776564,12.676217889974584,0.024966458361391775,0.5117963058102125
nominal|force|75.00|0.00|0.800,nominal,force,1.7005,25.98657066220157,9.983685084618426,1.8356166102854314,12.674436180887126,0.025163979867438846,0.5128207316318154
nominal|force|75.00|0.00|0.800,nominal,force,1.7045,26.015968383738386,9.983669937382144,1.8347638978822183,12.672655439372317,0.025361903848129808,0.51384472211549
nominal|force|75.00|0.00|0.800,nominal,force,1.7085,26.045291402258503,9.98365485482171,1.833912871114594,12.670875671063822,0.025560229275932433,0.5148682780083642
nominal|force|75.00|0.00|0.800,nominal,force,1.7125,26.07454007143374,9.983639836663086,1.8330635229574834,12.669096881470004,0.025758955127901106,0.515891400054394
nominal|force|75.00|0.00|0.800,nominal,force,1.7165,26.10371474315859,9.983624882639445,1.8322158464143743,12.667319075979535,0.025958080385704574,0.5169140889943725
nominal|force|75.00|0.00|0.800,nominal,force,1.7205,26.13281576755923,9.983609992478469,1.831369834514678,12.665542259843072,0.02615760403568146,0.5179363455659458
nominal|force|75.00|0.00|0.800,nominal,force,1.7245,26.161843493002472,9.983595165911561,1.8305254803155577,12.663766438189068,0.0263575250687223,0.5189581705036285
nominal|force|75.00|0.00|0.800,nominal,force,1.7285,26.19079826610468,9.983580402670182,1.829682776902374,12.661991616027336,0.026557842480255667,0.5199795645388112
nominal|force|75.00|0.00|0.800,nominal,force,1.7325,26.219680431740635,9.983565702487669,1.8288417173863278,12.66021779823687,0.02675855527028287,0.5210005283997826
nominal|force|75.00|0.00|0.800,nominal,force,1.7365,26.248490333052374,9.98355106509581,1.8280022949070471,12.6584449895829,0.02695966244325998,0.5220210628117334
nominal|force|75.00|0.00|0.800,nominal,force,1.7405,26.277228311457964,9.983536490229316,1.8271645026305594,12.656673194707043,0.027161163008208866,0.5230411684967808
nominal|force|75.00|0.00|0.800,nominal,force,1.7445,26.305894706660244,9.983521977623244,1.8263283337499925,12.65490241813418,0.027363055978613104,0.5240608461739754
nominal|force|75.00|0.00|0.800,nominal,force,1.7485,26.3344898566555,9.983507527013504,1.8254937814859815,12.653132664274196,0.027565340372397162,0.5250800965593154
nominal|force|75.00|0.00|0.800,nominal,force,1.7525,26.363014097742138,9.983493138138602,1.8246608390858194,12.651363937422563,0.027768015211947217,0.5260989203657591
nominal|force|75.00|0.00|0.800,nominal,force,1.7565,26.39146776452924,9.98347881073411,1.823829499823744,12.649596241759003,0.027971079524034825,0.5271173183032402
nominal|force|75.00|0.00|0.800,nominal,force,1.7605,26.419851189945152,9.983464544538204,1.822999757000322,12.647829581349637,0.028174532339837743,0.5281352910786821
nominal|force|75.00|0.00|0.800,nominal,force,1.7645,26.44816470524601,9.983450339291952,1.8221716039440095,12.646063960156537,0.028378372694919107,0.5291528393960095
nominal|force|75.00|0.00|0.800,nominal,force,1.7685,26.47640864002419,9.983436194734095,1.8213450340084796,12.644299382023402,0.028582599629171923,0.5301699639561612
nominal|force|75.00|0.00|0.800,nominal,force,1.7725,26.50458332221673,9.983422110608277,1.8205200405756,12.642535850695909,0.0287872121868607,0.5311866654571064
nominal|force|75.00|0.00|0.800,nominal,force,1.7765,26.53268907811372,9.983408086653707,1.819696617052387,12.640773369803416,0.028992209416524306,0.5322029445938522
nominal|force|75.00|0.00|0.800,nominal,force,1.7805,26.560726232366655,9.98339412261459,1.8188747568737709,12.639011942879812,0.029197590371045357,0.533218802058464
nominal|force|75.00|0.00|0.800,nominal,force,1.7845,26.588695107996713,9.983380218232911,1.8180544534992134,12.637251573342118,0.029403354107525315,0.5342342385400686
nominal|force|75.00|0.00|0.800,nominal,force,1.7885,26.616596026403037,9.98336637325702,1.8172357004171102,12.635492264522384,0.02960949968735388,0.5352492547248814
nominal|force|75.00|0.00|0.800,nominal,force,1.7925,26.6444293073709,9.983352587430398,1.8164184911398324,12.633734019635655,0.02981602617612572,0.5362638512962061
nominal|force|75.00|0.00|0.800,nominal,force,1.7965,26.672195269079953,9.983338860497033,1.8156028192069968,12.631976841802613,0.030022932643723743,0.5372780289344539
nominal|force|75.00|0.00|0.800,nominal,force,1.8005,26.699894228112278,9.983325192207275,1.814788678184578,12.630220734047764,0.0302302181641248,0.5382917883171554
nominal|force|75.00|0.00|0.800,nominal,force,1.8045,26.727526499460517,9.983311582307769,1.8139760616643634,12.628465699295441,0.030437881815552348,0.5393051301189755
nominal|force|75.00|0.00|0.800,nominal,force,1.8085,26.75509239653591,9.983298030547717,1.8131649632637408,12.626711740371215,0.03064592268037236,0.5403180550117185
nominal|force|75.00|0.00|0.800,nominal,force,1.8125,26.782592231176313,9.983284536676925,1.8123553766273122,12.624958860013615,0.03085433984507252,0.5413305636643545
nominal|force|75.00|0.00|0.800,nominal,force,1.8165,26.810026313654145,9.983271100445483,1.8115472954239806,12.623207060856746,0.031063132400276083,0.5423426567430157
nominal|force|75.00|0.00|0.800,nominal,force,1.8205,26.837394952684306,9.983257721604161,1.8107407133497468,12.62145634545062,0.031272299440658624,0.5433543349110216
nominal|force|75.00|0.00|0.800,nominal,force,1.8245,26.864698455432094,9.98324439990975,1.8099356241259885,12.619706716252068,0.03148184006507293,0.5443655988288919
nominal|force|75.00|0.00|0.800,nominal,force,1.8285,26.89193712752102,9.983231135109964,1.8091320214996647,12.617958175625157,0.03169175337634084,0.5453764491543449
nominal|force|75.00|0.00|0.800,nominal,force,1.8325,26.91911127304061,9.983217926961322,1.8083298992432455,12.61621072584532,0.03190203848135037,0.5463868865423246
nominal|force|75.00|0.00|0.800,nominal,force,1.8365,26.946221194554177,9.983204775219596,1.807529251155155,12.614464369102972,0.03211269449100024,0.5473969116450081
nominal|force|75.00|0.00|0.800,nominal,force,1.8405,26.973267193106558,9.983191679639074,1.8067300710588805,12.612719107498336,0.03232372052023452,0.5484065251118206
nominal|force|75.00|0.00|0.800,nominal,force,1.8445,27.00024956823178,9.98317863997676,1.805932352803607,12.610974943048124,0.032535115687952476,0.5494157275894412
nominal|force|75.00|0.00|0.800,nominal,force,1.8485,27.02716861796072,9.983165655989037,1.8051360902636437,12.609231877682909,0.032746879117036276,0.5504245197218212
nominal|force|75.00|0.00|0.800,nominal,force,1.8525,27.05402463882868,9.983152727439101,1.8043412773386571,12.607489913251621,0.03295900993429551,0.5514329021501971
nominal|force|75.00|0.00|0.800,nominal,force,1.8565,27.080817925883004,9.98313985408071,1.8035479079541687,12.605749051522945,0.03317150727043944,0.5524408755130858
nominal|force|75.00|0.00|0.800,nominal,force,1.8605,27.107548772690564,9.983127035676898,1.802755976059479,12.604009294176933,0.03338437026016716,0.5534484404463316
nominal|force|75.00|0.00|0.800,nominal,force,1.8645,27.13421747134524,9.983114271986437,1.8019654756299175,12.602270642819665,0.033597598041973376,0.5544555975830858
nominal|force|75.00|0.00|0.800,nominal,force,1.8685,27.16082431247547,9.983101562772818,1.8011764006654025,12.600533098975394,0.03381118975833569,0.555462347553837
nominal|force|75.00|0.00|0.800,nominal,force,1.8725,27.18736958525148,9.983088907799422,1.8003887451914065,12.598796664095287,0.03402514455545097,0.5564686909864096
nominal|force|75.00|0.00|0.800,nominal,force,1.8765,27.21385357739291,9.983076306828595,1.7996025032572676,12.597061339545792,0.034239461583519815,0.5574746285059917
nominal|force|75.00|0.00|0.800,nominal,force,1.8805,27.240276575175876,9.983063759623521,1.798817668937745,12.59532712662186,0.034454139996399624,0.558480160735129
nominal|force|75.00|0.00|0.800,nominal,force,1.8845,27.266638863440512,9.983051265950628,1.7980342363323105,12.5935940265439,0.034669178951805824,0.5594852882937494
nominal|force|75.00|0.00|0.800,nominal,force,1.8885,27.292940725598083,9.983038825576516,1.797252199564211,12.591862040453961,0.03488457761133962,0.5604900117991872
nominal|force|75.00|0.00|0.800,nominal,force,1.8925,27.31918244363828,9.983026438268618,1.796471552782695,12.590131169429142,0.03510033514023819,0.5614943318661557
nominal|force|75.00|0.00|0.800,nominal,force,1.8965,27.345364298136353,9.983014103793272,1.7956922901603893,12.588401414467004,0.035316450707485736,0.5624982491067897
nominal|force|75.00|0.00|0.800,nominal,force,1.9005,27.37148656826033,9.983001821917586,1.7949144058942452,12.586672776494606,0.03553292348585507,0.5635017641306588
nominal|force|75.00|0.00|0.800,nominal,force,1.9045,27.397549531778125,9.982989592413734,1.7941378942064585,12.584945256374475,0.035749752651838274,0.5645048775447631
nominal|force|75.00|0.00|0.800,nominal,force,1.9085,27.42355346506455,9.982977415052213,1.793362749342851,12.583218854896598,0.03596693738555645,0.5655075899535527
nominal|force|75.00|0.00|0.800,nominal,force,1.9125,27.44949864310845,9.982965289603678,1.79258896557325,12.581493572780671,0.036184476870877724,0.5665099019589412
nominal|force|75.00|0.00|0.800,nominal,force,1.9165,27.47538533951962,9.982953215838672,1.7918165371920685,12.579769410682621,0.03640237029522292,0.5675118141603116
nominal|force|75.00|0.00|0.800,nominal,force,1.9205,27.50121382653587,9.98294119353103,1.7910454585173399,12.578046369189524,0.036620616849787624,0.5685133271545354
nominal|force|75.00|0.00|0.800,nominal,force,1.9245,27.526984375029897,9.98292922245433,1.7902757238914766,12.576324448825492,0.036839215729299324,0.5695144415359731
nominal|force|75.00|0.00|0.800,nominal,force,1.9285,27.55269725451622,9.982917302384402,1.7895073276805535,12.57460365004922,0.037058166132121484,0.5705151578964994
nominal|force|75.00|0.00|0.800,nominal,force,1.9325,27.578352733158038,9.982905433093169,1.7887402642727104,12.572883973243833,0.03727746726026049,0.5715154768255039
nominal|force|75.00|0.00|0.800,nominal,force,1.9365,27.603951077774042,9.982893614359217,1.7879745280858184,12.571165418767809,0.03749711831916441,0.5725153989099001
nominal|force|75.00|0.00|0.800,nominal,force,1.9405,27.629492553845225,9.982881845960307,1.787210113553118,12.569447986866592,0.037717118517917314,0.5735149247341464
nominal|force|75.00|0.00|0.800,nominal,force,1.9445,27.654977425521672,9.982870127673577,1.786447015136675,12.567731677756658,0.03793746706918372,0.574514054880262
nominal|force|75.00|0.00|0.800,nominal,force,1.9485,27.680405955629222,9.98285845927692,1.7856852273211608,12.56601649158825,0.03815816318904902,0.5755127899278156
nominal|force|75.00|0.00|0.800,nominal,force,1.9525,27.70577840567627,9.982846840550955,1.7849247446141268,12.564302428449746,0.03837920609720685,0.576511130453958
nominal|force|75.00|0.00|0.800,nominal,force,1.9565,27.73109503586027,9.982835271273771,1.7841655615463414,12.562589488369106,0.038600595016743955,0.5775090770334219
nominal|force|75.00|0.00|0.800,nominal,force,1.9605,27.75635610507452,9.982823751229459,1.7834076726727581,12.560877671323428,0.03882232917427203,0.5785066302385397
nominal|force|75.00|0.00|0.800,nominal,force,1.9645,27.781561870914665,9.98281228019785,1.7826510725708284,12.559166977227594,0.03904440779985835,0.5795037906392455
nominal|force|75.00|0.00|0.800,nominal,force,1.9685,27.806712589685254,9.982800857963342,1.7818957558412558,12.55745740594158,0.03926683012699106,0.5805005588030976
nominal|force|75.00|0.00|0.800,nominal,force,1.9725,27.831808516406312,9.982789484309137,1.7811417171078603,12.555748957270806,0.039489595392606935,0.5814969352952815
nominal|force|75.00|0.00|0.800,nominal,force,1.9765,27.856849904819754,9.982778159018304,1.7803889510173434,12.55404163096454,0.03971270283699424,0.582492920678619
nominal|force|75.00|0.00|0.800,nominal,force,1.9805,27.881837007395955,9.982766881878907,1.7796374522393816,12.55233542671996,0.03993615170387599,0.5834885155135887
nominal|force|75.00|0.00|0.800,nominal,force,1.9845,27.90677007534007,9.98275565267431,1.7788872154667452,12.550630344182244,0.04015994124034056,0.5844837203583271
nominal|force|75.00|0.00|0.800,nominal,force,1.9885,27.931649358598452,9.982744471191655,1.7781382354143311,12.548926382940476,0.04038407069678618,0.5854785357686427
nominal|force|75.00|0.00|0.800,nominal,force,1.9925,27.95647510586509,9.982733337221797,1.7773905068201785,12.547223542536239,0.040608539327031956,0.5864729622980301
nominal|force|75.00|0.00|0.800,nominal,force,1.9965,27.98124756458782,9.982722250550795,1.7766440244451027,12.545521822460447,0.040833346388165215,0.5874670004976745
nominal|force|75.00|0.00|0.800,nominal,force,2.0005,28.00596698097472,9.982711210966878,1.7758987830717752,12.543821222149798,0.04105849114057619,0.5884606509164647
nominal|force|75.00|0.00|0.800,nominal,force,2.0045,28.030633600000296,9.982700218262524,1.7751547775058114,12.542121740995928,0.04128397284799967,0.5894539141010097
nominal|force|75.00|0.00|0.800,nominal,force,2.0085,28.055247665411752,9.982689272226201,1.774412002575159,12.540423378340508,0.04150979077737621,0.5904467905956363
nominal|force|75.00|0.00|0.800,nominal,force,2.0125,28.079809419735206,9.982678372652853,1.7736704531300884,12.538726133478889,0.04173594419897009,0.5914392809424122
nominal|force|75.00|0.00|0.800,nominal,force,2.0165,28.104319104281814,9.982667519334116,1.7729301240429187,12.537030005657957,0.041962432386279114,0.5924313856811547
nominal|force|75.00|0.00|0.800,nominal,force,2.0205,28.128776959153964,9.982656712060484,1.77219101020805,12.53533499407608,0.04218925461596523,0.5934231053494178
nominal|force|75.00|0.00|0.800,nominal,force,2.0245,28.15318322325131,9.982645950631214,1.7714531065421795,12.533641097890422,0.0424164101679933,0.5944144404825497
nominal|force|75.00|0.00|0.800,nominal,force,2.0285,28.177538134276908,9.982635234836783,1.7707164079839641,12.531948316210007,0.042643898325471497,0.5954053916136602
nominal|force|75.00|0.00|0.800,nominal,force,2.0325,28.201841928743235,9.982624564475847,1.769980909494124,12.530256648102725,0.042871718374699885,0.5963959592736473
nominal|force|75.00|0.00|0.800,nominal,force,2.0365,28.226094841978195,9.98261393934228,1.769246606054384,12.528566092585939,0.04309986960516349,0.5973861439912105
nominal|force|75.00|0.00|0.800,nominal,force,2.0405,28.25029710813112,9.982603359235856,1.7685134926696184,12.526876648643878,0.043328351309476765,0.5983759462928544
nominal|force|75.00|0.00|0.800,nominal,force,2.0445,28.2744489601787,9.982592823954015,1.7677815643654744,12.525188315211906,0.04355716278338362,0.5993653667028987
nominal|force|75.00|0.00|0.800,nominal,force,2.0485,28.298550629930922,9.982582333295731,1.7670508161887677,12.523501091180956,0.04378630332577821,0.6003544057434972
nominal|force|75.00|0.00|0.800,nominal,force,2.0525,28.322602348036984,9.982571887062038,1.7663212432092061,12.521814975410427,0.04401577223866332,0.6013430639346397
nominal|force|75.00|0.00|0.800,nominal,force,2.0565,28.346604343991096,9.982561485051834,1.7655928405169905,12.520129966711657,0.04424556882710873,0.6023313417941617
nominal|force|75.00|0.00|0.800,nominal,force,2.0605,28.37055684613837,9.982551127066621,1.7648656032238212,12.518446063857862,0.04447569239929977,0.6033192398377583
nominal|force|75.00|0.00|0.800,nominal,force,2.0645,28.394460081680553,9.982540812908535,1.764139526462822,12.516763265583313,0.044706142266398574,0.6043067585789903
nominal|force|75.00|0.00|0.800,nominal,force,2.0685,28.418314276681894,9.982530542381014,1.7634146053889026,12.515081570587384,0.04493691774271752,0.6052938985292985
nominal|force|75.00|0.00|0.800,nominal,force,2.0725,28.442119656074816,9.982520315286644,1.7626908351766872,12.513400977522346,0.045168018145531896,0.6062806601980094
nominal|force|75.00|0.00|0.800,nominal,force,2.0765,28.465876443665646,9.982510131432582,1.7619682110236907,12.511721485014924,0.04539944279514929,0.6072670440923474
nominal|force|75.00|0.00|0.800,nominal,force,2.0805,28.489584862140326,9.982499990620092,1.7612467281468045,12.510043091643698,0.04563119101489571,0.6082530507174447
nominal|force|75.00|0.00|0.800,nominal,force,2.0845,28.513245133070022,9.982489892658837,1.760526381785106,12.508365795959952,0.045863262131067006,0.6092386805763497
nominal|force|75.00|0.00|0.800,nominal,force,2.0885,28.5368574769168,9.982479837352594,1.7598071671976054,12.50668959647295,0.046095655472942754,0.6102239341700358
nominal|force|75.00|0.00|0.800,nominal,force,2.0925,28.56042211303919,9.982469824511652,1.7590890796648957,12.505014491662187,0.04632837037275156,0.6112088119974138
nominal|force|75.00|0.00|0.800,nominal,force,2.0965,28.583939259697775,9.98245985394192,1.7583721144875593,12.503340479967669,0.04656140616568494,0.6121933145553405
nominal|force|75.00|0.00|0.800,nominal,force,2.1005,28.607409134060738,9.982449925456015,1.7576562669875788,12.50166755980182,0.0467947621898418,0.6131774423386269
nominal|force|75.00|0.00|0.800,nominal,force,2.1045,28.630831952209356,9.982440038859933,1.756941532506605,12.499995729535506,0.04702843778627702,0.6141611958400464
nominal|force|75.00|0.00|0.800,nominal,force,2.1085,28.654207929143485,9.982430193966634,1.7562279064072652,12.498324987511989,0.04726243229889043,0.6151445755503493
nominal|force|75.00|0.00|0.800,nominal,force,2.1125,28.677537278787046,9.982420390585977,1.7555153840729,12.496655332043057,0.04749674507453089,0.6161275819582717
nominal|force|75.00|0.00|0.800,nominal,force,2.1165,28.700820213993413,9.982410628531413,1.7548039609065007,12.494986761405281,0.047731375462864434,0.6171102155505344
nominal|force|75.00|0.00|0.800,nominal,force,2.1205,28.72405694655086,9.982400907615594,1.7540936323318386,12.493319273846303,0.047966322816443696,0.6180924768118672
nominal|force|75.00|0.00|0.800,nominal,force,2.1245,28.74724768718791,9.982391227651544,1.7533843937927227,12.491652867582788,0.04820158649065237,0.619074366225009
nominal|force|75.00|0.00|0.800,nominal,force,2.1285,28.7703926455787,9.982381588455041,1.7526762407530911,12.489987540801193,0.048437165843739916,0.6200558842707202
nominal|force|75.00|0.00|0.800,nominal,force,2.1325,28.79349203034828,9.982371989837988,1.7519691686967342,12.488323291656313,0.048673060236752164,0.6210370314277898
nominal|force|75.00|0.00|0.800,nominal,force,2.1365,28.816546049077914,9.982362431620892,1.7512631731274415,12.486660118275688,0.04890926903353826,0.6220178081730461
nominal|force|75.00|0.00|0.800,nominal,force,2.1405,28.839554908310348,9.98235291361804,1.750558249569314,12.484998018759475,0.04914579160073679,0.6229982149813669
nominal|force|75.00|0.00|0.800,nominal,force,2.1445,28.862518813555088,9.982343435645557,1.7498543935652457,12.483336991173154,0.04938262730776882,0.6239782523256863
nominal|force|75.00|0.00|0.800,nominal,force,2.1485,28.885437969293513,9.982333997523416,1.749151600679312,12.481677033564138,0.049619775526803245,0.6249579206770038
nominal|force|75.00|0.00|0.800,nominal,force,2.1525,28.90831257898418,9.982324599072111,1.7484498664945012,12.48001814394841,0.04985723563277755,0.6259372205043967
nominal|force|75.00|0.00|0.800,nominal,force,2.1565,28.931142845067903,9.982315240105793,1.7477491866128172,12.478360320309317,0.05009500700334929,0.6269161522750216
nominal|force|75.00|0.00|0.800,nominal,force,2.1605,28.953928968972946,9.982305920449598,1.74704955665661,12.47670356061163,0.05033308901893768,0.6278947164541359
nominal|force|75.00|0.00|0.800,nominal,force,2.1645,28.97667115112007,9.98229663992493,1.746350972267843,12.475047862794577,0.05057148106259873,0.6288729135050923
nominal|force|75.00|0.00|0.800,nominal,force,2.1685,28.999369590927653,9.982287398352463,1.7456534291072607,12.473393224767957,0.05081018252015013,0.6298507438893589
nominal|force|75.00|0.00|0.800,nominal,force,2.1725,29.022024486816775,9.982278195552732,1.7449569228543544,12.471739644412615,0.051049192780115715,0.6308282080665243
nominal|force|75.00|0.00|0.800,nominal,force,2.1765,29.04463603621618,9.982269031351617,1.7442614492096356,12.470087119597018,0.05128851123360062,0.6318053064942978
nominal|force|75.00|0.00|0.800,nominal,force,2.1805,29.067204435567298,9.982259905572164,1.7435670038910307,12.4684356481552,0.05152813727441613,0.632782039628536
nominal|force|75.00|0.00|0.800,nominal,force,2.1845,29.08972988032927,9.982250818037851,1.7428735826362196,12.46678522790015,0.051768070299010316,0.6337584079232353
nominal|force|75.00|0.00|0.800,nominal,force,2.1885,29.112212564983896,9.982241768577321,1.7421811812022603,12.465135856626011,0.05200830970650272,0.6347344118305501
nominal|force|75.00|0.00|0.800,nominal,force,2.1925,29.13465268304051,9.982232757012849,1.7414897953642148,12.46348753209644,0.05224885489858028,0.6357100518007972
nominal|force|75.00|0.00|0.800,nominal,force,2.1965,29.157050427040936,9.982223783175943,1.7407994209173465,12.461840252063483,0.052489705279545884,0.6366853282824644
nominal|force|75.00|0.00|0.800,nominal,force,2.2005,29.17940598856432,9.982214846889358,1.7401100536741518,12.46019401424482,0.052730860256290646,0.6376602417222192
nominal|force|75.00|0.00|0.800,nominal,force,2.2045,29.201719558232064,9.982205947985426,1.7394216894669863,12.458548816345857,0.05297231923832163,0.6386347925649227
nominal|force|75.00|0.00|0.800,nominal,force,2.2085,29.22399132571257,9.982197086292523,1.7387343241465334,12.456904656048904,0.05321408163766472,0.639608981253629
nominal|force|75.00|0.00|0.800,nominal,force,2.2125,29.246221479726096,9.98218826163863,1.7380479535820208,12.455261531013559,0.05345614686892014,0.640582808229599
nominal|force|75.00|0.00|0.800,nominal,force,2.2165,29.26841020804955,9.982179473855913,1.7373625736607057,12.453619438878512,0.053698514349269366,0.6415562739323093
nominal|force|75.00|0.00|0.800,nominal,force,2.2205,29.290557697521166,9.982170722773178,1.7366781802889382,12.45197837726457,0.053941183498350254,0.6425293787994596
nominal|force|75.00|0.00|0.800,nominal,force,2.2245,29.312664134045356,9.982162008224506,1.7359947693911597,12.450338343773446,0.05418415373840274,0.6435021232669811
nominal|force|75.00|0.00|0.800,nominal,force,2.2285,29.33472970259732,9.982153330041225,1.7353123369105352,12.448699335988984,0.05442742449408844,0.6444745077690386
nominal|force|75.00|0.00|0.800,nominal,force,2.2325,29.35675458722776,9.982144688058911,1.7346308788074605,12.447061351471287,0.054670995192622474,0.6454465327380523
nominal|force|75.00|0.00|0.800,nominal,force,2.2365,29.37873897106755,9.982136082109557,1.7339503910614529,12.445424387767392,0.054914865263634705,0.6464181986046942
nominal|force|75.00|0.00|0.800,nominal,force,2.2405,29.40068303633238,9.982127512027862,1.7332708696695491,12.443788442403047,0.05515903413928769,0.6473895057979004
nominal|force|75.00|0.00|0.800,nominal,force,2.2445,29.422586964327397,9.98211897765022,1.732592310646963,12.442153512887764,0.05540350125418647,0.6483604547448827
nominal|force|75.00|0.00|0.800,nominal,force,2.2485,29.444450935451723,9.982110478811284,1.7319147100267513,12.440519596712765,0.05564826604540635,0.6493310458711287
nominal|force|75.00|0.00|0.800,nominal,force,2.2525,29.46627512920304,9.98210201534905,1.731238063860281,12.438886691356554,0.05589332795235408,0.6503012796004172
nominal|force|75.00|0.00|0.800,nominal,force,2.2565,29.4880597241822,9.982093587100582,1.7305623682156581,12.437254794272327,0.05613868641695524,0.6512711563548198
nominal|force|75.00|0.00|0.800,nominal,force,2.2605,29.50980489809768,9.982085193904949,1.7298876191786565,12.435623902898651,0.056384340883543216,0.6522406765547205
nominal|force|75.00|0.00|0.800,nominal,force,2.2645,29.531510827770123,9.982076835599713,1.729213812856986,12.433994014684577,0.05663029079876203,0.6532098406188054
nominal|force|75.00|0.00|0.800,nominal,force,2.2685,29.553177689136756,9.982068512023396,1.7285409453684655,12.432365127015768,0.056876535611712076,0.6541786489640856
nominal|force|75.00|0.00|0.800,nominal,force,2.2725,29.574805657255915,9.982060223018497,1.72786901285378,12.430737237298368,0.05712307477388073,0.6551471020059073
nominal|force|75.00|0.00|0.800,nominal,force,2.2765,29.596394906311417,9.982051968423834,1.7271980114694383,12.429110342911613,0.05736990773905909,0.6561152001579408
nominal|force|75.00|0.00|0.800,nominal,force,2.2805,29.617945609616974,9.98204374808272,1.7265279373897378,12.427484441224387,0.05761703396339052,0.6570829438322094
nominal|force|75.00|0.00|0.800,nominal,force,2.2845,29.639457939620637,9.982035561835303,1.725858786805902,12.425859529587772,0.05786445290541231,0.6580503334390849
nominal|force|75.00|0.00|0.800,nominal,force,2.2885,29.66093206790912,9.982027409526859,1.7251905559264304,12.4242356053404,0.058112164025965474,0.6590173693872966
nominal|force|75.00|0.00|0.800,nominal,force,2.2925,29.68236816521211,9.98201929099907,1.7245232409768128,12.422612665805353,0.058360166788187784,0.659984052083947
nominal|force|75.00|0.00|0.800,nominal,force,2.2965,29.7037664014066,9.982011206096931,1.723856838200475,12.42099070829828,0.05860846065752767,0.6609503819345081
nominal|force|75.00|0.00|0.800,nominal,force,2.3005,29.72512694552123,9.982003154666778,1.7231913438571873,12.41936973011802,0.05885704510170259,0.6619163593428341
nominal|force|75.00|0.00|0.800,nominal,force,2.3045,29.74644996574053,9.981995136550655,1.7225267542228477,12.41774972854433,0.059105919590768385,0.6628819847111739
nominal|force|75.00|0.00|0.800,nominal,force,2.3085,29.767735629409184,9.981987151597199,1.7218630655922327,12.41613070085834,0.059355083597015246,0.663847258440174
nominal|force|75.00|0.00|0.800,nominal,force,2.3125,29.78898410303623,9.981979199652711,1.7212002742755461,12.414512644320492,0.05960453659498155,0.6648121809288808
nominal|force|75.00|0.00|0.800,nominal,force,2.3165,29.810195552299337,9.981971280563128,1.7205383765995554,12.412895556176874,0.059854278061488575,0.6657767525747587
nominal|force|75.00|0.00|0.800,nominal,force,2.3205,29.831370142048915,9.981963394179685,1.7198773689090865,12.411279433672743,0.06010430747555723,0.6667409737736919
nominal|force|75.00|0.00|0.800,nominal,force,2.3245,29.852508036312354,9.98195554034866,1.7192172475639782,12.409664274030925,0.060354624318477434,0.6677048449199924
nominal|force|75.00|0.00|0.800,nominal,force,2.3285,29.87360939829812,9.981947718920583,1.7185580089418133,12.408050074471465,0.060605228073697115,0.6686683664064057
nominal|force|75.00|0.00|0.800,nominal,force,2.3325,29.894674390399896,9.981939929745064,1.717899649435972,12.406436832198718,0.060856118226905453,0.6696315386241215
nominal|force|75.00|0.00|0.800,nominal,force,2.3365,29.9157031742007,9.98193217267459,1.7172421654565175,12.404824544409916,0.06110729426597045,0.6705943619627782
nominal|force|75.00|0.00|0.800,nominal,force,2.3405,29.936695910476974,9.981924447557411,1.7165855534298111,12.403213208289943,0.06135875568096666,0.6715568368104741
nominal|force|75.00|0.00|0.800,nominal,force,2.3445,29.95765275920261,9.981916754248473,1.7159298097986626,12.401602821017462,0.06161050196407808,0.6725189635537709
nominal|force|75.00|0.00|0.800,nominal,force,2.3485,29.97857387955304,9.981909092598356,1.7152749310219193,12.39999337975787,0.06186253260971608,0.6734807425777013
nominal|force|75.00|0.00|0.800,nominal,force,2.3525,29.999459429909223,9.981901462460076,1.7146209135741421,12.398384881666573,0.06211484711441534,0.674442174265778
nominal|force|75.00|0.00|0.800,nominal,force,2.3565,30.02030956786167,9.981893863690082,1.7139677539472027,12.396777323897414,0.06236744497684771,0.6754032590000011
nominal|force|75.00|0.00|0.800,nominal,force,2.3605,30.041124450214443,9.981886296140951,1.7133154486476794,12.39517070358664,0.06262032569782222,0.6763639971608615
nominal|force|75.00|0.00|0.800,nominal,force,2.3645,30.061904232989026,9.981878759668756,1.7126639941985655,12.393565017865654,0.06287348878023652,0.6773243891273543
nominal|force|75.00|0.00|0.800,nominal,force,2.3685,30.082649071428385,9.981871254126984,1.7120133871389467,12.39196026385814,0.06312693372914624,0.6782844352769817
nominal|force|75.00|0.00|0.800,nominal,force,2.3725,30.103359120000842,9.9818637793747,1.7113636240242098,12.39035643868416,0.06338066005166787,0.6792441359857575
nominal|force|75.00|0.00|0.800,nominal,force,2.3765,30.12403453240394,9.981856335269574,1.710714701424209,12.388753539447572,0.06363466725699957,0.6802034916282192
nominal|force|75.00|0.00|0.800,nominal,force,2.3805,30.144675461568376,9.98184892166649,1.7100666159252733,12.387151563248267,0.06388895485644197,0.6811625025774336
nominal|force|75.00|0.00|0.800,nominal,force,2.3845,30.165282059661852,9.981841538424963,1.7094193641277573,12.385550507171153,0.06414352236337045,0.6821211692050083
nominal|force|75.00|0.00|0.800,nominal,force,2.3885,30.185854478092917,9.981834185405194,1.708772942654,12.383950368333299,0.06439836929316572,0.6830794918810802
nominal|force|75.00|0.00|0.800,nominal,force,2.3925,30.206392867514754,9.981826862462416,1.708127348131477,12.382351143779042,0.06465349516329016,0.6840374709743471
nominal|force|75.00|0.00|0.800,nominal,force,2.3965,30.226897377829047,9.98181956946275,1.7074825772108795,12.380752830597515,0.06490889949323925,0.684995106852062
nominal|force|75.00|0.00|0.800,nominal,force,2.4005,30.247368158189698,9.981812306261817,1.7068386265555378,12.379155425852709,0.06516458180452767,0.6859523998800415
nominal|force|75.00|0.00|0.800,nominal,force,2.4045,30.267805357006644,9.981805072725118,1.706195492844525,12.377558926605765,0.06542054162066158,0.686909350422668
nominal|force|75.00|0.00|0.800,nominal,force,2.4085,30.288209121949613,9.981797868712347,1.7055531727725395,12.37596332991447,0.06567677846719411,0.6878659588429046
nominal|force|75.00|0.00|0.800,nominal,force,2.4125,30.30857959995184,9.981790694086175,1.7049116630482222,12.374368632822872,0.06593329187169067,0.688822225502296
nominal|force|75.00|0.00|0.800,nominal,force,2.4165,30.328916937213716,9.981783548709524,1.7042709603969057,12.372774832380106,0.06619008136362486,0.6897781507609799
nominal|force|75.00|0.00|0.800,nominal,force,2.4205,30.349221279206546,9.981776432446122,1.7036310615574048,12.371181925619918,0.06644714647451727,0.690733734977688
nominal|force|75.00|0.00|0.800,nominal,force,2.4245,30.369492770676207,9.98176934516162,1.7029919632850443,12.369589909580785,0.06670448673779666,0.6916889785097597
nominal|force|75.00|0.00|0.800,nominal,force,2.4285,30.389731555646808,9.98176228671787,1.7023536623481308,12.367998781284111,0.06696210168894573,0.6926438817131454
nominal|force|75.00|0.00|0.800,nominal,force,2.4325,30.409937777424258,9.98175525698367,1.7017161555328688,12.36640853776588,0.06721999086526514,0.693598444942404
nominal|force|75.00|0.00|0.800,nominal,force,2.4365,30.430111578600002,9.981748255824149,1.7010794396370168,12.364819176037841,0.06747815380606786,0.6945526685507258
nominal|force|75.00|0.00|0.800,nominal,force,2.4405,30.4502531010545,9.981741283105183,1.7004435114745808,12.36323069311618,0.06773659005257504,0.6955065528899308
nominal|force|75.00|0.00|0.800,nominal,force,2.4445,30.470362485960933,9.9817343386962,1.6998083678748062,12.361643086017569,0.06799529914797847,0.6964600983104748
nominal|force|75.00|0.00|0.800,nominal,force,2.4485,30.490439873788596,9.981727422460933,1.6991740056805344,12.360056351747364,0.06825428063727407,0.6974133051614534
nominal|force|75.00|0.00|0.800,nominal,force,2.4525,30.510485404306586,9.981720534271705,1.6985404217491957,12.35847048730888,0.0685135340674492,0.6983661737906166
nominal|force|75.00|0.00|0.800,nominal,force,2.4565,30.530499216587266,9.981713673998172,1.6979076129538353,12.356885489708944,0.06877305898730923,0.699318704544368
nominal|force|75.00|0.00|0.800,nominal,force,2.4605,30.550481449009823,9.981706841505401,1.6972755761802614,12.355301355939453,0.06903285494763017,0.7002708977677751
nominal|force|75.00|0.00|0.800,nominal,force,2.4645,30.57043223926365,9.981700036665938,1.6966443083295597,12.353718082996249,0.06929292150099214,0.7012227538045777
nominal|force|75.00|0.00|0.800,nominal,force,2.4685,30.590351724351947,9.981693259352646,1.696013806317976,12.352135667877617,0.06955325820180713,0.7021742729971717
nominal|force|75.00|0.00|0.800,nominal,force,2.4725,30.61024004059509,9.981686509434272,1.6953840670741924,12.350554107567426,0.06981386460641614,0.7031254556866599
nominal|force|75.00|0.00|0.800,nominal,force,2.4765,30.630097323634082,9.981679786782157,1.6947550875419934,12.348973399052886,0.07007474027294347,0.7040763022128211
nominal|force|75.00|0.00|0.800,nominal,force,2.4805,30.64992370843401,9.981673091271121,1.694126864679776,12.347393539322631,0.07033588476138691,0.7050268129141277
nominal|force|75.00|0.00|0.800,nominal,force,2.4845,30.669719329287428,9.981666422772038,1.693499395459228,12.345814525357117,0.0705972976335692,0.7059769881277526
nominal|force|75.00|0.00|0.800,nominal,force,2.4885,30.689484319817726,9.981659781160118,1.6928726768664248,12.344236354138566,0.07085897845309636,0.7069268281895763
nominal|force|75.00|0.00|0.800,nominal,force,2.4925,30.709218812982495,9.981653166309409,1.6922467059013673,12.34265902264664,0.07112092678539933,0.7078763334341909
nominal|force|75.00|0.00|0.800,nominal,force,2.4965,30.728922941076924,9.981646578094402,1.6916214795776663,12.341082527857523,0.07138314219772013,0.7088255041949066
size|hfvc|78.00|0.00|0.800,size,hfvc,0.0005,0.003790909270271105,9.803155470527976,4.153076943783279,13.977500869741327,1.866591609038476e-12,0.0018321182389920687
size|hfvc|78.00|0.00|0.800,size,hfvc,0.0045,0.0447771997643275,9.869965468199094,3.859750318507886,13.966076127619546,0.00016790768814223256,0.015388009778833135
size|hfvc|78.00|0.00|0.800,size,hfvc,0.0085,0.14240072610110055,9.915726336044413,3.324253292075155,13.599344435183482,0.0003330335095613757,0.024491303560526725
size|hfvc|78.00|0.00|0.800,size,hfvc,0.0125,0.2699116029468567,9.95468333898586,2.8847505960639626,13.307187339134032,0.00047134722673536356,0.02891236459500721
size|hfvc|78.00|0.00|0.800,size,hfvc,0.0165,0.40464938716488036,9.976837937387932,2.64130175836075,13.15140399988907,0.0005963526779756423,0.030182069616944137
size|hfvc|78.00|0.00|0.800,size,hfvc,0.0205,0.5336941620970191,9.98328843516549,2.571283708233779,13.112956066424514,0.0007198947092751373,0.030327252086134685
size|hfvc|78.00|0.00|0.800,size,hfvc,0.0245,0.6531055656670037,9.980193693416458,2.604048282067546,13.142940179707336,0.000847202973636163,0.030474288439846703
size|hfvc|78.00|0.00|0.800,size,hfvc,0.0285,0.7644287928368364,9.973781784530624,2.671566405688975,13.195440867944473,0.000978621153426007,0.03089930155250283
size|hfvc|78.00|0.00|0.800,size,hfvc,0.0325,0.8711820209583423,9.968076465778687,2.73066031150338,13.241687686141631,0.001112424096900988,0.03196750838616442
size|hfvc|78.00|0.00|0.800,size,hfvc,0.0365,0.9765625067414199,9.964668514015761,2.76452357973309,13.270679525310012,0.0012466183619830318,0.033493683324712704
size|hfvc|78.00|0.00|0.800,size,hfvc,0.0405,1.082509167257224,9.963482435131514,2.774246978509647,13.283358095312451,0.0013797367518220138,0.03523343055490083
size|hfvc|78.00|0.00|0.800,size,hfvc,0.0445,1.1897115945416128,9.963710902130073,2.768722110587822,13.285808475289688,0.0015110274207211227,0.03700033172445562
size|hfvc|78.00|0.00|0.800,size,hfvc,0.0485,1.2980485991804955,9.964493936301736,2.7573138703726996,13.284357098348163,0.0016403215832364038,0.03869929525671898
size|hfvc|78.00|0.00|0.800,size,hfvc,0.0525,1.407070588560059,9.965246162946992,2.7463465991987253,13.283241058356563,0.0017677789436176816,0.04031003091739057
size|hfvc|78.00|0.00|0.800,size,hfvc,0.0565,1.5163342384129779,9.965710906939515,2.7385554761483406,13.284267402287405,0.001893654355919483,0.04185348842788421
size|hfvc|78.00|0.00|0.800,size,hfvc,0.0605,1.6255532711021277,9.965870890782245,2.73408403554448,13.287502575259472,0.002018156032401741,0.043362179578252065
size|hfvc|78.00|0.00|0.800,size,hfvc,0.0645,1.734612749417076,9.965824248473792,2.7318414162299676,13.292193328002885,0.00214139732752916,0.04486259316605867
size|hfvc|78.00|0.00|0.800,size,hfvc,0.0685,1.8435160194516682,9.965687707138562,2.7305519829101574,13.297473122453066,0.002263408497044095,0.046369251941936016
size|hfvc|78.00|0.00|0.800,size,hfvc,0.0725,1.9523193238222685,9.965545871387,2.729299303568761,13.302724772156242,0.0023841712636293866,0.04788615781972495
size|hfvc|78.00|0.00|0.800,size,hfvc,0.0765,2.061083520717186,9.965439236068942,2.727649840873472,13.307659733458646,0.0025036514349000005,0.04941111148106607
size|hfvc|78.00|0.00|0.800,size,hfvc,0.0805,2.16985041272846,9.965374063089298,2.725541538787474,13.312240164240485,0.0026218192396773587,0.05093984336147884
size|hfvc|78.00|0.00|0.800,size,hfvc,0.0845,2.278638555882379,9.965338803325029,2.7231037055274014,13.31655610583556,0.002738657028468483,0.05246862164592655
size|hfvc|78.00|0.00|0.800,size,hfvc,0.0885,2.3874494293282447,9.965317791964392,2.7205081393351205,13.32072481374193,0.0028541585568794825,0.053995257149310916
size|hfvc|78.00|0.00|0.800,size,hfvc,0.0925,2.4962761943448886,9.965298934180321,2.7178863107484195,13.324835220906248,0.002968324686727919,0.05551902604376651
size|hfvc|78.00|0.00|0.800,size,hfvc,0.0965,2.6051105903554945,9.965275973031682,2.7153055385312896,13.328932365441418,0.00308115895373412,0.05704012489639134
size|hfvc|78.00|0.00|0.800,size,hfvc,0.1005,2.713946581061805,9.96524749429912,2.712780413453918,13.333025523461151,0.0031926646204272213,0.05855910150062706
size|hfvc|78.00|0.00|0.800,size,hfvc,0.1045,2.822781247168191,9.965214787282001,2.7102963581143134,13.337104363833916,0.0033028434340623414,0.06007647260192223
size|hfvc|78.00|0.00|0.800,size,hfvc,0.1085,2.9316141102457274,9.965179927308823,2.7078305390502715,13.341153158033892,0.003411695593209807,0.06159255999394774
size|hfvc|78.00|0.00|0.800,size,hfvc,0.1125,3.0404459747648063,9.965144626582262,2.705364295454454,13.345159159811246,0.0035192202757286517,0.06310748342065424
size|hfvc|78.00|0.00|0.800,size,hfvc,0.1165,3.149277952676931,9.965109835725126,2.702887368005607,13.349115403423752,0.003625416237308665,0.06462122760966356
size|hfvc|78.00|0.00|0.800,size,hfvc,0.1205,3.2581109106871793,9.965075826786078,2.7003969093824383,13.353019974720677,0.0037302822332163643,0.06613371986958734
size|hfvc|78.00|0.00|0.800,size,hfvc,0.1245,3.3669453029480843,9.965042467215868,2.6978944540770753,13.356873921432928,0.0038338172126256564,0.06764488552574682
size|hfvc|78.00|0.00|0.800,size,hfvc,0.1285,3.475781238086427,9.965009485761723,2.69538300952367,13.360679267242675,0.003936020341613333,0.06915467394648168
size|hfvc|78.00|0.00|0.800,size,hfvc,0.1325,3.5846186300084626,9.964976642139012,2.692865214419335,13.36443776376564,0.004036890940174731,0.07066306207681113
size|hfvc|78.00|0.00|0.800,size,hfvc,0.1365,3.6934573345388335,9.964943793745134,2.6903426253323004,13.36815041413239,0.004136428402364001,0.07217004646382567
size|hfvc|78.00|0.00|0.800,size,hfvc,0.1405,3.8022972320591473,9.964910892135693,2.687815767074378,13.37181751529182,0.004234632136460026,0.073675632796563
size|hfvc|78.00|0.00|0.800,size,hfvc,0.1445,3.911138256724586,9.964877948658575,2.6852845145983584,13.375438923001951,0.004331501535129179,0.07517982794829373
size|hfvc|78.00|0.00|0.800,size,hfvc,0.1485,4.0199803911043785,9.964844997954451,2.6827484935682646,13.379014326574914,0.004427035970103188,0.0766826359302966
size|hfvc|78.00|0.00|0.800,size,hfvc,0.1525,4.128823646885507,9.96481207318687,2.6802073501315364,13.382543432570998,0.004521234798764151,0.0781840570405845
size|hfvc|78.00|0.00|0.800,size,hfvc,0.1565,4.2376680459191745,9.964779195246248,2.677660867087617,13.386026042967682,0.004614097375163495,0.0796840887687448
size|hfvc|78.00|0.00|0.800,size,hfvc,0.1605,4.346513608016623,9.964746372085607,2.675108969448679,13.389462057845268,0.004705623058300079,0.08118272718861677
size|hfvc|78.00|0.00|0.800,size,hfvc,0.1645,4.455360346074416,9.964713602924022,2.672551677521751,13.392851442619355,0.004795811216609658,0.08267996808946837
size|hfvc|78.00|0.00|0.800,size,hfvc,0.1685,4.564208266244754,9.964680883202565,2.6699890523275136,13.396194190430537,0.004884661229130616,0.08417580759420594
size|hfvc|78.00|0.00|0.800,size,hfvc,0.1725,4.67305737035207,9.964648208158398,2.667421156501635,13.399490295393168,0.004972172484740689,0.08567024232814202
size|hfvc|78.00|0.00|0.800,size,hfvc,0.1765,4.781907658495453,9.964615574533296,2.6648480358750617,13.402739740133555,0.005058344380790003,0.08716326932366536
size|hfvc|78.00|0.00|0.800,size,hfvc,0.1805,4.890759130830821,9.964582980829713,2.6622697169055587,13.405942494173871,0.005143176321914522,0.08865488583740769
size|hfvc|78.00|0.00|0.800,size,hfvc,0.1845,4.999611788358274,9.964550426808206,2.659686212251964,13.409098517858627,0.005226667719418487,0.09014508919100006
size|hfvc|78.00|0.00|0.800,size,hfvc,0.1885,5.10846563298095,9.964517912832001,2.657097528126773,13.412207767448166,0.005308817991059311,0.09163387667803001
size|hfvc|78.00|0.00|0.800,size,hfvc,0.1925,5.21732066721054,9.96448543934364,2.6545036699056794,13.415270198967583,0.005389626561130845,0.09312124553359902
size|hfvc|78.00|0.00|0.800,size,hfvc,0.1965,5.326176893813725,9.964453006613642,2.651904644987954,13.418285770162758,0.005469092860574398,0.09460719294309927
size|hfvc|78.00|0.00|0.800,size,hfvc,0.2005,5.4350343155546055,9.964420614670765,2.6493004634076414,13.421254440892408,0.005547216327318749,0.09609171606583208
size|hfvc|78.00|0.00|0.800,size,hfvc,0.2045,5.543892935070593,9.964388263367313,2.6466911372017705,13.42417617268903,0.005623996406245446,0.09757481205723853
size|hfvc|78.00|0.00|0.800,size,hfvc,0.2085,5.652752754852461,9.964355952460055,2.644076679431249,13.427050928066208,0.005699432549285954,0.0990564780827288
size|hfvc|78.00|0.00|0.800,size,hfvc,0.2125,5.761613777278904,9.964323681688699,2.6414571033857865,13.429878669986248,0.00577352421544941,0.10053671132288369
size|hfvc|78.00|0.00|0.800,size,hfvc,0.2165,5.870476004663993,9.964291450807607,2.638832422144719,13.432659361542571,0.00584627087071854,0.10201550897290813
size|hfvc|78.00|0.00|0.800,size,hfvc,0.2205,5.9793394392939865,9.964259259610744,2.636202648459273,13.435392965900359,0.005917671988125983,0.10349286823964321
size|hfvc|78.00|0.00|0.800,size,hfvc,0.2245,6.088204083446493,9.964227107909762,2.6335677948167504,13.438079446326455,0.005987727047712665,0.10496878633851077
size|hfvc|78.00|0.00|0.800,size,hfvc,0.2285,6.197069939394874,9.964194995533413,2.6309278735693753,13.440718766289582,0.006056435536479221,0.10644326049150046
size|hfvc|78.00|0.00|0.800,size,hfvc,0.2325,6.305937009404354,9.9641629223132,2.6282828970477294,13.443310889539735,0.00612379694854559,0.1079162879263153
size|hfvc|78.00|0.00|0.800,size,hfvc,0.2365,6.4148052957257065,9.964130888081083,2.62563287762413,13.445855780145955,0.006189810785019179,0.10938786587638019
size|hfvc|78.00|0.00|0.800,size,hfvc,0.2405,6.523674800590043,9.964098892662324,2.6229778277361993,13.44835340252164,0.006254476554029553,0.11085799158121443
size|hfvc|78.00|0.00|0.800,size,hfvc,0.2445,6.63254552620586,9.964066935881354,2.620317759879797,13.450803721414843,0.006317793770777014,0.11232666228686082
size|hfvc|78.00|0.00|0.800,size,hfvc,0.2485,6.741417474758143,9.964035017556721,2.6176526865927867,13.453206701894343,0.006379761957595043,0.11379387524618893
size|hfvc|78.00|0.00|0.800,size,hfvc,0.2525,6.85029064840879,9.964003137506193,2.614982620438268,13.45556230934245,0.006440380643776833,0.11525962771905263
size|hfvc|78.00|0.00|0.800,size,hfvc,0.2565,6.959165049297379,9.963971295551483,2.6123075739968913,13.457870509453176,0.0064996493657695775,0.11672391697230054
size|hfvc|78.00|0.00|0.800,size,hfvc,0.2605,7.068040679541886,9.963939491513639,2.6096275598615657,13.460131268225624,0.006557567667070385,0.11818674027975166
size|hfvc|78.00|0.00|0.800,size,hfvc,0.2645,7.1769175412391055,9.963907725210179,2.6069425906378765,13.462344551960715,0.006614135098316487,0.11964809492214598
size|hfvc|78.00|0.00|0.800,size,hfvc,0.2685,7.285795636464785,9.963875996465214,2.604252678947263,13.464510327275828,0.006669351217222785,0.12110797818711388
size|hfvc|78.00|0.00|0.800,size,hfvc,0.2725,7.394674967273571,9.963844305097869,2.601557837427124,13.466628561089735,0.006723215588595732,0.12256638736916467
size|hfvc|78.00|0.00|0.800,size,hfvc,0.2765,7.503555535698884,9.963812650928723,2.5988580787347226,13.468699220641568,0.006775727784388841,0.1240233197696885
size|hfvc|78.00|0.00|0.800,size,hfvc,0.2805,7.61243734375278,9.963781033777154,2.596153415545548,13.470722273476422,0.0068268873836957455,0.12547877269697702
size|hfvc|78.00|0.00|0.800,size,hfvc,0.2845,7.721320393425895,9.963749453464025,2.593443860554312,13.472697687454799,0.00687669397270857,0.12693274346623912
size|hfvc|78.00|0.00|0.800,size,hfvc,0.2885,7.830204686687396,9.963717909813028,2.5907294264755456,13.474625430760547,0.006925147144766497,0.1283852293996181
size|hfvc|78.00|0.00|0.800,size,hfvc,0.2925,7.939090225484948,9.963686402641038,2.5880101260408233,13.476505471876106,0.006972246500383528,0.1298362278261993
size|hfvc|78.00|0.00|0.800,size,hfvc,0.2965,8.04797701174473,9.963654931767396,2.5852859720010746,13.478337779608673,0.007017991647206845,0.1312857360820283
size|hfvc|78.00|0.00|0.800,size,hfvc,0.3005,8.15686504737141,9.963623497014876,2.5825569771249053,13.480122323078707,0.007062382200079265,0.13273375151011857
size|hfvc|78.00|0.00|0.800,size,hfvc,0.3045,8.265754334248172,9.963592098200307,2.5798231541982437,13.481859071716602,0.007105417780955969,0.1341802714604587
size|hfvc|78.00|0.00|0.800,size,hfvc,0.3085,8.37464487423668,9.96356073514761,2.5770845160269875,13.483547995280368,0.007147098019057163,0.13562529329001835
size|hfvc|78.00|0.00|0.800,size,hfvc,0.3125,8.483536669177052,9.963529407673812,2.574341075433002,13.485189063832362,0.0071874225506946,0.13706881436276774
size|hfvc|78.00|0.00|0.800,size,hfvc,0.3165,8.592429720887878,9.963498115600467,2.571592845258228,13.486782247762608,0.007226391019465872,0.13851083204967313
size|hfvc|78.00|0.00|0.800,size,hfvc,0.3205,8.701324031166155,9.963466858744805,2.5688398383601996,13.488327517765732,0.007264003076080938,0.13995134372872434
size|hfvc|78.00|0.00|0.800,size,hfvc,0.3245,8.810219601787319,9.963435636928892,2.5660820676168155,13.489824844868325,0.007300258378556412,0.14139034678492762
size|hfvc|78.00|0.00|0.800,size,hfvc,0.3285,8.919116434505211,9.96340444997091,2.5633195459223845,13.491274200406513,0.007335156592014336,0.1428278386103268
size|hfvc|78.00|0.00|0.800,size,hfvc,0.3325,9.028014531052039,9.963373297691504,2.5605522861899983,13.492675556039455,0.007368697388862588,0.14426381660400653
size|hfvc|78.00|0.00|0.800,size,hfvc,0.3365,9.136913893138399,9.963342179910068,2.5577803013499665,13.494028883743372,0.0074008804487393776,0.1456982781721097
size|hfvc|78.00|0.00|0.800,size,hfvc,0.3405,9.24581452245323,9.963311096445244,2.5550036043512283,13.495334155817527,0.007431705458534055,0.14713122072783733
size|hfvc|78.00|0.00|0.800,size,hfvc,0.3445,9.354716420663843,9.96328004711803,2.552222208159288,13.496591344877103,0.0074611721123246655,0.1485626416914707
size|hfvc|78.00|0.00|0.800,size,hfvc,0.3485,9.463619589415874,9.963249031744287,2.5494361257584988,13.497800423861829,0.007489280111482033,0.14999253849036692
size|hfvc|78.00|0.00|0.800,size,hfvc,0.3525,9.572524030333286,9.963218050146725,2.546645370150481,13.498961366032901,0.007516029164565674,0.15142090855898063
size|hfvc|78.00|0.00|0.800,size,hfvc,0.3565,9.681429745018331,9.963187102142026,2.5438499543542408,13.500074144968899,0.007541418987476456,0.15284774933886566
size|hfvc|78.00|0.00|0.800,size,hfvc,0.3605,9.790336735051579,9.963156187553858,2.5410498914075466,13.50113873458076,0.007565449303331695,0.15427305827868967
size|hfvc|78.00|0.00|0.800,size,hfvc,0.3645,9.899245001991861,9.96312530619555,2.538245194364297,13.502155109088667,0.007588119842583119,0.15569683283424074
size|hfvc|78.00|0.00|0.800,size,hfvc,0.3685,10.008154547376305,9.96309445788957,2.535435876296818,13.503123243046126,0.007609430342878087,0.15711907046844156
size|hfvc|78.00|0.00|0.800,size,hfvc,0.3725,10.117065372720292,9.96306364245302,2.532621950294565,13.504043111325883,0.007629380549198372,0.15853976865135336
size|hfvc|78.00|0.00|0.800,size,hfvc,0.3765,10.225977479517452,9.963032859705885,2.5298034294651477,13.50491468912757,0.007647970213846278,0.15995892486018573
size|hfvc|78.00|0.00|0.800,size,hfvc,0.3805,10.334890869239656,9.96300210946804,2.5269803269324105,13.505737951972431,0.007665199096347497,0.16137653657931667
size|hfvc|78.00|0.00|0.800,size,hfvc,0.3845,10.44380554333701,9.962971391555573,2.524152655838752,13.50651287570838,0.007681066963624583,0.16279260130028328
size|hfvc|78.00|0.00|0.800,size,hfvc,0.3885,10.55272150323784,9.962940705791823,2.521320429343255,13.507239436509762,0.007695573589844296,0.16420711652181075
size|hfvc|78.00|0.00|0.800,size,hfvc,0.3925,10.66163875034868,9.962910051990207,2.5184836606227723,13.50791761087436,0.0077087187565494375,0.16562007974980605
size|hfvc|78.00|0.00|0.800,size,hfvc,0.3965,10.770557286054272,9.962879429971267,2.515642362870656,13.508547375626298,0.0077205022525131395,0.16703148849738197
size|hfvc|78.00|0.00|0.800,size,hfvc,0.4005,10.879477111717538,9.962848839554068,2.5127965492984865,13.509128707919519,0.007730923873933149,0.16844134028485222
size|hfvc|78.00|0.00|0.800,size,hfvc,0.4045,10.988398228679602,9.962818280557139,2.5099462331343227,13.509661585232504,0.007739983424293051,0.1698496326397525
size|hfvc|78.00|0.00|0.800,size,hfvc,0.4085,11.097320638259754,9.962787752799787,2.5070914276235907,13.510145985371926,0.007747680714410843,0.17125636309684317
size|hfvc|78.00|0.00|0.800,size,hfvc,0.4125,11.206244341755454,9.962757256099598,2.5042321460291714,13.510581886474345,0.007754015562487504,0.17266152919811983
size|hfvc|78.00|0.00|0.800,size,hfvc,0.4165,11.31516934044232,9.962726790275447,2.5013684016302675,13.510969267000693,0.007758987794044547,0.17406512849282646
size|hfvc|78.00|0.00|0.800,size,hfvc,0.4205,11.424095635574123,9.96269635514377,2.498500207723734,13.511308105741762,0.00776259724204198,0.175467158537458
size|hfvc|78.00|0.00|0.800,size,hfvc,0.4245,11.533023228382799,9.962665950524407,2.4956275776230674,13.51159838182313,0.007764843746614625,0.17686761689578073
size|hfvc|78.00|0.00|0.800,size,hfvc,0.4285,11.641952120078397,9.962635576236213,2.4927505246591917,13.511840074692941,0.007765727155432944,0.17826650113882192
size|hfvc|78.00|0.00|0.800,size,hfvc,0.4325,11.750882311849109,9.96260523209522,2.4898690621792734,13.512033164131534,0.007765247323494873,0.17966380884490415
size|hfvc|78.00|0.00|0.800,size,hfvc,0.4365,11.859813804861258,9.962574917921412,2.486983203547391,13.512177630249433,0.007763404113153571,0.18105953759963792
size|hfvc|78.00|0.00|0.800,size,hfvc,0.4405,11.96874660025929,9.962544633533017,2.4840929621457577,13.512273453493838,0.0077601973941868185,0.18245368499593068
size|hfvc|78.00|0.00|0.800,size,hfvc,0.4445,12.077680699165771,9.962514378747548,2.481198351371346,13.512320614633742,0.007755627043713742,0.18384624863400817
size|hfvc|78.00|0.00|0.800,size,hfvc,0.4485,12.186616102681365,9.962484153383386,2.478299384639514,13.512319094776332,0.007749692946298903,0.1852372261214075
size|hfvc|78.00|0.00|0.800,size,hfvc,0.4525,12.295552811884846,9.962453957256612,2.4753960753813797,13.512268875357194,0.007742394993889845,0.186626615073002
size|hfvc|78.00|0.00|0.800,size,hfvc,0.4565,12.40449082783311,9.962423790187783,2.472488437044883,13.51216993814665,0.007733733085796279,0.18801441311100142
size|hfvc|78.00|0.00|0.800,size,hfvc,0.4605,12.513430151561135,9.962393651994615,2.4695764830951066,13.512022265248326,0.007723707128773349,0.18940061786495876
size|hfvc|78.00|0.00|0.800,size,hfvc,0.4645,12.622370784081992,9.962363542492552,2.46666022701288,13.511825839093682,0.007712317037000815,0.19078522697178704
size|hfvc|78.00|0.00|0.800,size,hfvc,0.4685,12.731312726386848,9.962333461502302,2.4637396822965036,13.511580642456096,0.007699562732062237,0.1921682380757639
size|hfvc|78.00|0.00|0.800,size,hfvc,0.4725,12.84025597944496,9.962303408838162,2.460814862459653,13.511286658434006,0.007685444142951914,0.1935496488285429
size|hfvc|78.00|0.00|0.800,size,hfvc,0.4765,12.949200544203666,9.96227338432144,2.4578857810335695,13.51094387046766,0.0076699612061234546,0.19492945688915833
size|hfvc|78.00|0.00|0.800,size,hfvc,0.4805,13.058146421588397,9.962243387768668,2.454952451565092,13.510552262325614,0.0076531138654689634,0.19630765992403926
size|hfvc|78.00|0.00|0.800,size,hfvc,0.4845,13.167093612502674,9.962213418996253,2.452014887617418,13.510111818117277,0.0076349020721872,0.19768425560702044
size|hfvc|78.00|0.00|0.800,size,hfvc,0.4885,13.276042117828073,9.962183477821814,2.4490731027710413,13.509622522281978,0.00761532578508195,0.19905924161933247
size|hfvc|78.00|0.00|0.800,size,hfvc,0.4925,13.384991938424246,9.962153564065733,2.446127110622046,13.509084359600209,0.007594384970339985,0.20043261564964152
size|hfvc|78.00|0.00|0.800,size,hfvc,0.4965,13.493943075128938,9.962123677542898,2.443176924782223,13.508497315181843,0.007572079601586568,0.20180437539403687
size|hfvc|78.00|0.00|0.800,size,hfvc,0.5005,13.602895528757973,9.962093818070679,2.4402225588805995,13.507861374478722,0.007548409659927091,0.2031745185560429
size|hfvc|78.00|0.00|0.800,size,hfvc,0.5045,13.711849300105252,9.962063985469042,2.4372640265613508,13.507176523275923,0.0075233751338776855,0.20454304284663458
size|hfvc|78.00|0.00|0.800,size,hfvc,0.5085,13.820804389942749,9.9620341795545,2.4343013414856833,13.506442747699435,0.007496976019441548,0.20590994598423815
size|hfvc|78.00|0.00|0.800,size,hfvc,0.5125,13.929760799020496,9.96200440014231,2.431334517330303,13.505660034206848,0.007469212320136698,0.20727522569474308
size|hfvc|78.00|0.00|0.800,size,hfvc,0.5165,14.038718528066621,9.961974647052374,2.4283635677882573,13.504828369599322,0.0074400840469057705,0.20863887971151626
size|hfvc|78.00|0.00|0.800,size,hfvc,0.5205,14.14767757778734,9.96194492009983,2.425388506567443,13.503947741007918,0.007409591218122957,0.2100009057754056
size|hfvc|78.00|0.00|0.800,size,hfvc,0.5245,14.256637948866944,9.961915219103645,2.4224093473938675,13.503018135914884,0.007377733859705027,0.2113613016347441
size|hfvc|78.00|0.00|0.800,size,hfvc,0.5285,14.36559964196778,9.961885543881301,2.4194261040071496,13.502039542127013,0.007344512004986425,0.21272006504536897
size|hfvc|78.00|0.00|0.800,size,hfvc,0.5325,14.474562657730306,9.961855894247472,2.4164387901643027,13.501011947798592,0.0073099256948788716,0.2140771937706218
size|hfvc|78.00|0.00|0.800,size,hfvc,0.5365,14.583526996773044,9.961826270022547,2.4134474196381057,13.499935341425221,0.007273974977725639,0.21543268558136283
size|hfvc|78.00|0.00|0.800,size,hfvc,0.5405,14.692492659692608,9.961796671022272,2.410452006215616,13.498809711831946,0.007236659909329313,0.21678653825597946
size|hfvc|78.00|0.00|0.800,size,hfvc,0.5445,14.801459647063734,9.961767097065431,2.407452563701602,13.49763504819568,0.007197980553028116,0.21813874958038806
size|hfvc|78.00|0.00|0.800,size,hfvc,0.5485,14.910427959439199,9.961737547967257,2.4044491059144493,13.496411340021321,0.0071579369796889725,0.21948931734805263
size|hfvc|78.00|0.00|0.800,size,hfvc,0.5525,15.019397597349917,9.96170802354386,2.401441646689664,13.49513857716208,0.0071165292676311775,0.22083823935998365
size|hfvc|78.00|0.00|0.800,size,hfvc,0.5565,15.128368561304885,9.961678523615154,2.398430199877878,13.493816749812472,0.007073757502668032,0.22218551342475584
size|hfvc|78.00|0.00|0.800,size,hfvc,0.5605,15.237340851791233,9.961649047995552,2.3954147793453906,13.492445848504588,0.007029621778169293,0.22353113735850597
size|hfvc|78.00|0.00|0.800,size,hfvc,0.5645,15.346314469274153,9.961619596504185,2.392395398973672,13.491025864112265,0.006984122194984843,0.2248751089849529
size|hfvc|78.00|0.00|0.800,size,hfvc,0.5685,15.455289414196988,9.961590168956992,2.389372072660135,13.48955678785325,0.006937258861514084,0.2262174261353984
size|hfvc|78.00|0.00|0.800,size,hfvc,0.5725,15.56426568698121,9.961560765171901,2.3863448143160553,13.48803861128107,0.006889031893567155,0.22755808664874458
size|hfvc|78.00|0.00|0.800,size,hfvc,0.5765,15.673243288026391,9.961531384966213,2.383313637871084,13.4864713263046,0.006839441414607794,0.22889708837148046
size|hfvc|78.00|0.00|0.800,size,hfvc,0.5805,15.782222217710236,9.961502028154664,2.380278557267599,13.484854925160448,0.0067884875555868085,0.23023442915771777
size|hfvc|78.00|0.00|0.800,size,hfvc,0.5845,15.891202476388592,9.961472694554656,2.3772395864633293,13.48318940043146,0.006736170454907375,0.23157010686918894
size|hfvc|78.00|0.00|0.800,size,hfvc,0.5885,16.000184064395473,9.961443383984953,2.3741967394326826,13.481474745050178,0.006682490258584639,0.23290411937524524
size|hfvc|78.00|0.00|0.800,size,hfvc,0.5925,16.109166982043014,9.961414096260809,2.3711500301642308,13.479710952287363,0.006627447120120811,0.23423646455288039
size|hfvc|78.00|0.00|0.800,size,hfvc,0.5965,16.218151229621515,9.96138483119912,2.368099472661796,13.477898015755759,0.006571041200574557,0.23556714028672693
size|hfvc|78.00|0.00|0.800,size,hfvc,0.6005,16.327136807399466,9.961355588616941,2.365045080944068,13.476035929414493,0.006513272668470793,0.23689614446907795
size|hfvc|78.00|0.00|0.800,size,hfvc,0.6045,16.43612371562351,9.961326368332593,2.36198686904667,13.474124687570884,0.0064541417000435475,0.2382234749998694
size|hfvc|78.00|0.00|0.800,size,hfvc,0.6085,16.54511195451846,9.961297170161492,2.35892485101722,13.472164284866876,0.0063936484788890136,0.23954912978673093
size|hfvc|78.00|0.00|0.800,size,hfvc,0.6125,16.65410152428735,9.961267993919721,2.355859040919598,13.470154716291976,0.006331793196222291,0.240873106744954
size|hfvc|78.00|0.00|0.800,size,hfvc,0.6165,16.763092425111406,9.961238839424563,2.352789452833072,13.468095977184342,0.006268576050807995,0.24219540379751764
size|hfvc|78.00|0.00|0.800,size,hfvc,0.6205,16.872084657150065,9.961209706494273,2.3497161008515937,13.465988063226952,0.0062039972489255635,0.24351601887509508
size|hfvc|78.00|0.00|0.800,size,hfvc,0.6245,16.981078220540972,9.961180594943691,2.3466389990831815,13.463830970441569,0.0061380570044178295,0.24483494991606186
size|hfvc|78.00|0.00|0.800,size,hfvc,0.6285,17.090073115400006,9.961151504591617,2.3435581616517376,13.461624695202394,0.006070755538711836,0.24615219486650067
size|hfvc|78.00|0.00|0.800,size,hfvc,0.6325,17.199069341821264,9.961122435251454,2.3404736026944284,13.459369234221736,0.00600209308074251,0.24746775168021873
size|hfvc|78.00|0.00|0.800,size,hfvc,0.6365,17.30806689987714,9.96109338674264,2.3373853363646298,13.45706458456645,0.005932069867001233,0.2487816183187424
size|hfvc|78.00|0.00|0.800,size,hfvc,0.6405,17.417065789618256,9.961064358881599,2.3342933768293053,13.454710743643519,0.005860686141556659,0.25009379275133625
size|hfvc|78.00|0.00|0.800,size,hfvc,0.6445,17.526066011073496,9.96103535148441,2.3311977382706153,13.452307709208931,0.005787942156033898,0.25140427295500317
size|hfvc|78.00|0.00|0.800,size,hfvc,0.6485,17.635067564250054,9.961006364366753,2.3280984348843514,13.449855479359691,0.005713838169621455,0.2527130569145011
size|hfvc|78.00|0.00|0.800,size,hfvc,0.6525,17.74407044913341,9.960977397346369,2.3249954808818774,13.447354052547269,0.005638374449057348,0.254020142622342
size|hfvc|78.00|0.00|0.800,size,hfvc,0.6565,17.853074665687323,9.960948450239854,2.321888890488477,13.444803427565914,0.005561551268684628,0.25532552807880615
size|hfvc|78.00|0.00|0.800,size,hfvc,0.6605,17.962080213853927,9.96091952286414,2.3187786779430835,13.442203603553718,0.005483368910305653,0.25662921129194977
size|hfvc|78.00|0.00|0.800,size,hfvc,0.6645,18.07108709355366,9.960890615035526,2.3156648575005305,13.439554580004184,0.005403827663390259,0.2579311902776056
size|hfvc|78.00|0.00|0.800,size,hfvc,0.6685,18.1800953046853,9.960861726571922,2.312547443428991,13.436856356752191,0.005322927824950863,0.25923146305939826
size|hfvc|78.00|0.00|0.800,size,hfvc,0.6725,18.289104847125987,9.960832857287677,2.3094264500109367,13.434108933981083,0.005240669699542455,0.26053002766875166
size|hfvc|78.00|0.00|0.800,size,hfvc,0.6765,18.398115720731237,9.960804006999735,2.306301891542519,13.431312312218285,0.005157053599325057,0.2618268821448952
size|hfvc|78.00|0.00|0.800,size,hfvc,0.6805,18.507127925334945,9.960775175525363,2.303173782334889,13.428466492346153,0.005072079844015143,0.26312202453487177
size|hfvc|78.00|0.00|0.800,size,hfvc,0.6845,18.616141460749436,9.960746362681933,2.3000421367133,13.425571475593987,0.0049857487608787054,0.26441545289354207
size|hfvc|78.00|0.00|0.800,size,hfvc,0.6885,18.725156326765426,9.960717568285503,2.2969069690164847,13.422627263535684,0.004898060684779826,0.2657071652835987
size|hfvc|78.00|0.00|0.800,size,hfvc,0.6925,18.834172523152052,9.960688792151007,2.293768293597612,13.419633858094805,0.004809015958166796,0.26699715977556737
size|hfvc|78.00|0.00|0.800,size,hfvc,0.6965,18.943190049656923,9.960660034097073,2.290626124823334,13.416591261543836,0.004718614931044363,0.26828543444782427
size|hfvc|78.00|0.00|0.800,size,hfvc,0.7005,19.05220890600612,9.960631293938622,2.2874804770747477,13.413499476505208,0.00462685796096679,0.26957198738659083
size|hfvc|78.00|0.00|0.800,size,hfvc,0.7045,19.161229091904193,9.9606025714954,2.284331364746355,13.410358505948164,0.004533745413065615,0.2708568166859525
size|hfvc|78.00|0.00|0.800,size,hfvc,0.7085,19.270250607034164,9.960573866579285,2.2811788022468193,13.407168353191711,0.00443927766014679,0.27213992044785756
size|hfvc|78.00|0.00|0.800,size,hfvc,0.7125,19.379273451057593,9.960545179009436,2.2780228039983794,13.4039290219058,0.004343455082489456,0.2734212967821342
size|hfvc|78.00|0.00|0.800,size,hfvc,0.7165,19.48829762361457,9.960516508602836,2.2748633844367108,13.400640516106112,0.004246278067950027,0.27470094380649007
size|hfvc|78.00|0.00|0.800,size,hfvc,0.7205,19.597323124323722,9.960487855176524,2.271700558011795,13.397302840162041,0.004147747012031577,0.2759788596465219
size|hfvc|78.00|0.00|0.800,size,hfvc,0.7245,19.706349952782247,9.960459218546072,2.268534339187069,13.393915998790526,0.0040478623177520046,0.27725504243572324
size|hfvc|78.00|0.00|0.800,size,hfvc,0.7285,19.815378108565938,9.960430598525674,2.2653647424383596,13.39047999705289,0.003946624395727294,0.2785294903154974
size|hfvc|78.00|0.00|0.800,size,hfvc,0.7325,19.924407591229166,9.960401994936785,2.2621917822572173,13.386994840372612,0.003844033664178459,0.27980220143515283
size|hfvc|78.00|0.00|0.800,size,hfvc,0.7365,20.033438400304924,9.960373407590689,2.2590154731464445,13.383460534509654,0.003740090548896846,0.28107317395192255
size|hfvc|78.00|0.00|0.800,size,hfvc,0.7405,20.142470535304888,9.960344836308744,2.255835829623365,13.379877085583782,0.0036347954831886242,0.28234240603096933
size|hfvc|78.00|0.00|0.800,size,hfvc,0.7445,20.251503995719347,9.960316280904223,2.252652866218632,13.37624450006005,0.003528148908013562,0.2836098958453815
size|hfvc|78.00|0.00|0.800,size,hfvc,0.7485,20.36053878101729,9.96028774119619,2.249466597476146,13.372562784755702,0.003420151271867067,0.28487564157619544
size|hfvc|78.00|0.00|0.800,size,hfvc,0.7525,20.469574890646374,9.960259217000539,2.246277037953244,13.368831946839885,0.0033108030308703906,0.28613964141239506
size|hfvc|78.00|0.00|0.800,size,hfvc,0.7565,20.578612324033017,9.960230708132542,2.243084202219723,13.365051993826286,0.0032001046486596074,0.2874018935509224
size|hfvc|78.00|0.00|0.800,size,hfvc,0.7605,20.687651080582345,9.960202214409636,2.239888104859554,13.361222933585484,0.003088056596524391,0.28866239619667944
size|hfvc|78.00|0.00|0.800,size,hfvc,0.7645,20.79669115967829,9.96017373564777,2.2366887604687897,13.357344774335068,0.0029746593532276044,0.28992114756254606
size|hfvc|78.00|0.00|0.800,size,hfvc,0.7685,20.905732560683525,9.960145271664798,2.2334861836575386,13.353417524645387,0.0028599134052065267,0.29117814586937146
size|hfvc|78.00|0.00|0.800,size,hfvc,0.7725,21.01477528293953,9.960116822275683,2.2302803890480396,13.349441193435776,0.002743819246434076,0.29243338934599705
size|hfvc|78.00|0.00|0.800,size,hfvc,0.7765,21.12381932576665,9.960088387299432,2.2270713912762763,13.345415789979917,0.002626377378439626,0.2936868762292532
size|hfvc|78.00|0.00|0.800,size,hfvc,0.7805,21.232864688464034,9.960059966550599,2.2238592049903954,13.341341323897467,0.0025075883103437002,0.2949386047639713
size|hfvc|78.00|0.00|0.800,size,hfvc,0.7845,21.341911370309717,9.960031559846739,2.2206438448521366,13.33721780516256,0.00238745255887185,0.29618857320298675
size|hfvc|78.00|0.00|0.800,size,hfvc,0.7885,21.45095937056064,9.960003167004222,2.2174253255357006,13.333045244101623,0.002265970648271387,0.2974367798071537
size|hfvc|78.00|0.00|0.800,size,hfvc,0.7925,21.560008688452633,9.959974787840785,2.214203661727863,13.328823651388781,0.0021431431104154686,0.2986832228453438
size|hfvc|78.00|0.00|0.800,size,hfvc,0.7965,21.669059323200514,9.9599464221724,2.2109788681283415,13.32455303805109,0.002018970484692073,0.29992790059445695
size|hfvc|78.00|0.00|0.800,size,hfvc,0.8005,21.778111273998036,9.959918069813664,2.2077509594488776,13.32023341546477,0.0018934533180733903,0.301170811339431
size|hfvc|78.00|0.00|0.800,size,hfvc,0.8045,21.887164540017938,9.959889730585973,2.204519950415617,13.3158647953659,0.0017665921651435768,0.30241195337323745
size|hfvc|78.00|0.00|0.800,size,hfvc,0.8085,21.996219120411986,9.95986140430044,2.201285855764896,13.311447189827547,0.0016383875880154886,0.3036513249969046
size|hfvc|78.00|0.00|0.800,size,hfvc,0.8125,22.105275014310976,9.959833090777192,2.1980486902460474,13.306980611281961,0.001508840156330682,0.30488892451952077
size|hfvc|78.00|0.00|0.800,size,hfvc,0.8165,22.2143322208248,9.959804789832567,2.194808468624318,13.30246507252682,0.0013779504474259463,0.3061247502582131
size|hfvc|78.00|0.00|0.800,size,hfvc,0.8205,22.323390739042374,9.959776501283063,2.1915652056721253,13.297900586683246,0.0012457190460904433,0.30735880053820674
size|hfvc|78.00|0.00|0.800,size,hfvc,0.8245,22.432450568031808,9.959748224948425,2.1883189161770122,13.29328716724487,0.0011121465446767287,0.30859107369279365
size|hfvc|78.00|0.00|0.800,size,hfvc,0.8285,22.541511706840307,9.959719960640308,2.1850696149384956,13.288624828047023,0.000977233543149325,0.30982156806334005
size|hfvc|78.00|0.00|0.800,size,hfvc,0.8325,22.65057415449426,9.959691708176893,2.1818173167681274,13.28391358328126,0.0008409806489875771,0.311050281999311
size|hfvc|78.00|0.00|0.800,size,hfvc,0.8365,22.759637909999263,9.9596634673782,2.1785620364901526,13.279153447491714,0.0007033884772411625,0.3122772138582642
size|hfvc|78.00|0.00|0.800,size,hfvc,0.8405,22.86870297234008,9.959635238058624,2.1753037889406204,13.27434443557031,0.0005644576505509091,0.31350236200585896
size|hfvc|78.00|0.00|0.800,size,hfvc,0.8445,22.977769340480798,9.959607020034657,2.172042588967108,13.26948656276089,0.0004241887990585891,0.31472572481587235
size|hfvc|78.00|0.00|0.800,size,hfvc,0.8485,23.08683701336473,9.95957881312306,2.1687784514300867,13.264579844662851,0.0002825825604901855,0.3159473006701905
size|hfvc|78.00|0.00|0.800,size,hfvc,0.8525,23.195905989914515,9.959550617143002,2.1655113912020405,13.259624297225601,0.00013963958012119804,0.31716708795882276
size|hfvc|78.00|0.00|0.800,size,hfvc,0.8565,23.304976269032153,9.959522431909202,2.1622414231662406,13.254619936745689,4.639489251112572e-06,0.3183850850799147
size|hfvc|78.00|0.00|0.800,size,hfvc,0.8605,23.414047849598962,9.959494257240452,2.1589685622190107,13.249566779878247,0.0001502539872591524,0.31960129043974234
size|hfvc|78.00|0.00|0.800,size,hfvc,0.8645,23.52312073047567,9.959466092950606,2.1556928232678865,13.244464843625073,0.00029720324597193315,0.32081570245272595
size|hfvc|78.00|0.00|0.800,size,hfvc,0.8685,23.632194910502452,9.959437938860718,2.1524142212320965,13.239314145340604,0.0004454865899922167,0.322028319541438
size|hfvc|78.00|0.00|0.800,size,hfvc,0.8725,23.741270388498886,9.959409794786499,2.149132771043783,13.234114702737955,0.0005951033362899816,0.32323914013660066
size|hfvc|78.00|0.00|0.800,size,hfvc,0.8765,23.850347163264058,9.959381660543242,2.145848487644933,13.228866533867635,0.0007460527943620177,0.32444816267710297
size|hfvc|78.00|0.00|0.800,size,hfvc,0.8805,23.95942523357658,9.95935353595056,2.142561385990496,13.22356965714524,0.000898334266169476,0.32565538561000373
size|hfvc|78.00|0.00|0.800,size,hfvc,0.8845,24.06850459819459,9.959325420821596,2.1392714810460847,13.218224091326778,0.0010519470461101132,0.32686080739053325
size|hfvc|78.00|0.00|0.800,size,hfvc,0.8885,24.17758525585578,9.959297314977327,2.1359787877893375,13.212829855529938,0.0012068904210599252,0.328064426482109
size|hfvc|78.00|0.00|0.800,size,hfvc,0.8925,24.286667205277514,9.959269218235443,2.1326833212098357,13.20738696922161,0.0013631636704147798,0.3292662413563281
size|hfvc|78.00|0.00|0.800,size,hfvc,0.8965,24.39575044515672,9.959241130411096,2.1293850963074465,13.201895452213808,0.0015207660659793953,0.33046625049298756
size|hfvc|78.00|0.00|0.800,size,hfvc,0.9005,24.504834974170027,9.959213051320093,2.126084128093554,13.196355324672446,0.0016796968720853012,0.3316644523800846
size|hfvc|78.00|0.00|0.800,size,hfvc,0.9045,24.613920790973758,9.959184980783439,2.1227804315917034,13.190766607120203,0.0018399553455353268,0.3328608455138218
size|hfvc|78.00|0.00|0.800,size,hfvc,0.9085,24.723007894203956,9.959156918614976,2.119474021835871,13.18512932042428,0.002001540735589724,0.3340554283986131
size|hfvc|78.00|0.00|0.800,size,hfvc,0.9125,24.832096282476453,9.959128864632783,2.116164913871409,13.179443485806292,0.0021644522840147395,0.33524819954709495
size|hfvc|78.00|0.00|0.800,size,hfvc,0.9165,24.941185954386885,9.959100818656315,2.1128531227552356,13.173709124842262,0.002328689225103431,0.33643915748012776
size|hfvc|78.00|0.00|0.800,size,hfvc,0.9205,25.0502769085107,9.959072780501304,2.1095386635543134,13.167926259450653,0.0024942507856201557,0.33762830072680255
size|hfvc|78.00|0.00|0.800,size,hfvc,0.9245,25.159369143403207,9.959044749985685,2.1062215513480074,13.162094911910518,0.0026611361847797554,0.338815627824446
size|hfvc|78.00|0.00|0.800,size,hfvc,0.9285,25.26846265759963,9.959016726925585,2.102901801225199,13.156215104844055,0.0028293446344002104,0.34000113731863363
size|hfvc|78.00|0.00|0.800,size,hfvc,0.9325,25.37755744961512,9.958988711139911,2.0995794282869356,13.150286861229457,0.0029988753386805955,0.3411848277631847
size|hfvc|78.00|0.00|0.800,size,hfvc,0.9365,25.486653517944806,9.958960702445125,2.0962544476439984,13.14431020439141,0.003169727494457819,0.3423666977201791
size|hfvc|78.00|0.00|0.800,size,hfvc,0.9405,25.595750861063802,9.958932700661048,2.092926874419065,13.138285158011996,0.0033419002909707007,0.3435467457599554
size|hfvc|78.00|0.00|0.800,size,hfvc,0.9445,25.704849477427274,9.958904705602123,2.089596723744957,13.132211746117402,0.003515392910005688,0.3447249704611181
size|hfvc|78.00|0.00|0.800,size,hfvc,0.9485,25.813949365470478,9.958876717089273,2.086264010764837,13.126089993086918,0.003690204525931551,0.3459013704105522
size|hfvc|78.00|0.00|0.800,size,hfvc,0.9525,25.92305052360875,9.958848734936455,2.0829287506332728,13.11991992364825,0.003866334305525909,0.34707594420341087
size|hfvc|78.00|0.00|0.800,size,hfvc,0.9565,26.03215295023761,9.958820758964364,2.0795909585146153,13.113701562884891,0.004043781408238911,0.34824869044314727
size|hfvc|78.00|0.00|0.800,size,hfvc,0.9605,26.14125664373271,9.958792788989134,2.076250649584511,13.107434936223402,0.004222544985929555,0.34941960774148834
size|hfvc|78.00|0.00|0.800,size,hfvc,0.9645,26.250361602449956,9.958764824828867,2.072907839028543,13.101120069444633,0.004402624183066917,0.35058869471847065
size|hfvc|78.00|0.00|0.800,size,hfvc,0.9685,26.35946782472549,9.958736866300816,2.069562542043201,13.094756988678938,0.004584018136563617,0.3517559500024273
size|hfvc|78.00|0.00|0.800,size,hfvc,0.9725,26.468575308875764,9.958708913225395,2.066214773835067,13.088345720408427,0.004766725975990926,0.3529213722300041
size|hfvc|78.00|0.00|0.800,size,hfvc,0.9765,26.577684053197572,9.958680965418395,2.0628645496204525,13.081886291459636,0.004950746823384478,0.3540849600461598
size|hfvc|78.00|0.00|0.800,size,hfvc,0.9805,26.68679405596806,9.958653022695543,2.059511884626136,13.075378729009408,0.005136079793376103,0.3552467121041707
size|hfvc|78.00|0.00|0.800,size,hfvc,0.9845,26.795905315444788,9.958625084878873,2.056156794090252,13.068823060592594,0.005322723993145262,0.3564066270656383
size|hfvc|78.00|0.00|0.800,size,hfvc,0.9885,26.905017829865738,9.958597151785032,2.0527992932602106,13.062219314084643,0.005510678522391288,0.3575647036004935
size|hfvc|78.00|0.00|0.800,size,hfvc,0.9925,27.014131597449417,9.958569223232448,2.049439397392729,13.055567517711797,0.005699942473437469,0.358720940387014
size|hfvc|78.00|0.00|0.800,size,hfvc,0.9965,27.123246616394837,9.958541299036263,2.0460771217551685,13.048867700048284,0.0058905149311686,0.35987533611180916
size|hfvc|78.00|0.00|0.800,size,hfvc,1.0005,27.232362884881578,9.9585133790193,2.0427124816260793,13.042119890025537,0.006082394973024041,0.3610278894698358
size|hfvc|78.00|0.00|0.800,size,hfvc,1.0045,27.34148040106981,9.958485462996196,2.039345492292065,13.035324116911607,0.0062755816690046595,0.36217859916440875
size|hfvc|78.00|0.00|0.800,size,hfvc,1.0085,27.45059916310035,9.95845755078629,2.035976169050421,13.028480410331635,0.006470074081728339,0.3633274639072025
size|hfvc|78.00|0.00|0.800,size,hfvc,1.0125,27.559719169094723,9.958429642206474,2.0326045272075928,13.021588800252816,0.006665871266409162,0.3644744824182534
size|hfvc|78.00|0.00|0.800,size,hfvc,1.0165,27.668840417155135,9.958401737078225,2.0292305820814365,13.014649317000313,0.006862972270801904,0.36561965342596225
size|hfvc|78.00|0.00|0.800,size,hfvc,1.0205,27.77796290536459,9.958373835218643,2.025854348997701,13.00766199123792,0.0070613761353199855,0.36676297566711374
size|hfvc|78.00|0.00|0.800,size,hfvc,1.0245,27.88708663178687,9.95834593644406,2.022475843292554,13.000626853980815,0.007261081892924459,0.3679044478868662
size|hfvc|78.00|0.00|0.800,size,hfvc,1.0285,27.996211594466654,9.958318040574097,2.0190950803112293,12.993543936589901,0.007462088569241965,0.3690440688387679
size|hfvc|78.00|0.00|0.800,size,hfvc,1.0325,28.10533779142943,9.958290147429558,2.0157120754094113,12.986413270780188,0.00766439518244677,0.37018183728475457
size|hfvc|78.00|0.00|0.800,size,hfvc,1.0365,28.21446522068172,9.958262256826199,2.0123268439510418,12.979234888605234,0.007868000743434245,0.3713177519951606
size|hfvc|78.00|0.00|0.800,size,hfvc,1.0405,28.32359388021092,9.958234368583236,2.0089394013102875,12.97200882247261,0.0080729042556682,0.3724518117487197
size|hfvc|78.00|0.00|0.800,size,hfvc,1.0445,28.43272376798548,9.958206482519879,2.005549762871433,12.964735105134018,0.00827910471516008,0.3735840153325641
size|hfvc|78.00|0.00|0.800,size,hfvc,1.0485,28.54185488195492,9.95817859845464,2.002157944025707,12.957413769684894,0.008486601110663239,0.3747143615422584
size|hfvc|78.00|0.00|0.800,size,hfvc,1.0525,28.65098722004986,9.958150716207136,1.9987639601756075,12.950044849576026,0.008695392423548054,0.3758428491817685
size|hfvc|78.00|0.00|0.800,size,hfvc,1.0565,28.76012078018207,9.95812283559508,1.9953678267314525,12.942628378592818,0.008905477627836611,0.3769694770634837
size|hfvc|78.00|0.00|0.800,size,hfvc,1.0605,28.86925556024449,9.958094956436362,1.9919695591138162,12.93516439087729,0.00911685569018883,0.37809424400822184
size|hfvc|78.00|0.00|0.800,size,hfvc,1.0645,28.978391558111298,9.958067078550627,1.9885691727517114,12.927652920911154,0.00932952556992328,0.37921714884523083
size|hfvc|78.00|0.00|0.800,size,hfvc,1.0685,29.087528771637945,9.958039201759554,1.9851666830834154,12.920094003526188,0.009543486219024122,0.38033819041219963
size|hfvc|78.00|0.00|0.800,size,hfvc,1.0725,29.19666719866121,9.958011325878385,1.9817621055559016,12.912487673895624,0.009758736582154981,0.38145736755525467
size|hfvc|78.00|0.00|0.800,size,hfvc,1.0765,29.30580683699922,9.957983450727557,1.9783554556244805,12.904833967536565,0.009975275596645072,0.38257467912897386
size|hfvc|78.00|0.00|0.800,size,hfvc,1.0805,29.414947684451548,9.957955576126786,1.9749467487549657,12.897132920320896,0.010193102192523895,0.38369012399638125
size|hfvc|78.00|0.00|0.800,size,hfvc,1.0845,29.524089738799198,9.95792770189526,1.9715360004201774,12.88938456845392,0.010412215292493476,0.38480370102896205
size|hfvc|78.00|0.00|0.800,size,hfvc,1.0885,29.633232997804697,9.957899827849536,1.9681232261018358,12.881588948487183,0.010632613811983882,0.3859154091066626
size|hfvc|78.00|0.00|0.800,size,hfvc,1.0925,29.742377459212072,9.957871953815122,1.9647084412923457,12.87374609732925,0.010854296659021379,0.3870252471178888
size|hfvc|78.00|0.00|0.800,size,hfvc,1.0965,29.85152312074699,9.957844079606321,1.961291661489942,12.865856052216408,0.011077262734457416,0.3881332139595284
size|hfvc|78.00|0.00|0.800,size,hfvc,1.1005,29.960669980116748,9.957816205042116,1.957872902202313,12.857918850732696,0.011301510931802095,0.389239308536939
size|hfvc|78.00|0.00|0.800,size,hfvc,1.1045,30.069818035010325,9.957788329944337,1.954452178946559,12.849934530814078,0.011527040137300493,0.39034352976395803
size|hfvc|78.00|0.00|0.800,size,hfvc,1.1085,30.178967283098448,9.957760454131282,1.951029507247328,12.841903130730849,0.011753849229932667,0.3914458765629066
size|hfvc|78.00|0.00|0.800,size,hfvc,1.1125,30.288117722033622,9.957732577424173,1.9476049026375784,12.833824689100506,0.011981937081406713,0.39254634786460213
size|hfvc|78.00|0.00|0.800,size,hfvc,1.1165,30.397269349450138,9.957704699641319,1.9441783806591584,12.825699244883698,0.012211302556137948,0.39364494260834926
size|hfvc|78.00|0.00|0.800,size,hfvc,1.1205,30.50642216296421,9.957676820602877,1.9407499568613815,12.81752683737955,0.012441944511332181,0.3947416597419568
size|hfvc|78.00|0.00|0.800,size,hfvc,1.1245,30.61557616017396,9.957648940127427,1.9373196468022906,12.80930750623254,0.012673861796930197,0.3958364982217336
size|hfvc|78.00|0.00|0.800,size,hfvc,1.1285,30.724731338659506,9.957621058036503,1.9338874660478707,12.801041291429565,0.012907053255656331,0.39692945701249965
size|hfvc|78.00|0.00|0.800,size,hfvc,1.1325,30.833887695982924,9.957593174149913,1.930453430172152,12.792728233298302,0.01314151772295602,0.39802053508758556
size|hfvc|78.00|0.00|0.800,size,hfvc,1.1365,30.943045229688416,9.95756528828602,1.9270175547570465,12.784368372506119,0.013377254027072127,0.3991097314288386
size|hfvc|78.00|0.00|0.800,size,hfvc,1.1405,31.052203937302302,9.957537400266638,1.923579855392731,12.775961750063223,0.013614260989051885,0.4001970450266278
size|hfvc|78.00|0.00|0.800,size,hfvc,1.1445,31.161363816333044,9.957509509911189,1.9201403476768821,12.76750840732097,0.013852537422712197,0.40128247487985097
size|hfvc|78.00|0.00|0.800,size,hfvc,1.1485,31.27052486427134,9.957481617039438,1.9166990472150813,12.759008385969409,0.014092082134639639,0.4023660199959323
size|hfvc|78.00|0.00|0.800,size,hfvc,1.1525,31.37968707859018,9.957453721471635,1.9132559696209628,12.750461728041046,0.014332893924301482,0.4034476793908307
size|hfvc|78.00|0.00|0.800,size,hfvc,1.1565,31.48885045674482,9.957425823028409,1.909811130515264,12.741868475904978,0.014574971583913854,0.40452745208904684
size|hfvc|78.00|0.00|0.800,size,hfvc,1.1605,31.598014996172903,9.957397921531511,1.9063645455272549,12.73322867227474,0.014818313898518065,0.4056053371236211
size|hfvc|78.00|0.00|0.800,size,hfvc,1.1645,31.707180694294497,9.957370016800422,1.902916230292932,12.724542360196743,0.01506291964598061,0.4066813335361418
size|hfvc|78.00|0.00|0.800,size,hfvc,1.1685,31.816347548512137,9.957342108653291,1.8994662004561618,12.71580958306,0.015308787597020923,0.407755440376751
size|hfvc|78.00|0.00|0.800,size,hfvc,1.1725,31.925515556210886,9.957314196915105,1.8960144716681018,12.707030384592741,0.015555916515197499,0.4088276567041474
size|hfvc|78.00|0.00|0.800,size,hfvc,1.1765,32.034684714758384,9.957286281402608,1.8925610595875406,12.69820480885842,0.015804305156914833,0.4098979815855832
size|hfvc|78.00|0.00|0.800,size,hfvc,1.1805,32.14385502150486,9.957258361938571,1.889105979880686,12.689332900263398,0.016053952271388727,0.4109664140968796
size|hfvc|78.00|0.00|0.800,size,hfvc,1.1845,32.253026473783244,9.957230438343679,1.8856492482206766,12.680414703544782,0.016304856600792006,0.4120329533224239
size|hfvc|78.00|0.00|0.800,size,hfvc,1.1885,32.36219906890919,9.957202510437085,1.8821908802876293,12.67145026377965,0.016557016880081044,0.413097598355178
size|hfvc|78.00|0.00|0.800,size,hfvc,1.1925,32.47137280418116,9.9571745780418,1.8787308917698142,12.662439626386337,0.016810431837183115,0.41416034829667586
size|hfvc|78.00|0.00|0.800,size,hfvc,1.1965,32.5805476768804,9.957146640978053,1.8752692983616683,12.653382837114155,0.01706510019285068,0.415221202257034
size|hfvc|78.00|0.00|0.800,size,hfvc,1.2005,32.68972368427106,9.957118699065871,1.871806115765228,12.644279942049515,0.01732102066071689,0.4162801593549491
size|hfvc|78.00|0.00|0.800,size,hfvc,1.2045,32.79890082360023,9.957090752129245,1.8683413596889429,12.635130987615877,0.0175781919473858,0.4173372187177132
size|hfvc|78.00|0.00|0.800,size,hfvc,1.2085,32.90807909209801,9.957062799987655,1.86487504584914,12.625936020573532,0.017836612752335224,0.41839237948120045
size|hfvc|78.00|0.00|0.800,size,hfvc,1.2125,33.01725848697754,9.95703484246127,1.8614071899675362,12.61669508801252,0.018096281767972233,0.4194456407898896
size|hfvc|78.00|0.00|0.800,size,hfvc,1.2165,33.126439005435024,9.957006879374195,1.85793780777406,12.607408237363842,0.018357197679640114,0.42049700179685184
size|hfvc|78.00|0.00|0.800,size,hfvc,1.2205,33.235620644649856,9.956978910545995,1.8544669150039363,12.59807551638527,0.018619359165597538,0.4215464616637668
size|hfvc|78.00|0.00|0.800,size,hfvc,1.2245,33.34480340178464,9.956950935796128,1.850994527400594,12.58869697317617,0.018882764897087956,0.4225940195609126
size|hfvc|78.00|0.00|0.800,size,hfvc,1.2285,33.4539872739852,9.956922954951333,1.8475206607129009,12.579272656165589,0.019147413538284086,0.4236396746671888
size|hfvc|78.00|0.00|0.800,size,hfvc,1.2325,33.563172258380746,9.956894967829731,1.844045330697266,12.569802614117428,0.01941330374636424,0.42468342617009763
size|hfvc|78.00|0.00|0.800,size,hfvc,1.2365,33.67235835208378,9.956866974254856,1.8405685531159266,12.560286896126504,0.019680434171415184,0.4257252732657666
size|hfvc|78.00|0.00|0.800,size,hfvc,1.2405,33.7815455521903,9.956838974046267,1.8370903437374928,12.550725551620275,0.019948803456584785,0.42676521515894394
size|hfvc|78.00|0.00|0.800,size,hfvc,1.2445,33.89073385577974,9.956810967026525,1.8336107183364667,12.541118630353687,0.020218410237929363,0.4278032510630028
size|hfvc|78.00|0.00|0.800,size,hfvc,1.2485,33.999923259915114,9.956782953021817,1.8301296926954924,12.531466182428492,0.02048925314458716,0.42883938019994217
size|hfvc|78.00|0.00|0.800,size,hfvc,1.2525,34.10911376164298,9.95675493184872,1.8266472826016116,12.521768258260188,0.020761330798632627,0.42987360180039164
size|hfvc|78.00|0.00|0.800,size,hfvc,1.2565,34.218305357993565,9.956726903331493,1.8231635038483287,12.512024908600415,0.021034641815201316,0.4309059151036226
size|hfvc|78.00|0.00|0.800,size,hfvc,1.2605,34.32749804598084,9.956698867292177,1.8196783722359828,12.502236184533913,0.021309184802469072,0.4319363193575389
size|hfvc|78.00|0.00|0.800,size,hfvc,1.2645,34.4366918226025,9.956670823552601,1.8161919035702228,12.492402137472443,0.021584958361624274,0.43296481381869056
size|hfvc|78.00|0.00|0.800,size,hfvc,1.2685,34.545886684840085,9.956642771938451,1.8127041136637325,12.482522819163774,0.02186196108694416,0.43399139775227163
size|hfvc|78.00|0.00|0.800,size,hfvc,1.2725,34.65508262965898,9.95661471226707,1.8092150183337428,12.472598281673523,0.022140191565697687,0.4350160704321241
size|hfvc|78.00|0.00|0.800,size,hfvc,1.2765,34.76427965400852,9.956586644365297,1.80572463340468,12.462628577404987,0.022419648378235735,0.4360388311407422
size|hfvc|78.00|0.00|0.800,size,hfvc,1.2805,34.87347775482206,9.956558568053467,1.80223297470567,12.452613759086415,0.022700330098046617,0.4370596791692805
size|hfvc|78.00|0.00|0.800,size,hfvc,1.2845,34.982676929016975,9.956530483156138,1.7987400580722726,12.44255387977196,0.022982235291617303,0.4380786138175444
size|hfvc|78.00|0.00|0.800,size,hfvc,1.2885,35.091877173494744,9.956502389493709,1.7952458993448934,12.43244899284377,0.023265362518599952,0.4390956343940099
size|hfvc|78.00|0.00|0.800,size,hfvc,1.2925,35.201078485141046,9.956474286891199,1.7917505143708286,12.422299152013297,0.023549710331721707,0.4401107402158081
size|hfvc|78.00|0.00|0.800,size,hfvc,1.2965,35.31028086082575,9.956446175170601,1.788253919002172,12.41210441131729,0.023835277276826328,0.44112393060874466
size|hfvc|78.00|0.00|0.800,size,hfvc,1.3005,35.41948429740298,9.956418054155353,1.7847561290964493,12.401864825116615,0.024122061892867253,0.44213520490729685
size|hfvc|78.00|0.00|0.800,size,hfvc,1.3045,35.52868879171129,9.956389923668464,1.781257160516669,12.391580448097702,0.024410062711976988,0.4431445624546131
size|hfvc|78.00|0.00|0.800,size,hfvc,1.3085,35.63789434057357,9.956361783534328,1.7777570291315723,12.38125133527545,0.0246992782593769,0.4441520026025218
size|hfvc|78.00|0.00|0.800,size,hfvc,1.3125,35.74710094079717,9.956333633574689,1.7742557508146963,12.370877541982974,0.024989707053460486,0.4451575247115277
size|hfvc|78.00|0.00|0.800,size,hfvc,1.3165,35.856308589174006,9.956305473613059,1.7707533414448824,12.360459123883118,0.025281347605821125,0.4461611281508268
size|hfvc|78.00|0.00|0.800,size,hfvc,1.3205,35.96551728248054,9.956277303475106,1.767249816906745,12.349996136962634,0.025574198421210448,0.4471628122982929
size|hfvc|78.00|0.00|0.800,size,hfvc,1.3245,36.07472701747787,9.956249122980056,1.763745193088959,12.339488637521555,0.025868257997524458,0.4481625765404902
size|hfvc|78.00|0.00|0.800,size,hfvc,1.3285,36.18393779091179,9.956220931957423,1.760239485886613,12.328936682196911,0.026163524825914553,0.44916042027267905
size|hfvc|78.00|0.00|0.800,size,hfvc,1.3325,36.29314959951287,9.956192730226926,1.7567327111988915,12.318340327939662,0.026459997390690382,0.4501563428988098
size|hfvc|78.00|0.00|0.800,size,hfvc,1.3365,36.402362439996494,9.956164517615237,1.7532248849296614,12.307699632019705,0.02675767416940311,0.451150343831535
size|hfvc|78.00|0.00|0.800,size,hfvc,1.3405,36.511576309062946,9.956136293943374,1.7497160229883661,12.297014652032818,0.027056553632859304,0.4521424224922021
size|hfvc|78.00|0.00|0.800,size,hfvc,1.3445,36.62079120339741,9.95610805903681,1.7462061412885557,12.28628544589351,0.027356634245037648,0.4531325783108685
size|hfvc|78.00|0.00|0.800,size,hfvc,1.3485,36.730007119670105,9.956079812719937,1.742695255749226,12.275512071837618,0.0276579144632208,0.45412081072628935
size|hfvc|78.00|0.00|0.800,size,hfvc,1.3525,36.8392240545363,9.956051554818274,1.7391833822939569,12.264694588421195,0.027960392737891304,0.4551071191859318
size|hfvc|78.00|0.00|0.800,size,hfvc,1.3565,36.94844200463642,9.956023285154622,1.7356705368498115,12.25383305451302,0.028264067512891178,0.4560915031459774
size|hfvc|78.00|0.00|0.800,size,hfvc,1.3605,37.05766096659602,9.955995003552182,1.7321567353498406,12.242927529309554,0.028568937225262325,0.4570739620713149
size|hfvc|78.00|0.00|0.800,size,hfvc,1.3645,37.166880937025944,9.955966709838748,1.7286419937313107,12.231978072320103,0.028875000305371434,0.4580544954355496
size|hfvc|78.00|0.00|0.800,size,hfvc,1.3685,37.276101912522336,9.955938403835908,1.7251263279350766,12.220984743370625,0.02918225517688916,0.4590331027210101
size|hfvc|78.00|0.00|0.800,size,hfvc,1.3725,37.38532388966673,9.95591008537292,1.7216097539073951,12.209947602607924,0.029490700256804003,0.46000978341874244
size|hfvc|78.00|0.00|0.800,size,hfvc,1.3765,37.49454686502608,9.95588175426843,1.7180922875974887,12.198866710488467,0.02980033395542231,0.4609845370285185
size|hfvc|78.00|0.00|0.800,size,hfvc,1.3805,37.60377083515284,9.95585341035246,1.7145739449601585,12.187742127791765,0.030111154676396024,0.4619573630588325
size|hfvc|78.00|0.00|0.800,size,hfvc,1.3845,37.71299579658503,9.955825053446906,1.7110547419538693,12.176573915609804,0.03042316081669494,0.46292826102690754
size|hfvc|78.00|0.00|0.800,size,hfvc,1.3885,37.8222217458463,9.95579668337981,1.7075346945410053,12.16536213534954,0.030736350766710774,0.46389723045870024
size|hfvc|78.00|0.00|0.800,size,hfvc,1.3925,37.93144867944597,9.95576829997401,1.7040138186881122,12.154106848730407,0.031050722910132278,0.46486427088889654
size|hfvc|78.00|0.00|0.800,size,hfvc,1.3965,38.04067659387913,9.955739903054948,1.7004921303652836,12.142808117785123,0.03136627562407013,0.4658293818609208
size|hfvc|78.00|0.00|0.800,size,hfvc,1.4005,38.149905485626654,9.955711492449586,1.6969696455475773,12.131466004865068,0.03168300727900142,0.46679256292693017
size|hfvc|78.00|0.00|0.800,size,hfvc,1.4045,38.25913535115535,9.955683067983335,1.6934463802131916,12.120080572629435,0.032000916238873744,0.4677538136478241
size|hfvc|78.00|0.00|0.800,size,hfvc,1.4085,38.368366186917925,9.955654629480755,1.6899223503440433,12.108651884049774,0.032320000860973364,0.4687131335932429
size|hfvc|78.00|0.00|0.800,size,hfvc,1.4125,38.47759798935309,9.95562617676878,1.6863975719253868,12.09718000240755,0.03264025949606397,0.46967052234157486
size|hfvc|78.00|0.00|0.800,size,hfvc,1.4165,38.58683075488563,9.955597709672213,1.682872060947201,12.085664991299893,0.03296169048831732,0.47062597947994583
size|hfvc|78.00|0.00|0.800,size,hfvc,1.4205,38.6960644799265,9.955569228018355,1.6793458334024265,12.07410691462988,0.03328429217538259,0.47157950460423326
size|hfvc|78.00|0.00|0.800,size,hfvc,1.4245,38.805299160872835,9.955540731631157,1.6758189052875516,12.062505836611852,0.03360806288840029,0.47253109731906623
size|hfvc|78.00|0.00|0.800,size,hfvc,1.4285,38.91453479410801,9.955512220339434,1.6722912926025142,12.050861821770743,0.03393300095191898,0.4734807572378253
size|hfvc|78.00|0.00|0.800,size,hfvc,1.4325,39.023771376001754,9.955483693967091,1.6687630113507381,12.039174934936607,0.0342591046840271,0.4744284839826415
size|hfvc|78.00|0.00|0.800,size,hfvc,1.4365,39.133008902910206,9.955455152342424,1.6652340775387147,12.02744524124859,0.03458637239626278,0.4753742771844061
size|hfvc|78.00|0.00|0.800,size,hfvc,1.4405,39.24224737117592,9.955426595293222,1.6617045071765115,12.015672806155898,0.034914802393717914,0.4763181364827666
size|hfvc|78.00|0.00|0.800,size,hfvc,1.4445,39.35148677712805,9.955398022641464,1.6581743162768507,12.003857695408033,0.035244392975031236,0.4772600615261269
size|hfvc|78.00|0.00|0.800,size,hfvc,1.4485,39.460727117082286,9.955369434216808,1.654643520856503,11.991999975068339,0.0355751424323536,0.47820005197165316
size|hfvc|78.00|0.00|0.800,size,hfvc,1.4525,39.56996838734094,9.955340829845976,1.6511121369348936,11.980099711502717,0.035907049051354945,0.4791381074852758
size|hfvc|78.00|0.00|0.800,size,hfvc,1.4565,39.67921058419309,9.955312209357398,1.6475801805342585,11.968156971379324,0.036240111111265905,0.48007422774168984
size|hfvc|78.00|0.00|0.800,size,hfvc,1.4605,39.788453703914655,9.955283572575732,1.6440476676797022,11.956171821671441,0.03657432688498885,0.48100841242435577
size|hfvc|78.00|0.00|0.800,size,hfvc,1.4645,39.897697742768315,9.955254919328052,1.6405146143995626,11.944144329659512,0.036909694638875834,0.4819406612255038
size|hfvc|78.00|0.00|0.800,size,hfvc,1.4685,40.00694269700372,9.95522624944262,1.636981036724309,11.932074562921263,0.037246212632964515,0.48287097384613437
size|velocity|78.00|0.00|0.800,size,velocity,0.0005,0.003790909270271105,9.78110569421068,2.319495802035911,13.04874728339098,1.866591609038476e-12,0.00027309552696523984
size|velocity|78.00|0.00|0.800,size,velocity,0.0045,0.009156622803606147,9.700608699314039,3.3721232689948284,13.435593750022862,0.00014484162318140203,0.004656212305009535
size|velocity|78.00|0.00|0.800,size,velocity,0.0085,0.0443186788676719,9.715000401298362,3.5832701301423446,13.605474085900832,0.00032627171696331114,0.013633888531799084
size|velocity|78.00|0.00|0.800,size,velocity,0.0125,0.12171275882155119,9.772726451230762,3.3981617563174233,13.52044576205696,0.0004960340840992616,0.022276419035695844
size|velocity|78.00|0.00|0.800,size,velocity,0.0165,0.2326320835180968,9.841800107304262,3.0969923687042074,13.361555648800145,0.0006455697519891501,0.028334114405972163
size|velocity|78.00|0.00|0.800,size,velocity,0.0205,0.36161406063607665,9.904234788067091,2.8468162396845007,13.237177608404965,0.0007782589044880162,0.03167317092112116
size|velocity|78.00|0.00|0.800,size,velocity,0.0245,0.49543775110737864,9.954250562667283,2.7060707555378083,13.185045640723317,0.0009025053580788422,0.033164074002330735
size|velocity|78.00|0.00|0.800,size,velocity,0.0285,0.6264358832249464,9.993424835197224,2.663790614898468,13.19747518589207,0.0010251460472246454,0.03383574503670709
size|velocity|78.00|0.00|0.800,size,velocity,0.0325,0.7520938855461167,10.026155094909992,2.6812390375049566,13.248791379478636,0.0011493651258451254,0.03443690687172192
size|velocity|78.00|0.00|0.800,size,velocity,0.0365,0.8731007596602862,10.056654682189336,2.7203455181543283,13.313995218411895,0.001275549781416807,0.03533231330401045
size|velocity|78.00|0.00|0.800,size,velocity,0.0405,0.9913651096025493,10.087619160306163,2.7563925796191393,13.376965408213717,0.0014027694575577399,0.0365871201265202
size|velocity|78.00|0.00|0.800,size,velocity,0.0445,1.1086956179093344,10.120124702481256,2.779199957344263,13.431128729021353,0.0015298410754038816,0.038107999134399904
size|velocity|78.00|0.00|0.800,size,velocity,0.0485,1.226235763292382,10.154138101313144,2.7886800325207313,13.476501034925956,0.0016558577433586907,0.03976161907231532
size|velocity|78.00|0.00|0.800,size,velocity,0.0525,1.3444349611668929,10.189132452573721,2.789360188824262,13.516090578766999,0.0017803340442920645,0.04144217969905109
size|velocity|78.00|0.00|0.800,size,velocity,0.0565,1.4632732948306655,10.2245373016052,2.7863129509558764,13.553237588233216,0.001903136515081505,0.04309264562524555
size|velocity|78.00|0.00|0.800,size,velocity,0.0605,1.5825244399712226,10.25995794018418,2.783120270755041,13.590289256609362,0.0020243346409223872,0.04469767801941752
size|velocity|78.00|0.00|0.800,size,velocity,0.0645,1.7019458432112657,10.295214671670694,2.781459517590589,13.628336675454435,0.002144063068691693,0.04626613633930381
size|velocity|78.00|0.00|0.800,size,velocity,0.0685,1.8213706848706595,10.33028702836354,2.781568065254736,13.667525499847974,0.002262436099118026,0.04781483823048145
size|velocity|78.00|0.00|0.800,size,velocity,0.0725,1.9407237105638802,10.365233926270877,2.78294778800881,13.707521223808254,0.00237951594016933,0.04935845499680456
size|velocity|78.00|0.00|0.800,size,velocity,0.0765,2.0599970515971555,10.400130177061953,2.784937114383147,13.747885303476643,0.0024953164262236927,0.050905656421749504
size|velocity|78.00|0.00|0.800,size,velocity,0.0805,2.179216152984051,10.435032154543746,2.78702689121365,13.788281850346577,0.0026098214107386775,0.05245941557884838
size|velocity|78.00|0.00|0.800,size,velocity,0.0845,2.2984128811259175,10.469968480883322,2.7889516426273917,13.828536471852871,0.0027230033859473868,0.05401909906139863
size|velocity|78.00|0.00|0.800,size,velocity,0.0885,2.4176111066480037,10.504945290311078,2.790647536187034,13.868607723594714,0.0028348357907978516,0.055582652120643186
size|velocity|78.00|0.00|0.800,size,velocity,0.0925,2.5368228937753807,10.539956324428273,2.7921642049927273,13.908528596373268,0.0029452982455505095,0.05714807825339062
size|velocity|78.00|0.00|0.800,size,velocity,0.0965,2.656050813534801,10.574991768419714,2.793585820807035,13.948354413241463,0.0030543767954166468,0.0587140913792952
size|velocity|78.00|0.00|0.800,size,velocity,0.1005,2.7752922464605985,10.610043488392344,2.7949834098109303,13.988131484600578,0.003162061813784256,0.06028016873915666
size|velocity|78.00|0.00|0.800,size,velocity,0.1045,2.894543115171185,10.64510683819575,2.796397695747967,14.027885938246248,0.00326834556701322,0.06184631345042465
size|velocity|78.00|0.00|0.800,size,velocity,0.1085,3.0138000793834525,10.680180287088216,2.797841686866148,14.067625549952457,0.0033732204628503237,0.06341276651397892
size|velocity|78.00|0.00|0.800,size,velocity,0.1125,3.13306128059937,10.715264183575888,2.7993113446807554,14.107346859606194,0.0034766782105941085,0.06497979450983038
size|velocity|78.00|0.00|0.800,size,velocity,0.1165,3.252326172888006,10.750359549471298,2.8007962690029657,14.147042254275194,0.0035787096818798436,0.06654758439486887
size|velocity|78.00|0.00|0.800,size,velocity,0.1205,3.3715949964717726,10.78546730052036,2.8022867302997487,14.186704610885041,0.0036793051363601115,0.06811622298425661
size|velocity|78.00|0.00|0.800,size,velocity,0.1245,3.490868269345413,10.820587927875726,2.8037766341986314,14.22632923947696,0.0037784545343366727,0.06968572192686431
size|velocity|78.00|0.00|0.800,size,velocity,0.1285,3.610146461196476,10.855721498244069,2.805263622965946,14.265913933571738,0.0038761477817728096,0.07125605479152132
size|velocity|78.00|0.00|0.800,size,velocity,0.1325,3.729429861808225,10.890867798951945,2.80674784183387,14.30545814252502,0.00397237486018942,0.07282718695295565
size|velocity|78.00|0.00|0.800,size,velocity,0.1365,3.848718582872055,10.926026499282651,2.8082305214274905,14.34496202799249,0.004067125860075793,0.07439909197211256
size|velocity|78.00|0.00|0.800,size,velocity,0.1405,3.968012619779884,10.961197263991913,2.8097129621513806,14.38442579071574,0.004160390959427607,0.0759717562323735
size|velocity|78.00|0.00|0.800,size,velocity,0.1445,4.087311919502416,10.996379806220355,2.811196048953281,14.423849350701396,0.004252160384569936,0.07754517665373256
size|velocity|78.00|0.00|0.800,size,velocity,0.1485,4.206616427989031,11.031573894730275,2.8126801731531668,14.463232297590464,0.004342424377030973,0.07911935604559352
size|velocity|78.00|0.00|0.800,size,velocity,0.1525,4.325926112035629,11.066779337888876,2.814165365917305,14.502573980852555,0.004431173173995162,0.0806942989782934
size|velocity|78.00|0.00|0.800,size,velocity,0.1565,4.445240962067533,11.10199596255331,2.8156514821573237,14.541873632709873,0.0045183970021484,0.08227000930380954
size|velocity|78.00|0.00|0.800,size,velocity,0.1605,4.564560985300462,11.137223597867678,2.8171383443590186,14.581130463859513,0.004604086079509906,0.08384648927441124
size|velocity|78.00|0.00|0.800,size,velocity,0.1645,4.683886196872332,11.17246206683646,2.81862581896653,14.620343714074957,0.004688230620442102,0.08542373968882729
size|velocity|78.00|0.00|0.800,size,velocity,0.1685,4.80321661308925,11.207711184316812,2.8201138359788764,14.659512664964392,0.004770820840181711,0.08700176045505395
size|velocity|78.00|0.00|0.800,size,velocity,0.1725,4.922552247943883,11.24297075862377,2.821602376050885,14.698636631180593,0.004851846958101036,0.08858055114967694
size|velocity|78.00|0.00|0.800,size,velocity,0.1765,5.041893112311873,11.278240594225348,2.8230914472477697,14.737714944832344,0.004931299198873695,0.09016011138411904
size|velocity|78.00|0.00|0.800,size,velocity,0.1805,5.161239214639616,11.313520494013137,2.8245810650595855,14.776746942140083,0.0050091677926064615,0.09174044095780011
size|velocity|78.00|0.00|0.800,size,velocity,0.1845,5.280590562073866,11.348810260605296,2.8260712407408763,14.815731955704816,0.005085442974568644,0.09332153986204694
size|velocity|78.00|0.00|0.800,size,velocity,0.1885,5.399947161405212,11.384109696759841,2.8275619774190264,14.854669311950918,0.005160114984650854,0.09490340821487471
size|velocity|78.00|0.00|0.800,size,velocity,0.1925,5.519309019603952,11.419418605249858,2.829053271065193,14.893558331827002,0.005233174067267865,0.09648604618666397
size|velocity|78.00|0.00|0.800,size,velocity,0.1965,5.638676143987291,11.454736788527445,2.8305451133397757,14.932398332725846,0.005304610471261462,0.09806945394712241
size|velocity|78.00|0.00|0.800,size,velocity,0.2005,5.758048542161737,11.490064048416555,2.832037494317567,14.971188630338084,0.005374414450136367,0.09965363164003936
size|velocity|78.00|0.00|0.800,size,velocity,0.2045,5.877426221882954,11.525400185918217,2.8335304042211056,15.009928539809124,0.005442576262199017,0.10123857937929019
size|velocity|78.00|0.00|0.800,size,velocity,0.2085,5.996809190925941,11.560745001138061,2.8350238341162797,15.048617376224463,0.005509086170973898,0.102824297255821
size|velocity|78.00|0.00|0.800,size,velocity,0.2125,6.116197457004213,11.596098293290668,2.836517775892265,15.087254454597357,0.0055739344453215045,0.10441078534722903
size|velocity|78.00|0.00|0.800,size,velocity,0.2165,6.235591027738751,11.631459860744428,2.8380122219284423,15.125839089662776,0.005637111359722835,0.10599804372519997
size|velocity|78.00|0.00|0.800,size,velocity,0.2205,6.354989910660023,11.666829501062074,2.839507164730548,15.164370595644836,0.005698607194466743,0.10758607245941067
size|velocity|78.00|0.00|0.800,size,velocity,0.2245,6.4743941132242115,11.702207011033666,2.841002596676009,15.202848286093207,0.005758412235795651,0.1091748716184831
size|velocity|78.00|0.00|0.800,size,velocity,0.2285,6.593803642830216,11.737592186690717,2.8424985099014344,15.241271473834821,0.005816516776134539,0.11076444126922234
size|velocity|78.00|0.00|0.800,size,velocity,0.2325,6.713218506831006,11.77298482330891,2.84399489628528,15.279639470963222,0.005872911114257473,0.11235478147534092
size|velocity|78.00|0.00|0.800,size,velocity,0.2365,6.832638712538449,11.808384715406122,2.8454917474869057,15.317951588888477,0.005927585555447201,0.11394589229634629
size|velocity|78.00|0.00|0.800,size,velocity,0.2405,6.952064267223326,11.84379165673889,2.846989054993562,15.356207138378982,0.00598053041165475,0.11553777378686603
size|velocity|78.00|0.00|0.800,size,velocity,0.2445,7.071495178113046,11.879205440300538,2.8484868101559218,15.394405429599063,0.006031736001818611,0.1171304259963804
size|velocity|78.00|0.00|0.800,size,velocity,0.2485,7.190931452388954,11.91462585832166,2.8499850042073493,15.432545772139317,0.006081192651934131,0.11872384896921004
size|velocity|78.00|0.00|0.800,size,velocity,0.2525,7.3103730971842475,11.95005270227035,2.851483628267317,15.470627475030113,0.006128890695365763,0.12031804274459801
size|velocity|78.00|0.00|0.800,size,velocity,0.2565,7.429820119582732,11.985485762857182,2.8529826733371535,15.50864984675243,0.006174820472847065,0.12191300735678977
size|velocity|78.00|0.00|0.800,size,velocity,0.2605,7.549272526618237,12.020924830036725,2.854482130295581,15.546612195253694,0.006218972332883155,0.12350874283504877
size|velocity|78.00|0.00|0.800,size,velocity,0.2645,7.668730325274416,12.056369693009913,2.8559819898919305,15.584513827951728,0.006261336631827041,0.12510524920363508
size|velocity|78.00|0.00|0.800,size,velocity,0.2685,7.788193522484621,12.091820140228915,2.857482242744618,15.622354051753636,0.006301903734115544,0.12670252648173477
size|velocity|78.00|0.00|0.800,size,velocity,0.2725,7.907662125131752,12.127275959396592,2.858982879339148,15.660132173066174,0.006340664012415009,0.1283005746833802
size|velocity|78.00|0.00|0.800,size,velocity,0.2765,8.027136140047988,12.162736937472069,2.860483890029102,15.697847497812255,0.006377607847878053,0.12989939381735807
size|velocity|78.00|0.00|0.800,size,velocity,0.2805,8.146615574014387,12.198202860671094,2.861985265037172,15.73549933144744,0.006412725630330907,0.13149898388713577
size|velocity|78.00|0.00|0.800,size,velocity,0.2845,8.266100433760505,12.233673514468121,2.863486994454035,15.773086978968415,0.006446007758405259,0.1330993448907932
size|velocity|78.00|0.00|0.800,size,velocity,0.2885,8.385590725963926,12.269148683600577,2.8649890682418566,15.81060974494256,0.006477444639822749,0.13470047682094563
size|velocity|78.00|0.00|0.800,size,velocity,0.2925,8.505086457249826,12.304628152070853,2.8664914762313267,15.848066933507727,0.006507026691554563,0.13630237966469025
size|velocity|78.00|0.00|0.800,size,velocity,0.2965,8.624587634190588,12.34011170314671,2.867994208123536,15.8854578483956,0.00653474433994633,0.13790505340354062
size|velocity|78.00|0.00|0.800,size,velocity,0.3005,8.744094263305342,12.375599119368141,2.869497253490014,15.922781792949273,0.006560588021092828,0.13950849801335294
size|velocity|78.00|0.00|0.800,size,velocity,0.3045,8.863606351059579,12.411090182545568,2.8710006017708434,15.960038070127784,0.006584548180844918,0.1411127134642801
size|velocity|78.00|0.00|0.800,size,velocity,0.3085,8.983123903864767,12.446584673765852,2.8725042422765865,15.997225982533717,0.006606615275107919,0.14271769972069107
size|velocity|78.00|0.00|0.800,size,velocity,0.3125,9.102646928077938,12.482082373393641,2.8740081641874657,16.03434483242203,0.006626779770042834,0.14432345674111208
size|velocity|78.00|0.00|0.800,size,velocity,0.3165,9.222175430001293,12.517583061074365,2.875512356554181,16.071393921720382,0.006645032142253704,0.14592998447815467
size|velocity|78.00|0.00|0.800,size,velocity,0.3205,9.34170941588179,12.55308651573688,2.87701680829561,16.108372552033607,0.0066613628789055634,0.14753728287846413
size|velocity|78.00|0.00|0.800,size,velocity,0.3245,9.461248891910751,12.588592515597279,2.8785215082023505,16.14528002467698,0.006675762478119962,0.1491453518826352
size|velocity|78.00|0.00|0.800,size,velocity,0.3285,9.580793864223462,12.624100838160091,2.8800264449340616,16.182115640677893,0.006688221448981901,0.1507541914251632
size|velocity|78.00|0.00|0.800,size,velocity,0.3325,9.700344338898782,12.659611260223427,2.881531607020353,16.218878700796758,0.0066987303117410635,0.15236380143437245
size|velocity|78.00|0.00|0.800,size,velocity,0.3365,9.819900321958688,12.695123557879576,2.8830369828621523,16.25556850554312,0.0067072795983322275,0.15397418183233877
size|velocity|78.00|0.00|0.800,size,velocity,0.3405,9.939461819367947,12.730637506519747,2.8845425607289497,16.29218435519237,0.006713859852097714,0.1555853325348587
size|velocity|78.00|0.00|0.800,size,velocity,0.3445,10.059028837033683,12.766152880837192,2.886048328761484,16.328725549801533,0.006718461628293926,0.15719725345134955
size|velocity|78.00|0.00|0.800,size,velocity,0.3485,10.178601380804968,12.80166945482875,2.8875542749711087,16.365191389225586,0.006721075494237061,0.1588099444847959
size|velocity|78.00|0.00|0.800,size,velocity,0.3525,10.29817945647242,12.83718700179919,2.8890603872390654,16.401581173131177,0.00672169202946965,0.16042340553169362
size|velocity|78.00|0.00|0.800,size,velocity,0.3565,10.417763069767803,12.872705294364271,2.8905666533176664,16.437894201015652,0.006720301826072805,0.16203763648197544
size|velocity|78.00|0.00|0.800,size,velocity,0.3605,10.537352226363673,12.908224104454021,2.8920730608298033,16.474129772227887,0.006716895488645402,0.1636526372189547
size|velocity|78.00|0.00|0.800,size,velocity,0.3645,10.65694693187291,12.94374320331534,2.89357959726925,16.510287185974747,0.0067114636347481715,0.16526840761924874
size|velocity|78.00|0.00|0.800,size,velocity,0.3685,10.776547191848374,12.979262361515762,2.895086250000919,16.54636574134696,0.006703996894993902,0.16688494755272681
size|velocity|78.00|0.00|0.800,size,velocity,0.3725,10.896153011782486,13.01478134894712,2.896593006259961,16.582364737329094,0.006694485913213977,0.16850225688244366
size|velocity|78.00|0.00|0.800,size,velocity,0.3765,11.015764397106828,13.05029993482824,2.8980998531539295,16.618283472823062,0.006682921346756743,0.17012033546456673
size|velocity|78.00|0.00|0.800,size,velocity,0.3805,11.135381353191757,13.085817887708199,2.899606777661346,16.65412124666004,0.006669293866688741,0.17173918314832204
size|velocity|78.00|0.00|0.800,size,velocity,0.3845,11.255003885346005,13.121334975471035,2.9011137666318243,16.68987735761813,0.006653594157884912,0.173358799775928
size|velocity|78.00|0.00|0.800,size,velocity,0.3885,11.374631998816286,13.156850965337446,2.9026208067870374,16.725551104442168,0.006635812919347783,0.1749791851825302
size|velocity|78.00|0.00|0.800,size,velocity,0.3925,11.494265698786892,13.192365623869513,2.9041278847204803,16.761141785857006,0.006615940864360126,0.1766003391961339
size|velocity|78.00|0.00|0.800,size,velocity,0.3965,11.613904990379309,13.227878716974159,2.9056349868976685,16.796648700587838,0.006593968720748633,0.17822226163754915
size|velocity|78.00|0.00|0.800,size,velocity,0.4005,11.73354987865182,13.263390009906436,2.9071420996564257,16.83207114737811,0.006569887231029636,0.17984495232032305
size|velocity|78.00|0.00|0.800,size,velocity,0.4045,11.85320036859912,13.298899267272901,2.9086492092065686,16.867408425002587,0.0065436871526103335,0.1814684110506758
size|velocity|78.00|0.00|0.800,size,velocity,0.4085,11.97285646515191,13.334406253035912,2.9101563016305487,16.90265983228677,0.006515359258073283,0.18309263762743805
size|velocity|78.00|0.00|0.800,size,velocity,0.4125,12.09251817317651,13.36991073051644,2.9116633628843553,16.937824668131274,0.006484894335322122,0.18471763184198858
size|velocity|78.00|0.00|0.800,size,velocity,0.4165,12.212185497474483,13.405412462398765,2.9131703787955296,16.97290223151258,0.006452283187768915,0.1863433934781913
size|velocity|78.00|0.00|0.800,size,velocity,0.4205,12.331858442782229,13.440911210734004,2.9146773350660173,17.007891821523064,0.006417516634632525,0.18796992231233423
size|velocity|78.00|0.00|0.800,size,velocity,0.4245,12.451537013770606,13.476406736943343,2.9161842172700627,17.04279273736718,0.0063805855110288245,0.1895972181130653
size|velocity|78.00|0.00|0.800,size,velocity,0.4285,12.571221215044533,13.511898801822234,2.9176910108565037,17.077604278395942,0.0063414806682760005,0.19122528064132752
size|velocity|78.00|0.00|0.800,size,velocity,0.4325,12.69091105114261,13.547387165544489,2.919197701147291,17.11232574411401,0.006300192974068031,0.1928541096503016
size|velocity|78.00|0.00|0.800,size,velocity,0.4365,12.810606526536725,13.582871587666094,2.920704273339359,17.146956434207695,0.006256713312689788,0.19448370488534042
size|velocity|78.00|0.00|0.800,size,velocity,0.4405,12.930307645631673,13.618351827128743,2.922210712502276,17.181495648545198,0.006211032585176635,0.19611406608391013
size|velocity|78.00|0.00|0.800,size,velocity,0.4445,13.050014412764767,13.653827642264485,2.9237170035820332,17.21594268721968,0.006163141709668307,0.19774519297552573
size|velocity|78.00|0.00|0.800,size,velocity,0.4485,13.169726832205473,13.689298790799022,2.925223131397446,17.250296850543567,0.006113031621367282,0.1993770852816955
size|velocity|78.00|0.00|0.800,size,velocity,0.4525,13.289444908155007,13.724765029856593,2.9267290806441952,17.284557439085432,0.0060606932730453145,0.20100974271584476
size|velocity|78.00|0.00|0.800,size,velocity,0.4565,13.40916864474594,13.760226115964212,2.928234835892361,17.318723753676476,0.0060061176350573175,0.20264316498327145
size|velocity|78.00|0.00|0.800,size,velocity,0.4605,13.528898046041856,13.795681805053285,2.9297403815873246,17.352795095430704,0.005949295695570345,0.20427735178108097
size|velocity|78.00|0.00|0.800,size,velocity,0.4645,13.648633116036953,13.831131852468106,2.931245702051123,17.386770765770258,0.005890218460834207,0.20591230279811504
size|velocity|78.00|0.00|0.800,size,velocity,0.4685,13.768373858655636,13.866576012966439,2.932750781481376,17.420650066435194,0.0058288769553827,0.20754801771490478
size|velocity|78.00|0.00|0.800,size,velocity,0.4725,13.888120277752186,13.902014040725092,2.934255603952153,17.454432299506834,0.00576526222220014,0.20918449620360255
size|velocity|78.00|0.00|0.800,size,velocity,0.4765,14.007872377110365,13.937445689344353,2.9357601534142654,17.48811676742478,0.005699365322943406,0.21082173792792402
size|velocity|78.00|0.00|0.800,size,velocity,0.4805,14.127630160443028,13.972870711852135,2.9372644136960844,17.521702773009224,0.005631177338219495,0.21245974254308417
size|velocity|78.00|0.00|0.800,size,velocity,0.4845,14.247393631391752,14.008288860708795,2.9387683685028763,17.55518961947412,0.005560689367738181,0.21409850969574523
size|velocity|78.00|0.00|0.800,size,velocity,0.4885,14.367162793526479,14.043699887809645,2.9402720014170236,17.5885766104457,0.005487892530499361,0.21573803902395203
size|velocity|78.00|0.00|0.800,size,velocity,0.4925,14.486937650345135,14.07910354449311,2.9417752958998933,17.62186304999161,0.0054127779650567365,0.21737833015707117
size|velocity|78.00|0.00|0.800,size,velocity,0.4965,14.60671820527327,14.114499581540182,2.943278235290631,17.65504824262583,0.005335336829705162,0.219019382715733
size|velocity|78.00|0.00|0.800,size,velocity,0.5005,14.726504461663634,14.149887749183842,2.944780802807204,17.68813149333789,0.005255560302702689,0.2206611963117757
size|velocity|78.00|0.00|0.800,size,velocity,0.5045,14.84629642279586,14.185267797110225,2.9462829815468403,17.721112107608086,0.005173439582520367,0.22230377054817954
size|velocity|78.00|0.00|0.800,size,velocity,0.5085,14.966094091876109,14.220639474464425,2.9477847544851175,17.753989391424227,0.005088965887911634,0.22394710501902107
size|velocity|78.00|0.00|0.800,size,velocity,0.5125,15.085897472036654,14.25600252985588,2.949286104478699,17.786762651306653,0.005002130458342524,0.22559119930939672
size|velocity|78.00|0.00|0.800,size,velocity,0.5165,15.205706566335559,14.29135671136121,2.9507870142629344,17.819431194320494,0.004912924553970854,0.22723605299538208
size|velocity|78.00|0.00|0.800,size,velocity,0.5205,15.32552137775626,14.3267017665307,2.9522874664547363,17.851994328103032,0.004821339456097251,0.22888166564396015
size|velocity|78.00|0.00|0.800,size,velocity,0.5245,15.44534190920728,14.362037442391273,2.953787443551624,17.884451360878224,0.004727366467172089,0.23052803681297337
size|velocity|78.00|0.00|0.800,size,velocity,0.5285,15.565168163521802,14.397363485453097,2.955286927931456,17.916801601471178,0.004630996911107743,0.23217516605106267
size|velocity|78.00|0.00|0.800,size,velocity,0.5325,15.685000143457339,14.432679641713154,2.9567859018546345,17.94904435933872,0.004532222133479813,0.23382305289760807
size|velocity|78.00|0.00|0.800,size,velocity,0.5365,15.804837851695348,14.4679856566604,2.958284347463601,17.98117894458323,0.00443103350175611,0.23547169688267322
size|velocity|78.00|0.00|0.800,size,velocity,0.5405,15.924681290840931,14.503281275279974,2.9597822467817156,18.013204667965905,0.004327422405414616,0.23712109752695457
size|velocity|78.00|0.00|0.800,size,velocity,0.5445,16.044530463422415,14.538566242060432,2.96127958171889,18.045120840947604,0.004221380256380636,0.238771254341702
size|velocity|78.00|0.00|0.800,size,velocity,0.5485,16.164385371891004,14.573840300995098,2.9627763340631104,18.076926775671343,0.004112898488950467,0.24042216682870612
size|velocity|78.00|0.00|0.800,size,velocity,0.5525,16.284246018620504,14.60910319559033,2.964272485489184,18.108621785020347,0.0040019685601730415,0.2420738344802006
size|velocity|78.00|0.00|0.800,size,velocity,0.5565,16.404112405906858,14.644354668867988,2.9657680175557783,18.140205182618708,0.0038885819500789065,0.24372625677882095
size|velocity|78.00|0.00|0.800,size,velocity,0.5605,16.523984535967866,14.679594463372913,2.9672629117055016,18.17167628285226,0.0037727301618328823,0.2453794331975548
size|velocity|78.00|0.00|0.800,size,velocity,0.5645,16.64386241094283,14.71482232117548,2.9687571492663802,18.203034400891173,0.003654404721942228,0.24703336319967878
size|velocity|78.00|0.00|0.800,size,velocity,0.5685,16.763746032892207,14.750037983879132,2.9702507114510692,18.234278852707657,0.003533597180471748,0.24868804623871174
size|velocity|78.00|0.00|0.800,size,velocity,0.5725,16.883635403797225,14.785241192623248,2.971743579359314,18.26540895510098,0.0034102991113352243,0.2503434817583474
size|velocity|78.00|0.00|0.800,size,velocity,0.5765,17.00353052555958,14.820431688090297,2.9732357339762476,18.296424025710586,0.003284502112413379,0.2519996691924142
size|velocity|78.00|0.00|0.800,size,velocity,0.5805,17.12343140000108,14.855609210509693,2.9747271561736777,18.327323383038326,0.0031561978057828566,0.2536566079648128
size|velocity|78.00|0.00|0.800,size,velocity,0.5845,17.24333802886333,14.890773499663675,2.976217826712092,18.35810634647579,0.0030253778379868423,0.2553142974894604
size|velocity|78.00|0.00|0.800,size,velocity,0.5885,17.36325041380735,14.925924294892562,2.977707726237944,18.388772236310515,0.002892033880159961,0.2569727371702487
size|velocity|78.00|0.00|0.800,size,velocity,0.5925,17.483168556413254,14.961061335100002,2.9791968352877736,18.419320373762524,0.00275615762832665,0.2586319264009728
size|velocity|78.00|0.00|0.800,size,velocity,0.5965,17.603092458179905,14.996184358758077,2.9806851342849465,18.449750080983833,0.002617740803616264,0.26029186456529557
size|velocity|78.00|0.00|0.800,size,velocity,0.6005,17.72302212052463,15.031293103913852,2.9821726035441065,18.480060681105368,0.002476775152360222,0.2619525510366857
size|velocity|78.00|0.00|0.800,size,velocity,0.6045,17.842957544782816,15.066387308192446,2.983659223267881,18.510251498230616,0.0023332524464320104,0.2636139851783681
size|velocity|78.00|0.00|0.800,size,velocity,0.6085,17.962898732207655,15.101466708804562,2.9851449735502524,18.540321857474517,0.002187164483351267,0.2652761663432698
size|velocity|78.00|0.00|0.800,size,velocity,0.6125,18.082845683969722,15.13653104255159,2.9866298343759716,18.57027108497528,0.0020385030866237885,0.26693909387396697
size|velocity|78.00|0.00|0.800,size,velocity,0.6165,18.20279840115675,15.171580045831034,2.9881137856210787,18.60009850791881,0.0018872601058456118,0.26860276710264086
size|velocity|78.00|0.00|0.800,size,velocity,0.6205,18.322756884773224,15.206613454641028,2.989596807053162,18.62980345455523,0.0017334274169458763,0.27026718535101735
size|velocity|78.00|0.00|0.800,size,velocity,0.6245,18.442721135740108,15.241631004587601,2.9910788783330826,18.659385254222023,0.0015769969224366243,0.2719323479303199
size|velocity|78.00|0.00|0.800,size,velocity,0.6285,18.56269115489448,15.276632430889817,2.992559979013928,18.688843237366463,0.0014179605515793337,0.27359825414122596
size|velocity|78.00|0.00|0.800,size,velocity,0.6325,18.682666942989258,15.311617468384066,2.9940400885426532,18.718176735559183,0.001256310260613902,0.2752649032738036
size|velocity|78.00|0.00|0.800,size,velocity,0.6365,18.802648500692865,15.346585851531815,2.995519186260252,18.74738508152215,0.0010920380329737522,0.27693229460747076
size|velocity|78.00|0.00|0.800,size,velocity,0.6405,18.922635828588895,15.381537314423586,2.996997251402545,18.776467609145197,0.0009251358794870601,0.2786004274109436
size|velocity|78.00|0.00|0.800,size,velocity,0.6445,19.042628927175837,15.416471590786264,2.998474263100682,18.805423653510232,0.0007555958385779826,0.2802693009421859
size|velocity|78.00|0.00|0.800,size,velocity,0.6485,19.162627796866712,15.451388413987704,2.9999502003816665,18.834252550906747,0.0005834099765303358,0.28193891444836117
size|velocity|78.00|0.00|0.800,size,velocity,0.6525,19.28263243798882,15.486287517043314,3.0014250421689845,18.86295363885819,0.00040857038763331133,0.28360926716578577
size|velocity|78.00|0.00|0.800,size,velocity,0.6565,19.402642850783383,15.521168632620746,3.002898767282997,18.891526256136594,0.00023106919440352147,0.2852803583198777
size|velocity|78.00|0.00|0.800,size,velocity,0.6605,19.52265903540527,15.556031493047355,3.00437135444241,18.91996974278987,5.0898547918065695e-05,0.28695218712510545
size|velocity|78.00|0.00|0.800,size,velocity,0.6645,19.642680991922685,15.590875830315285,3.005842782262332,18.948283440155738,0.00013194937224098036,0.2886247527849639
size|velocity|78.00|0.00|0.800,size,velocity,0.6685,19.762708720316866,15.6257013760875,3.007313029259294,18.97646669089162,0.0003174823574939034,0.2902980544918811
size|velocity|78.00|0.00|0.800,size,velocity,0.6725,19.882742220481777,15.660507861703163,3.0087820738482782,19.00451883898542,0.0005057081702494748,0.29197209142721403
size|velocity|78.00|0.00|0.800,size,velocity,0.6765,20.00278149222379,15.695295018185176,3.0102498943442972,19.032439229782888,0.0006966345435302501,0.2936468627611857
size|velocity|78.00|0.00|0.800,size,velocity,0.6805,20.12282653526148,15.730062576244805,3.011716468962775,19.060227210004534,0.0008902691809795082,0.29532236765284064
size|velocity|78.00|0.00|0.800,size,velocity,0.6845,20.242877349225214,15.764810266287988,3.013181775821716,19.087882127772602,0.0010866197564032842,0.29699860524999633
size|velocity|78.00|0.00|0.800,size,velocity,0.6885,20.362933933656947,15.799537818422458,3.014645792940589,19.115403332627196,0.0012856939137356749,0.2986755746892002
size|velocity|78.00|0.00|0.800,size,velocity,0.6925,20.482996288009883,15.83424496246304,3.016108498241216,19.142790175543965,0.0014874992668029163,0.30035327509568766
size|velocity|78.00|0.00|0.800,size,velocity,0.6965,20.60306441164822,15.868931427937467,3.017569869549533,19.17004200896404,0.0016920433990319506,0.30203170558333
size|velocity|78.00|0.00|0.800,size,velocity,0.7005,20.72313830384684,15.90359694409283,3.0190298845958146,19.19715818680887,0.0018993338633255252,0.30371086525459395
size|velocity|78.00|0.00|0.800,size,velocity,0.7045,20.843217963791062,15.938241239903407,3.0204885210140926,19.224138064502306,0.002109378181860966,0.3053907532005045
size|velocity|78.00|0.00|0.800,size,velocity,0.7085,20.963303390576314,15.972864044073754,3.021945756344638,19.250980998989093,0.0023221838458195587,0.3070713685005891
size|velocity|78.00|0.00|0.800,size,velocity,0.7125,21.08339458320789,16.007465085047752,3.023401568034091,19.277686348765865,0.0025377583151922622,0.3087527102228433
size|velocity|78.00|0.00|0.800,size,velocity,0.7165,21.203491540600673,16.042044091014347,3.0248559334355143,19.304253473887783,0.002756109018627051,0.3104347774236819
size|velocity|78.00|0.00|0.800,size,velocity,0.7205,21.323594261578855,16.076600789912657,3.0263088298095897,19.33068173600129,0.0029772433531582987,0.3121175691479069
size|velocity|78.00|0.00|0.800,size,velocity,0.7245,21.443702744875672,16.111134909439663,3.0277602343253087,19.356970498358688,0.0032011686840471842,0.31380108442865184
size|velocity|78.00|0.00|0.800,size,velocity,0.7285,21.56381698913311,16.145646177056005,3.029210124060862,19.383119125841848,0.003427892344531891,0.3154853222873509
size|velocity|78.00|0.00|0.800,size,velocity,0.7325,21.683936992901685,16.180134319992437,3.030658476003975,19.40912698498187,0.003657421635674951,0.3171702817336911
size|velocity|78.00|0.00|0.800,size,velocity,0.7365,21.804062754640153,16.21459906525729,3.0321052670529705,19.434993443983306,0.003889763826106507,0.31885596176557535
size|velocity|78.00|0.00|0.800,size,velocity,0.7405,21.92419427271524,16.249040139641238,3.033550474017528,19.460717872742098,0.004124926151857777,0.3205423613690808
size|velocity|78.00|0.00|0.800,size,velocity,0.7445,22.044331545401427,16.283457269724877,3.0349940736189294,19.486299642866946,0.004362915816118196,0.32222947951842035
size|velocity|78.00|0.00|0.800,size,velocity,0.7485,22.164474570880618,16.3178501818853,3.036436042491476,19.511738127701456,0.004603739989061939,0.32391731517590083
size|velocity|78.00|0.00|0.800,size,velocity,0.7525,22.28462334724197,16.35221860230214,3.0378763571826393,19.537032702344234,0.00484740580763976,0.32560586729188495
size|velocity|78.00|0.00|0.800,size,velocity,0.7565,22.404777872481603,16.386562256965348,3.039314994154602,19.562182743673908,0.005093920375384697,0.3272951348047502
size|velocity|78.00|0.00|0.800,size,velocity,0.7605,22.524938144502343,16.420880871680154,3.0407519297840104,19.587187630361996,0.0053432907621484005,0.32898511664085595
size|velocity|78.00|0.00|0.800,size,velocity,0.7645,22.64510416111349,16.455174172074546,3.0421871403633145,19.612046742901292,0.005595524004010921,0.33067581171450283
size|velocity|78.00|0.00|0.800,size,velocity,0.7685,22.765275920030593,16.489441883606755,3.043620602102039,19.636759463627648,0.005850627102968464,0.3323672189278923
size|velocity|78.00|0.00|0.800,size,velocity,0.7725,22.885453418875176,16.523683731570546,3.0450522911267273,19.661325176734422,0.006108607026815427,0.3340593371710923
size|velocity|78.00|0.00|0.800,size,velocity,0.7765,23.005636655174495,16.557899441103,3.046482183482295,19.685743268299674,0.00636947070881827,0.3357521653219997
size|velocity|78.00|0.00|0.800,size,velocity,0.7805,23.125825626361365,16.592088737190608,3.0479102551323307,19.710013126303323,0.00663322504770858,0.3374457022463099
size|velocity|78.00|0.00|0.800,size,velocity,0.7845,23.246020329773867,16.626251344676714,3.0493364819597923,19.734134140648596,0.0068998769073083666,0.33913994679747245
size|velocity|78.00|0.00|0.800,size,velocity,0.7885,23.366220762655143,16.660386988267547,3.0507608397690156,19.75810570318925,0.007169433116425983,0.34083489781665954
size|velocity|78.00|0.00|0.800,size,velocity,0.7925,23.48642692215315,16.694495392540528,3.052183304285789,19.7819272077446,0.007441900468599383,0.3425305541327297
size|velocity|78.00|0.00|0.800,size,velocity,0.7965,23.606638805320472,16.728576281948612,3.053603851157348,19.805598050117712,0.007717285721978162,0.34422691456219784
size|velocity|78.00|0.00|0.800,size,velocity,0.8005,23.726856409114074,16.762629380829416,3.0550224559545125,19.829117628124372,0.007995595599025185,0.34592397790919654
size|velocity|78.00|0.00|0.800,size,velocity,0.8045,23.847079730395055,16.796654413412494,3.056439094172012,19.85248534161124,0.008276836786370867,0.3476217429654429
size|velocity|78.00|0.00|0.800,size,velocity,0.8085,23.96730876592852,16.83065110382304,3.0578537412292617,19.875700592472924,0.008561015934618887,0.3493202085102084
size|velocity|78.00|0.00|0.800,size,velocity,0.8125,24.087543512383277,16.86461917609373,3.0592663724707583,19.898762784677885,0.008848139658151899,0.3510193733102886
size|velocity|78.00|0.00|0.800,size,velocity,0.8165,24.207783966331675,16.898558354166045,3.0606769631681128,19.921671324287274,0.009138214534909483,0.3527192361199592
size|velocity|78.00|0.00|0.800,size,velocity,0.8205,24.32803012424937,16.93246836190308,3.0620854885203364,19.944425619479354,0.009431247106242435,0.3544197956809562
size|velocity|78.00|0.00|0.800,size,velocity,0.8245,24.44828198251514,16.966348923091978,3.063491923654365,19.96702508056366,0.009727243876600511,0.35612105072244066
size|velocity|78.00|0.00|0.800,size,velocity,0.8285,24.5685395374107,17.000199761453057,3.064896243625367,19.989469120006056,0.010026211313539368,0.3578229999609715
size|velocity|78.00|0.00|0.800,size,velocity,0.8325,24.688802785120455,17.034020600648244,3.0662984234204558,20.01175715245584,0.010328155847283416,0.35952564210046195
size|velocity|78.00|0.00|0.800,size,velocity,0.8365,24.809071721731353,17.067811164284358,3.0676984379554115,20.033888594749754,0.010633083870774385,0.36122897583217
size|velocity|78.00|0.00|0.800,size,velocity,0.8405,24.929346343232663,17.101571175924114,3.069096262079586,20.055862865955234,0.010941001739275813,0.36293299983465144
size|velocity|78.00|0.00|0.800,size,velocity,0.8445,25.04962664551581,17.135300359090397,3.0704918705733233,20.07767938736922,0.011251915770324472,0.36463771277374485
size|velocity|78.00|0.00|0.800,size,velocity,0.8485,25.16991262437415,17.168998437276326,3.0718852381522184,20.099337582558533,0.01156583224346669,0.36634311330252717
size|velocity|78.00|0.00|0.800,size,velocity,0.8525,25.290204275502816,17.202665133949253,3.0732763394647633,20.120836877363537,0.011882757400036303,0.3680492000613027
size|velocity|78.00|0.00|0.800,size,velocity,0.8565,25.410501594498545,17.236300172561062,3.074665149095621,20.142176699933216,0.012202697443085275,0.36975597167756635
size|velocity|78.00|0.00|0.800,size,velocity,0.8605,25.530804576859477,17.269903276552682,3.0760516415655306,20.163356480734954,0.01252565853705756,0.3714634267659772
size|velocity|78.00|0.00|0.800,size,velocity,0.8645,25.651113217985007,17.303474169363426,3.0774357913326025,20.18437565258426,0.012851646807698902,0.37317156392833495
size|velocity|78.00|0.00|0.800,size,velocity,0.8685,25.77142751317556,17.33701257443701,3.078817572793121,20.205233650658776,0.0131806683417654,0.37488038175354715
size|velocity|78.00|0.00|0.800,size,velocity,0.8725,25.891747457632523,17.370518215230142,3.080196960282239,20.225929912524663,0.01351272918701657,0.37658987881761896
size|velocity|78.00|0.00|0.800,size,velocity,0.8765,26.01207304645796,17.403990815217977,3.0815739280754757,20.246463878151054,0.013847835351812887,0.37830005368360736
size|velocity|78.00|0.00|0.800,size,velocity,0.8805,26.13240427465454,17.437430097903142,3.08294845038867,20.26683498993176,0.014185992805074155,0.38001090490161354
size|velocity|78.00|0.00|0.800,size,velocity,0.8845,26.252741137125376,17.470835786822818,3.0843205013803674,20.28704269271536,0.014527207476099091,0.3817224310087525
size|velocity|78.00|0.00|0.800,size,velocity,0.8885,26.373083628673758,17.504207605554804,3.085690055152121,20.307086433811627,0.014871485254211447,0.38343463052912524
size|velocity|78.00|0.00|0.800,size,velocity,0.8925,26.493431744003146,17.537545277727105,3.087057085748625,20.32696566302124,0.015218831988780823,0.38514750197380676
size|velocity|78.00|0.00|0.800,size,velocity,0.8965,26.613785477716956,17.57084852702335,3.088421567159896,20.346679832655017,0.01556925348895899,0.386861043840815
size|velocity|78.00|0.00|0.800,size,velocity,0.9005,26.7341448243184,17.604117077191997,3.0897834733219653,20.366228397550216,0.015922755523450904,0.3885752546150882
size|velocity|78.00|0.00|0.800,size,velocity,0.9045,26.85450977821037,17.63735065205156,3.091142778117048,20.38561081509564,0.01627934382041063,0.39029013276847263
size|velocity|78.00|0.00|0.800,size,velocity,0.9085,26.97488033369529,17.67054897550098,3.0924994553762164,20.404826545252984,0.01663902406720541,0.3920056767596895
size|velocity|78.00|0.00|0.800,size,velocity,0.9125,27.095256484974982,17.703711771524492,3.0938534788776457,20.423875050566707,0.017001801910263015,0.39372188503432576
size|velocity|78.00|0.00|0.800,size,velocity,0.9165,27.21563822615052,17.736838764200545,3.0952048223513793,20.4427557961999,0.01736768295487051,0.395438756024802
size|velocity|78.00|0.00|0.800,size,velocity,0.9205,27.336025551222136,17.7699296777093,3.096553459477103,20.461468249943856,0.017736672765056305,0.3971562881503696
size|velocity|78.00|0.00|0.800,size,velocity,0.9245,27.456418454089036,17.802984236339533,3.0978993638865675,20.480011882239644,0.018108776863284826,0.3988744798170734
size|velocity|78.00|0.00|0.800,size,velocity,0.9285,27.576816928549334,17.836002164496755,3.0992425091641103,20.498386166201236,0.01848400073044265,0.4005933294177499
size|velocity|78.00|0.00|0.800,size,velocity,0.9325,27.697220968299916,17.86898318671064,3.1005828688483565,20.516590577632925,0.01886234980551932,0.4023128353319985
size|velocity|78.00|0.00|0.800,size,velocity,0.9365,27.81763056693629,17.901927027643193,3.1019204164325958,20.53462459505006,0.019243829485524055,0.4040329959261682
size|velocity|78.00|0.00|0.800,size,velocity,0.9405,27.938045717952555,17.93483341209433,3.1032551253665197,20.552487699705566,0.019628445125284555,0.40575380955334034
size|velocity|78.00|0.00|0.800,size,velocity,0.9445,28.05846641474118,17.96770206501239,3.104586969056039,20.570179375593426,0.020016202037245745,0.40747527455331267
size|velocity|78.00|0.00|0.800,size,velocity,0.9485,28.17889265059299,18.000532711499787,3.105915920865688,20.58769910948599,0.020407105491310196,0.4091973892525832
size|velocity|78.00|0.00|0.800,size,velocity,0.9525,28.29932441869703,18.033325076821086,3.107241954118441,20.60504639094094,0.02080116071470628,0.4109201519643389
size|velocity|78.00|0.00|0.800,size,velocity,0.9565,28.419761712140474,18.06607888641156,3.1085650420982973,20.62222071233743,0.02119837289180082,0.4126435609884363
size|velocity|78.00|0.00|0.800,size,velocity,0.9605,28.540204523908514,18.098793865883405,3.1098851580497886,20.639221568872998,0.021598747163849297,0.4143676146113849
size|velocity|78.00|0.00|0.800,size,velocity,0.9645,28.660652846884272,18.131469741034955,3.111202275179376,20.656048458600047,0.022002288628933386,0.4160923111063425
size|velocity|78.00|0.00|0.800,size,velocity,0.9685,28.781106673848715,18.164106237857084,3.1125163666578057,20.672700882443813,0.022409002341731987,0.41781764873309585
size|velocity|78.00|0.00|0.800,size,velocity,0.9725,28.90156599748058,18.196703082541855,3.1138274056198822,20.689178344216543,0.0228188933133755,0.4195436257380503
size|velocity|78.00|0.00|0.800,size,velocity,0.9765,29.022030810356316,18.229260001489614,3.1151353651652185,20.705480350635952,0.023231966511307045,0.42127024035422017
size|velocity|78.00|0.00|0.800,size,velocity,0.9805,29.142501104949925,18.261776721317545,3.116440218360511,20.72160641135288,0.023648226859032673,0.4229974908012097
size|velocity|78.00|0.00|0.800,size,velocity,0.9845,29.26297687363299,18.294252968866193,3.117741938240051,20.737556038961735,0.024067679236051964,0.4247253752852125
size|velocity|78.00|0.00|0.800,size,velocity,0.9885,29.383458108674535,18.326688471209145,3.119040497806628,20.753328749025798,0.02449032847764987,0.4264538919989954
size|velocity|78.00|0.00|0.800,size,velocity,0.9925,29.503944802240934,18.35908295565874,3.120335870033723,20.768924060095564,0.024916179374674663,0.42818303912188627
size|velocity|78.00|0.00|0.800,size,velocity,0.9965,29.624436946395956,18.39143614977532,3.121628027864261,20.78434149372272,0.025345236673510185,0.4299128148197758
size|velocity|78.00|0.00|0.800,size,velocity,1.0005,29.744934533100608,18.42374778137407,3.1229169442142823,20.799580574484935,0.02577750507579829,0.4316432172450958
size|velocity|78.00|0.00|0.800,size,velocity,1.0045,29.865437554213113,18.456017578534237,3.124202591972723,20.8146408300053,0.02621298923833476,0.4333742445368212
size|velocity|78.00|0.00|0.800,size,velocity,1.0085,29.985946001488866,18.48824526960515,3.125484944002904,20.829521790965494,0.026651693772895835,0.4351058948204541
size|velocity|78.00|0.00|0.800,size,velocity,1.0125,30.106459866580387,18.52043058321499,3.1267639731427836,20.84422299112662,0.027093623246085552,0.43683816620803134
size|velocity|78.00|0.00|0.800,size,velocity,1.0165,30.226979141037237,18.552573248279792,3.128039652207437,20.858743967353945,0.02753878217916922,0.438571056798099
size|velocity|78.00|0.00|0.800,size,velocity,1.0205,30.347503816306013,18.584672994008596,3.129311953989847,20.873084259629383,0.027987175047906876,0.44030456467572004
size|velocity|78.00|0.00|0.800,size,velocity,1.0245,30.46803388373032,18.616729549913664,3.1305808512608113,20.887243411068383,0.028438806282449214,0.4420386879124689
size|velocity|78.00|0.00|0.800,size,velocity,1.0285,30.588569334550705,18.64874264581812,3.13184631677223,20.901220967950184,0.028893680267122468,0.44377342456641844
size|velocity|78.00|0.00|0.800,size,velocity,1.0325,30.709110159904597,18.680712011862543,3.133108323256103,20.915016479717078,0.029351801340268824,0.44550877268214434
size|velocity|78.00|0.00|0.800,size,velocity,1.0365,30.829656350826426,18.712637378512785,3.1343668434262093,20.92862949900679,0.029813173794211723,0.44724473029072387
size|velocity|78.00|0.00|0.800,size,velocity,1.0405,30.950207898247452,18.7445184765708,3.1356218499815767,20.94205958167635,0.030277801874985244,0.44898129540971565
size|velocity|78.00|0.00|0.800,size,velocity,1.0445,31.070764792995753,18.776355037178142,3.1368733156031863,20.955306286797395,0.03074568978218839,0.4507184660431813
size|velocity|78.00|0.00|0.800,size,velocity,1.0485,31.191327025796276,18.808146791828687,3.1381212129594895,20.96836917669807,0.031216841668867124,0.4524562401816681
size|velocity|78.00|0.00|0.800,size,velocity,1.0525,31.311894587270793,18.83989347237209,3.139365514705072,20.98124781696744,0.031691261641403345,0.4541946158022135
size|velocity|78.00|0.00|0.800,size,velocity,1.0565,31.43246746793795,18.87159481102413,3.140606193482657,20.993941776480526,0.032168953759334484,0.455933590868343
size|velocity|78.00|0.00|0.800,size,velocity,1.0605,31.553045658213165,18.903250540374362,3.1418432219229464,21.006450627403943,0.0326499220351939,0.45767316333007063
size|velocity|78.00|0.00|0.800,size,velocity,1.0645,31.673629148408672,18.934860393394317,3.1430765726496293,21.018773945237278,0.033134170434351295,0.459413331123898
size|velocity|78.00|0.00|0.800,size,velocity,1.0685,31.794217928733552,18.96642410344467,3.144306218274971,21.030911308802985,0.033621702874950254,0.46115409217282305
size|velocity|78.00|0.00|0.800,size,velocity,1.0725,31.914811989293717,18.99794140428289,3.1455321314050906,21.042862300279893,0.03411252322767233,0.46289544438633234
size|velocity|78.00|0.00|0.800,size,velocity,1.0765,32.03541132009191,19.0294120300732,3.1467542846403447,21.054626505222704,0.0346066353156399,0.46463738566040863
size|velocity|78.00|0.00|0.800,size,velocity,1.0805,32.15601591102773,19.060835715392223,3.1479726505754746,21.066203512571487,0.035104042914305134,0.46637991387753286
size|velocity|78.00|0.00|0.800,size,velocity,1.0845,32.27662575189766,19.092212195238094,3.14918720180172,21.077592914671484,0.03560474975124184,0.46812302690668667
size|velocity|78.00|0.00|0.800,size,velocity,1.0885,32.39724083239512,19.12354120503842,3.1503979109076146,21.088794307290474,0.036108759506083,0.46986672260336326
size|velocity|78.00|0.00|0.800,size,velocity,1.0925,32.51786114211037,19.154822480658012,3.1516047504802516,21.0998072896363,0.03661607581030568,0.4716109988095593
size|velocity|78.00|0.00|0.800,size,velocity,1.0965,32.6384866705307,19.186055758406347,3.152807693106335,21.11063146437145,0.037126702247175514,0.4733558533537968
size|velocity|78.00|0.00|0.800,size,velocity,1.1005,32.7591174070404,19.217240775047387,3.154006711374089,21.1212664376378,0.03764064235157322,0.47510128405111407
size|velocity|78.00|0.00|0.800,size,velocity,1.1045,32.87975334092073,19.248377267804454,3.155201777873711,21.131711819064495,0.038157899609814194,0.4768472887030812
size|velocity|78.00|0.00|0.800,size,velocity,1.1085,33.00039446135009,19.279464974371503,3.1563928651981152,21.141967221782757,0.03867847745966241,0.4785938650978061
size|velocity|78.00|0.00|0.800,size,velocity,1.1125,33.121040757403996,19.310503632919417,3.1575799459468303,21.152032262459848,0.039202379289983436,0.4803410110099368
size|velocity|78.00|0.00|0.800,size,velocity,1.1165,33.2416922180551,19.34149298210334,3.1587629927215914,21.161906561288063,0.03972960844087631,0.48208872420069165
size|velocity|78.00|0.00|0.800,size,velocity,1.1205,33.36234883217329,19.372432761072197,3.1599419781354903,21.171589742031266,0.04026016820328493,0.48383700241782074
size|velocity|78.00|0.00|0.800,size,velocity,1.1245,33.483010588525744,19.40332270947571,3.1611168748069094,21.181081432010878,0.04079406181906747,0.48558584339566924
size|velocity|78.00|0.00|0.800,size,velocity,1.1285,33.60367747577697,19.434162567472047,3.1622876553654393,21.1903812621524,0.041331292480739634,0.4873352448551603
size|velocity|78.00|0.00|0.800,size,velocity,1.1325,33.72434948248894,19.46495207573735,3.1634542924501194,21.19948886697249,0.04187186333148851,0.48908520450380755
size|velocity|78.00|0.00|0.800,size,velocity,1.1365,33.84502659712108,19.495690975472048,3.1646167587124063,21.208403884617933,0.042415777464901994,0.490835720035733
size|velocity|78.00|0.00|0.800,size,velocity,1.1405,33.96570880803034,19.526379008409915,3.165775026817359,21.217125956868223,0.04296303792492018,0.492586789131671
size|velocity|78.00|0.00|0.800,size,velocity,1.1445,34.086396103471365,19.55701591682498,3.1669290694435377,21.225654729155288,0.043513647705724356,0.4943384094589887
size|velocity|78.00|0.00|0.800,size,velocity,1.1485,34.2070884715965,19.587601443540454,3.1680788592868665,21.233989850581942,0.04406760975163293,0.49609057867169293
size|velocity|78.00|0.00|0.800,size,velocity,1.1525,34.32778590045585,19.618135331936383,3.1692243690585187,21.242130973928845,0.04462492695690018,0.49784329441045055
size|velocity|78.00|0.00|0.800,size,velocity,1.1565,34.44848837799746,19.648617325957776,3.170365571488175,21.250077755677903,0.045185602165653815,0.4995965543025993
size|velocity|78.00|0.00|0.800,size,velocity,1.1605,34.56919589206736,19.67904717012178,3.1715024393255913,21.25782985602612,0.045749638171853346,0.5013503559621647
size|velocity|78.00|0.00|0.800,size,velocity,1.1645,34.68990843040968,19.709424609525946,3.1726349453405653,21.265386938898693,0.04631703771903334,0.5031046969898713
size|velocity|78.00|0.00|0.800,size,velocity,1.1685,34.81062598066669,19.7397493898578,3.1737630623250594,21.272748671962272,0.04688780350027566,0.5048595749731668
size|velocity|78.00|0.00|0.800,size,velocity,1.1725,34.93134853037899,19.7700212574001,3.1748867630940945,21.279914726646922,0.047461938158070704,0.5066149874862309
size|velocity|78.00|0.00|0.800,size,velocity,1.1765,35.052076066985585,19.800239959040365,3.1760060204871565,21.286884778150647,0.048039444284275756,0.50837093209
size|velocity|78.00|0.00|0.800,size,velocity,1.1805,35.172808577824,19.830405242278342,3.177120807369456,21.293658505463018,0.048620324419906824,0.5101274063321797
size|velocity|78.00|0.00|0.800,size,velocity,1.1845,35.29354605013036,19.860516855235044,3.178231096632991,21.300235591375532,0.049204581055048435,0.5118844077472673
size|velocity|78.00|0.00|0.800,size,velocity,1.1885,35.4142884710396,19.890574546658314,3.1793368611977946,21.30661572249327,0.04979221662883282,0.5136419338565734
size|velocity|78.00|0.00|0.800,size,velocity,1.1925,35.53503582758552,19.92057806593292,3.180438074014081,21.31279858925852,0.0503832335292595,0.5153999821682336
size|velocity|78.00|0.00|0.800,size,velocity,1.1965,35.655788106700925,19.950527163087262,3.181534708061817,21.31878388595274,0.050977634093098134,0.5171585501772391
size|velocity|78.00|0.00|0.800,size,velocity,1.2005,35.7765452952178,19.980421588801857,3.182626736354156,21.324571310720977,0.05157542060579834,0.5189176353654477
size|velocity|78.00|0.00|0.800,size,velocity,1.2045,35.8973073798674,20.01026109441696,3.1837141319356883,21.330160565574776,0.05217659530142027,0.52067723520162
size|velocity|78.00|0.00|0.800,size,velocity,1.2085,36.01807434728041,20.040045431940502,3.184796867887502,21.335551356420247,0.052781160362468105,0.522437347141427
size|velocity|78.00|0.00|0.800,size,velocity,1.2125,36.1388461839871,20.069774354056342,3.185874917325142,21.340743393055586,0.05338911791986228,0.5241979686274826
size|velocity|78.00|0.00|0.800,size,velocity,1.2165,36.25962287641746,20.099447614130572,3.1869482534018365,21.345736389199473,0.05400047005279379,0.5259590970893634
size|velocity|78.00|0.00|0.800,size,velocity,1.2205,36.38040441090136,20.129064966221755,3.188016849309468,21.350530062494343,0.054615218788640896,0.5277207299436336
size|velocity|78.00|0.00|0.800,size,velocity,1.2245,36.50119077366873,20.158626165085998,3.189080678278612,21.35512413452016,0.055233366102927506,0.5294828645938735
size|velocity|78.00|0.00|0.800,size,velocity,1.2285,36.6219819508497,20.188130966188382,3.190139713581348,21.359518330812207,0.05585491391914277,0.5312454984307026
size|velocity|78.00|0.00|0.800,size,velocity,1.2325,36.74277792847475,20.217579125706504,3.1911939285319915,21.363712380872155,0.05647986410869943,0.5330086288318017
size|velocity|78.00|0.00|0.800,size,velocity,1.2365,36.86357869247492,20.24697040054243,3.1922432964883,21.367706018178318,0.05710821849085057,0.5347722531619493
size|velocity|78.00|0.00|0.800,size,velocity,1.2405,36.98438422868196,20.276304548326607,3.1932877908524437,21.371498980202503,0.05773997883260634,0.5365363687730426
size|velocity|78.00|0.00|0.800,size,velocity,1.2445,37.10519452282852,20.305581327428907,3.1943273850735134,21.37509100841894,0.058375146848588244,0.5383009730041223
size|velocity|78.00|0.00|0.800,size,velocity,1.2485,37.22600956054836,20.33480049696398,3.195362052646236,21.378481848311456,0.05901372420105688,0.5400660631814136
size|velocity|78.00|0.00|0.800,size,velocity,1.2525,37.34682932737645,20.36396181680136,3.1963917671155846,21.381671249402586,0.059655712499703806,0.541831636618344
size|velocity|78.00|0.00|0.800,size,velocity,1.2565,37.46765380874922,20.393065047570182,3.1974165020762415,21.38465896524989,0.0603011133016515,0.5435976906155738
size|velocity|78.00|0.00|0.800,size,velocity,1.2605,37.588482990004785,20.422109950670418,3.198436231173331,21.38744475346033,0.06094992811137012,0.5453642224610357
size|velocity|78.00|0.00|0.800,size,velocity,1.2645,37.70931685638311,20.45109628827704,3.199450928104632,21.390028375705967,0.06160215838054567,0.5471312294299618
size|velocity|78.00|0.00|0.800,size,velocity,1.2685,37.8301553930262,20.480023823350866,3.200460566622099,21.392409597735156,0.06225780550804527,0.5488987087849106
size|velocity|78.00|0.00|0.800,size,velocity,1.2725,37.95099858497832,20.50889231964386,3.2014651205327582,21.39458818938273,0.0629168708398617,0.5506666577758034
size|velocity|78.00|0.00|0.800,size,velocity,1.2765,38.07184641718621,20.537701541707857,3.2024645636990026,21.396563924577798,0.06357935566894679,0.5524350736399609
size|velocity|78.00|0.00|0.800,size,velocity,1.2805,38.19269887449929,20.566451254902972,3.2034588700426307,21.398336581363544,0.06424526123526703,0.5542039536021292
size|velocity|78.00|0.00|0.800,size,velocity,1.2845,38.31355594166989,20.595141225403633,3.2044480135426974,21.39990594190035,0.06491458872561612,0.5559732948745241
size|velocity|78.00|0.00|0.800,size,velocity,1.2885,38.43441760335348,20.623771220206585,3.2054319682395698,21.401271792478028,0.06558733927363586,0.5577430946568541
size|velocity|78.00|0.00|0.800,size,velocity,1.2925,38.555283844108885,20.6523410071398,3.2064107082340154,21.402433923527106,0.06626351395968427,0.5595133501363683
size|velocity|78.00|0.00|0.800,size,velocity,1.2965,38.67615464839853,20.68085035486783,3.207384207690519,21.403392129632852,0.06694311381083562,0.5612840584878852
size|velocity|78.00|0.00|0.800,size,velocity,1.3005,38.79703000058864,20.709299032901896,3.208352440838451,21.404146209542418,0.06762613980070692,0.5630552168738221
size|velocity|78.00|0.00|0.800,size,velocity,1.3045,38.917909884949516,20.737686811605236,3.209315381970587,21.40469596617091,0.06831259284951346,0.5648268224442576
size|velocity|78.00|0.00|0.800,size,velocity,1.3085,39.03879428565579,20.766013462202448,3.2102730054473203,21.405041206620858,0.06900247382393698,0.5665988723369482
size|velocity|78.00|0.00|0.800,size,velocity,1.3125,39.159683186786594,20.794278756785324,3.2112252856980965,21.405181742187732,0.06969578353706318,0.5683713636773644
size|velocity|78.00|0.00|0.800,size,velocity,1.3165,39.280576572325934,20.822482468320633,3.2121721972192008,21.405117388357088,0.0703925227483887,0.570144293578748
size|velocity|78.00|0.00|0.800,size,velocity,1.3205,39.401474426162835,20.850624370659958,3.2131137145803352,21.404847964843853,0.07109269216368924,0.5719176591421365
size|velocity|78.00|0.00|0.800,size,velocity,1.3245,39.52237673209162,20.878704238543246,3.214049812421229,21.404373295570092,0.07179629243495023,0.5736914574564115
size|velocity|78.00|0.00|0.800,size,velocity,1.3285,39.64328347381227,20.90672184760948,3.2149804654550076,21.4036932086927,0.07250332416045002,0.5754656855983431
size|velocity|78.00|0.00|0.800,size,velocity,1.3325,39.764194634930554,20.93467697440186,3.2159056484698234,21.402807536607426,0.07321378788455873,0.5772403406326198
size|velocity|78.00|0.00|0.800,size,velocity,1.3365,39.885110198958415,20.9625693963771,3.2168253363293804,21.40171611595928,0.07392768409771044,0.5790154196118984
size|velocity|78.00|0.00|0.800,size,velocity,1.3405,40.006030149314164,20.990398891911873,3.2177395039737267,21.400418787644664,0.07464501323643791,0.580790919576851
size|force|78.00|0.00|0.800,size,force,0.0005,0.003790909270271105,9.953781882407572,2.5501207579496565,13.217911629528649,1.866591609038476e-12,0.00030827190692757844
size|force|78.00|0.00|0.800,size,force,0.0045,0.005467018388229594,9.98035586926777,2.679624192786789,13.238565629412266,0.00014021386573332003,0.001686986140495941
size|force|78.00|0.00|0.800,size,force,0.0085,0.006205765326123506,9.978644951914005,2.674099772904273,13.237380503191677,0.000306628168952457,0.0030128935964687954
size|force|78.00|0.00|0.800,size,force,0.0125,0.006422137121516327,9.977813793011068,2.6718339309257337,13.236756153052262,0.00047295774448490973,0.004434159023360839
size|force|78.00|0.00|0.800,size,force,0.0165,0.006411399389009146,9.977575589623834,2.6710795125251896,13.236283338104078,0.0006370741990286476,0.005895757920632245
size|force|78.00|0.00|0.800,size,force,0.0205,0.006381867810147366,9.978135449174601,2.665826175319344,13.24607760046732,0.0008017346881616649,0.007347840910266093
size|force|78.00|0.00|0.800,size,force,0.0245,0.006460659609810858,9.97745809263115,2.6713294809365324,13.235606323216677,0.0009645775586492122,0.008811262096091088
size|force|78.00|0.00|0.800,size,force,0.0285,0.0064229100597725615,9.977475712383145,2.670977039797665,13.235806992558208,0.0011284057223448793,0.010277844942623664
size|force|78.00|0.00|0.800,size,force,0.0325,0.006386538586459429,9.978106496298006,2.665816483501237,13.245764600942309,0.0012927232445188394,0.01173106111941349
size|force|78.00|0.00|0.800,size,force,0.0365,0.00646185454672226,9.977450067253088,2.6713173737912723,13.23557726778304,0.001456388296462419,0.013195724637901982
size|force|78.00|0.00|0.800,size,force,0.0405,0.0064244572137017435,9.977474838474462,2.6709822369317595,13.235798925763948,0.0016197484619952123,0.014662193736960096
size|force|78.00|0.00|0.800,size,force,0.0445,0.006387998988290385,9.978102560600286,2.665838790978469,13.245711240222143,0.0017839292176048964,0.016115279740344254
size|force|78.00|0.00|0.800,size,force,0.0485,0.00646241313097195,9.977452600885462,2.6713120082101276,13.235637342406445,0.001948216775573896,0.017579922689566096
size|force|78.00|0.00|0.800,size,force,0.0525,0.006425160041693226,9.977474488327099,2.6709693709570796,13.235820008897079,0.002111988715948652,0.019046265715199722
size|force|78.00|0.00|0.800,size,force,0.0565,0.0063883710502641924,9.978099600386061,2.665861564684642,13.24568150514072,0.002277020531477859,0.020500061860648632
size|force|78.00|0.00|0.800,size,force,0.0605,0.00646300963744251,9.977451497261962,2.671308710960044,13.235559245803753,0.0024411706494187734,0.021964730563068864
size|force|78.00|0.00|0.800,size,force,0.0645,0.006425457872670219,9.977475396290144,2.6709654116584476,13.235880345822807,0.002605747022186321,0.02343179960115361
size|force|78.00|0.00|0.800,size,force,0.0685,0.006389216316126695,9.978096128348902,2.6658892049215575,13.245628936540289,0.00277105194097144,0.024885595725899906
size|force|78.00|0.00|0.800,size,force,0.0725,0.006464046841185875,9.97745072727503,2.671314107477739,13.235590281429696,0.002934842701662367,0.026350146975078967
size|force|78.00|0.00|0.800,size,force,0.0765,0.006427454655314978,9.977475215572388,2.6709802923397405,13.23581483822798,0.0030983297959997595,0.027816526371893958
size|force|78.00|0.00|0.800,size,force,0.0805,0.006391560696103419,9.978092418824113,2.665917460195747,13.245569072846578,0.0032627325634918165,0.029269812218064836
size|force|78.00|0.00|0.800,size,force,0.0845,0.006464864967204925,9.977452878882103,2.67130349993634,13.235608384450703,0.0034271007272365693,0.03073447234130544
size|force|78.00|0.00|0.800,size,force,0.0885,0.0064279124878056084,9.977475719668517,2.6709625612639245,13.23589895261523,0.003591391332489562,0.03220113709999275
size|force|78.00|0.00|0.800,size,force,0.0925,0.00639195747116848,9.978088307701752,2.6659483111240054,13.245715973763716,0.0037564658630466156,0.03365498522564661
size|force|78.00|0.00|0.800,size,force,0.0965,0.006466981633037357,9.977451487228237,2.671315731626892,13.23552996220393,0.003918821640710783,0.035118456700760164
size|force|78.00|0.00|0.800,size,force,0.1005,0.006431109097767473,9.977475608452062,2.670984983659044,13.235808912108613,0.0040809192582783645,0.03658378560516852
size|force|78.00|0.00|0.800,size,force,0.1045,0.006396571648601008,9.9780860518486,2.6659937621808107,13.24546135104986,0.004243110505823213,0.03803561889704897
size|force|78.00|0.00|0.800,size,force,0.1085,0.006470162639607759,9.977106188737062,2.6741249239137135,13.23009857199579,0.004404138670726457,0.039491437412582715
size|force|78.00|0.00|0.800,size,force,0.1125,0.006398399300920386,9.97762070500647,2.669614244689961,13.238128670036788,0.004568145741632598,0.04096738895128717
size|force|78.00|0.00|0.800,size,force,0.1165,0.00641761383481578,9.979519826124124,2.6555261387365796,13.26939013312214,0.004733551125180949,0.042385184970342236
size|force|78.00|0.00|0.800,size,force,0.1205,0.006450212214176924,9.977445834389673,2.6712776648849235,13.235578024024303,0.004897008142325597,0.04388700040615701
size|force|78.00|0.00|0.800,size,force,0.1245,0.006409072464444494,9.977611108021039,2.6697467781111683,13.237991285458271,0.005061841291478456,0.04535098590932464
size|force|78.00|0.00|0.800,size,force,0.1285,0.006422516889259839,9.979512856322668,2.6555837942076725,13.269253640203509,0.005226828393835733,0.046769180903589815
size|force|78.00|0.00|0.800,size,force,0.1325,0.006452070567708493,9.977449088401997,2.671271601208041,13.23568880589192,0.005390465107399627,0.0482712625338967
size|force|78.00|0.00|0.800,size,force,0.1365,0.006411190195020787,9.97761109263355,2.6697586491082936,13.237917348226073,0.005553989173184066,0.049735042431382985
size|force|78.00|0.00|0.800,size,force,0.1405,0.00642429280230516,9.979503096436355,2.655646182688849,13.269148608603205,0.005718133275934429,0.05115327010274686
size|force|78.00|0.00|0.800,size,force,0.1445,0.006455415711031367,9.977450656761116,2.67126219106522,13.23560463236267,0.0058786851396361505,0.05265302663269721
size|force|78.00|0.00|0.800,size,force,0.1485,0.006420299468196706,9.977518423812127,2.670550507040592,13.236566531181463,0.006042864189661884,0.05411851612141244
size|force|78.00|0.00|0.800,size,force,0.1525,0.006402221722340295,9.978593061814136,2.662179550455328,13.253806704512511,0.006208057392378781,0.055559693516228324
size|force|78.00|0.00|0.800,size,force,0.1565,0.006464094490821826,9.977448022717383,2.6713175179512643,13.235671765831547,0.006369889622956993,0.057035980540086566
size|force|78.00|0.00|0.800,size,force,0.1605,0.006432677649533755,9.977473159400462,2.6709828091542613,13.235818483734866,0.006534191828140225,0.058501612723322716
size|force|78.00|0.00|0.800,size,force,0.1645,0.006399265135132659,9.978067770802435,2.666110040156353,13.245216157388267,0.006699448029531366,0.059955202443076706
size|force|78.00|0.00|0.800,size,force,0.1685,0.00647065406025913,9.977117416845234,2.6740310141891,13.230321041079211,0.006863874962120447,0.061412906308639006
size|force|78.00|0.00|0.800,size,force,0.1725,0.006417732425545056,9.979578695799068,2.6549506034451733,13.270449358988762,0.007029469690146624,0.06284405913967085
size|force|78.00|0.00|0.800,size,force,0.1765,0.006451349378886207,9.97744474050865,2.671294375963389,13.23547459754581,0.007192468529901927,0.06434700430712706
size|force|78.00|0.00|0.800,size,force,0.1805,0.006413561349016541,9.97760678487921,2.6697905320167132,13.237914781183726,0.007357708736417304,0.06581051690952315
size|force|78.00|0.00|0.800,size,force,0.1845,0.0064012189579220145,9.978570540090852,2.6623515266711135,13.253449497123757,0.007522385667477882,0.06725291378681811
size|force|78.00|0.00|0.800,size,force,0.1885,0.00646341248479461,9.977448132344927,2.671305872259764,13.235654760115077,0.007686301268653852,0.06872975701991338
size|force|78.00|0.00|0.800,size,force,0.1925,0.0064735470108846175,9.97371417457753,2.7016335396060778,13.177900211315965,0.00785120112458394,0.07011010131223895
size|force|78.00|0.00|0.800,size,force,0.1965,0.0064422472603043865,9.977452497918723,2.6712071551742027,13.235626341936964,0.008015475149924121,0.07165704425988854
size|force|78.00|0.00|0.800,size,force,0.2005,0.006406260875987578,9.977766805499382,2.6684675837816836,13.240433949230239,0.008180140215739071,0.07311724350140629
size|force|78.00|0.00|0.800,size,force,0.2045,0.006422795147506379,9.97943506693179,2.656132001307913,13.268081552208663,0.008345391253525089,0.07454048116790556
size|force|78.00|0.00|0.800,size,force,0.2085,0.006456109290355913,9.977448046811164,2.6712781232005045,13.235573976211231,0.008509216460048243,0.07604044954176803
size|force|78.00|0.00|0.800,size,force,0.2125,0.006424684737582994,9.977517131447588,2.670575376511642,13.236548136547968,0.00867424647483993,0.07750559837539177
size|force|78.00|0.00|0.800,size,force,0.2165,0.006399616635093222,9.978048437558545,2.666263263430644,13.244924349779879,0.008839603515899656,0.07895963063360331
size|force|78.00|0.00|0.800,size,force,0.2205,0.006472994521711993,9.973776390162184,2.7012240432055985,13.17872544875858,0.009003938651041132,0.08034856948581993
size|force|78.00|0.00|0.800,size,force,0.2245,0.006447314704737233,9.977455133517768,2.6711988453963573,13.235647963512106,0.009168688235496639,0.0818891662786415
size|force|78.00|0.00|0.800,size,force,0.2285,0.006415297270911095,9.97760147571292,2.669833831649325,13.23784906055192,0.009333614857146112,0.08335262065279363
size|force|78.00|0.00|0.800,size,force,0.2325,0.006404898354475486,9.978544434079211,2.6625481378246487,13.253058843865034,0.009498927545671524,0.08479553565411029
size|force|78.00|0.00|0.800,size,force,0.2365,0.006466669167694983,9.977449590172125,2.6713058280910467,13.235592634783195,0.009662923276385104,0.08627189493651291
size|force|78.00|0.00|0.800,size,force,0.2405,0.006438392342217044,9.977474389737186,2.670985136353113,13.235892612971298,0.009827545159818275,0.0877374843879761
size|force|78.00|0.00|0.800,size,force,0.2445,0.006407875990517368,9.977757672541069,2.6685439458088456,13.240296409690362,0.009992485136065326,0.08919766929815776
size|force|78.00|0.00|0.800,size,force,0.2485,0.0064263467379534,9.979391562052063,2.656449756218113,13.26742028935152,0.010157564669435288,0.09062126200538682
size|force|78.00|0.00|0.800,size,force,0.2525,0.0064593930668779016,9.977449710066427,2.6712759467161282,13.23557287667855,0.010321525742332997,0.09212035009587236
size|force|78.00|0.00|0.800,size,force,0.2565,0.006428940479732395,9.977516645175676,2.670581493238,13.236547636156164,0.010486218975434072,0.09358530110776542
size|force|78.00|0.00|0.800,size,force,0.2605,0.006404520313923,9.978036352510768,2.666358471184928,13.244754743202874,0.010651335870266393,0.09503942269985313
size|force|78.00|0.00|0.800,size,force,0.2645,0.006476384506918552,9.973857272131495,2.7006069191667303,13.179929044479522,0.010815585008040396,0.0964298321305638
size|force|78.00|0.00|0.800,size,force,0.2685,0.006451192753759667,9.977455971337328,2.6711891205813436,13.235640141952832,0.010980247517744028,0.09796878024213057
size|force|78.00|0.00|0.800,size,force,0.2725,0.006419820967148346,9.9775991632294,2.6698548777800077,13.237822146783927,0.011145069343997787,0.09943217044904043
size|force|78.00|0.00|0.800,size,force,0.2765,0.00640963090059343,9.978521470098112,2.6627203557550203,13.252719960317464,0.011310325861782386,0.10087545374954032
size|force|78.00|0.00|0.800,size,force,0.2805,0.006470038118434065,9.977450595869778,2.6712976849098355,13.2356112208309,0.011474416904324715,0.1023515238908448
size|force|78.00|0.00|0.800,size,force,0.2845,0.006442325447530205,9.977474921355617,2.6709827423435244,13.23590890044541,0.011639090112953334,0.10381702932654692
size|force|78.00|0.00|0.800,size,force,0.2885,0.006412426329264346,9.977751828262756,2.6685923660329927,13.24021861648177,0.011804113064974914,0.1052772495606679
size|force|78.00|0.00|0.800,size,force,0.2925,0.00643051518023331,9.979350109800038,2.656749113879625,13.266779185849648,0.011969279604227332,0.106701635113111
size|force|78.00|0.00|0.800,size,force,0.2965,0.00646287149483396,9.977450851095105,2.671268331993003,13.235591755820938,0.012133361470222362,0.10819995287021357
size|force|78.00|0.00|0.800,size,force,0.3005,0.0064330617290421326,9.977516174849928,2.670587927918132,13.236547776856517,0.01229814527503631,0.10966483607272111
size|force|78.00|0.00|0.800,size,force,0.3045,0.006409160129188038,9.978024295447534,2.6664529344687065,13.244583230292374,0.012463349699094234,0.11111911686669934
size|force|78.00|0.00|0.800,size,force,0.3085,0.006479533254306145,9.973938623350373,2.699986555199942,13.181117522837432,0.01262770714778915,0.1125110170679943
size|force|78.00|0.00|0.800,size,force,0.3125,0.0064548770526314135,9.977456936991569,2.6711823623084547,13.235658090434503,0.012792465475406894,0.11404835246096393
size|force|78.00|0.00|0.800,size,force,0.3165,0.006424163352844394,9.977596810369855,2.6698765938442137,13.237795380387908,0.012957389473808277,0.11551171055935402
size|force|78.00|0.00|0.800,size,force,0.3205,0.006414197398852433,9.97849860181921,2.662891957145029,13.25237950682951,0.013122733787002657,0.1169553820733215
size|force|78.00|0.00|0.800,size,force,0.3245,0.006473343141934985,9.977451649964829,2.6712894795663624,13.235629569150188,0.013286939217328658,0.11843115157121586
size|force|78.00|0.00|0.800,size,force,0.3285,0.006446216806439675,9.977475440480116,2.6709807077605126,13.235924733970986,0.013451715456234307,0.11989658024174646
size|force|78.00|0.00|0.800,size,force,0.3325,0.006416957284962826,9.977746002024809,2.6686409042928254,13.24014087516207,0.013616832988730242,0.12135683329321928
size|force|78.00|0.00|0.800,size,force,0.3365,0.0064346741653481835,9.979308754958309,2.6570484616458345,13.266138041478426,0.013782091555222286,0.12278200994801473
size|force|78.00|0.00|0.800,size,force,0.3405,0.0064663500292826345,9.977451973764959,2.671260713629801,13.235610718083588,0.013946292365960825,0.12427955523552518
size|force|78.00|0.00|0.800,size,force,0.3445,0.00642796880752831,9.977516581074212,2.6705647007495936,13.236493578454311,0.01411118234553971,0.12574596718216827
size|force|78.00|0.00|0.800,size,force,0.3485,0.006411939995045038,9.978008286166899,2.666582250654626,13.244333270162928,0.014274966048657198,0.1271986339518443
size|force|78.00|0.00|0.800,size,force,0.3525,0.0064820440165650455,9.974020105576592,2.699362205017168,13.18228982765583,0.014439586918239608,0.12859178210254266
size|force|78.00|0.00|0.800,size,force,0.3565,0.00645831325793248,9.977457600657113,2.6711786749084907,13.23567644575052,0.014604564398335927,0.1301274480757612
size|force|78.00|0.00|0.800,size,force,0.3605,0.006435600183206243,9.977512217716948,2.6706265757818564,13.23648158647979,0.014769542533017264,0.13159156693540316
size|force|78.00|0.00|0.800,size,force,0.3645,0.006414425579604846,9.978006589877873,2.6665930346047997,13.244321978208152,0.01493519446294738,0.13304574359479365
size|force|78.00|0.00|0.800,size,force,0.3685,0.006431093544646206,9.979272880988862,2.6573034368384376,13.265565080088923,0.015100399497106795,0.13447761075363526
size|force|78.00|0.00|0.800,size,force,0.3725,0.006466926429623636,9.977449940530219,2.671271051473442,13.23560216137405,0.015264672983461612,0.13597379104397625
size|force|78.00|0.00|0.800,size,force,0.3765,0.006430510506692037,9.977515581802093,2.670576358014517,13.236489566996255,0.01542983794557968,0.1374399036407525
size|force|78.00|0.00|0.800,size,force,0.3805,0.00641460326836645,9.97799912632689,2.6666565761119725,13.24419939403268,0.015594821776415331,0.13889308161242533
size|force|78.00|0.00|0.800,size,force,0.3845,0.006432172027130654,9.979256990653726,2.6574189344822217,13.265303959099178,0.015760168890468173,0.14032497571134664
size|force|78.00|0.00|0.800,size,force,0.3885,0.0064698345129660636,9.97745166354359,2.6712677480653224,13.23561721977908,0.015921959491911504,0.14181895884284096
size|force|78.00|0.00|0.800,size,force,0.3925,0.00644939906837877,9.977472305819594,2.6710059596088387,13.23584861474869,0.016086808701863946,0.14328335266683295
size|force|78.00|0.00|0.800,size,force,0.3965,0.006427860892279475,9.97758774304444,2.6699564021306577,13.237656522391278,0.016252131895193048,0.1447459656084459
size|force|78.00|0.00|0.800,size,force,0.4005,0.006413512487826048,9.977991556538829,2.666712531516295,13.24408739112743,0.016417487538597553,0.14620113177608135
size|force|78.00|0.00|0.800,size,force,0.4045,0.006433251561380711,9.979236486778504,2.657571700441373,13.264986549380133,0.016582801469284383,0.14763294344108435
size|force|78.00|0.00|0.800,size,force,0.4085,0.00646941054060572,9.97745069672997,2.671270066232446,13.235603921334643,0.01674721275172344,0.1491282983923988
size|force|78.00|0.00|0.800,size,force,0.4125,0.006450466325045081,9.97747274498871,2.671010498163694,13.235866152627498,0.016912365753643077,0.1505925612177129
size|force|78.00|0.00|0.800,size,force,0.4165,0.006429724644576692,9.977586755592318,2.669968253864833,13.237643625663367,0.01707765342852298,0.15205503971501977
size|force|78.00|0.00|0.800,size,force,0.4205,0.00641556292551711,9.977986214216857,2.6667549188407347,13.244009254357227,0.01724313988964184,0.1535102848695348
size|force|78.00|0.00|0.800,size,force,0.4245,0.006435182691434905,9.979217840994961,2.6577077382255285,13.264696390816662,0.017408503098053158,0.15494239247395214
size|force|78.00|0.00|0.800,size,force,0.4285,0.006471000702005642,9.97745124559223,2.671266480602867,13.235613067598239,0.017572970417791996,0.15643740172103793
size|force|78.00|0.00|0.800,size,force,0.4325,0.006452265035748778,9.977473016834544,2.6710093006500326,13.235873583897728,0.01773816274404862,0.15790163624661943
size|force|78.00|0.00|0.800,size,force,0.4365,0.006431741370152677,9.977585754009288,2.669977719498887,13.237632380690425,0.017903493240089847,0.15936410759996117
size|force|78.00|0.00|0.800,size,force,0.4405,0.0064177304998191825,9.977980860191954,2.666797347989822,13.243932578914855,0.018069019757452186,0.1608194197823009
size|force|78.00|0.00|0.800,size,force,0.4445,0.006437152495885884,9.97919924673702,2.6578432083600525,13.264406749632897,0.018234425989386925,0.16225183304365629
size|force|78.00|0.00|0.800,size,force,0.4485,0.006472601794820413,9.977451796294135,2.6712627922506837,13.235622171948798,0.018398949242535757,0.16374650227708992
size|force|78.00|0.00|0.800,size,force,0.4525,0.006454066975399178,9.977473290612968,2.671008060706247,13.235881135358254,0.01856418041464416,0.16521070985505595
size|force|78.00|0.00|0.800,size,force,0.4565,0.006433759388676941,9.977584755056052,2.6699871741298304,13.23762114314319,0.018729553149087395,0.16667317417436367
size|force|78.00|0.00|0.800,size,force,0.4605,0.00641989877053953,9.977975513720414,2.6668397750104234,13.243855908559182,0.01889511940409155,0.1681285532849231
size|force|78.00|0.00|0.800,size,force,0.4645,0.006439123217862402,9.979180670491628,2.6579786906780227,13.264117128016032,0.019060567962367943,0.1695612719139305
size|force|78.00|0.00|0.800,size,force,0.4685,0.006474203627040546,9.97745234608472,2.671259104483562,13.235631253822136,0.019225146681616383,0.1710556009348777
size|force|78.00|0.00|0.800,size,force,0.4725,0.006455869222031546,9.97747356601285,2.6710068092351,13.23588882257047,0.0193904167357221,0.1725197815848316
size|force|78.00|0.00|0.800,size,force,0.4765,0.0064357779926853525,9.977583758552658,2.669996627185891,13.23760991029409,0.01955583101414046,0.17398223850336483
size|force|78.00|0.00|0.800,size,force,0.4805,0.006422067481454468,9.977970174660465,2.6668822021503065,13.243779241447248,0.01972143678340799,0.1754376843662696
size|force|78.00|0.00|0.800,size,force,0.4845,0.006441094703649495,9.979162112271846,2.6581141865339726,13.263827508149454,0.01988692709095968,0.1768707080639814
size|force|78.00|0.00|0.800,size,force,0.4885,0.006475806124204557,9.97745289531872,2.671255421172192,13.235640299037502,0.020051560890408205,0.1783646966739073
size|force|78.00|0.00|0.800,size,force,0.4925,0.006457671813352506,9.977473842956467,2.6710055469329657,13.23589663844458,0.02021686974105548,0.17982885036466342
size|force|78.00|0.00|0.800,size,force,0.4965,0.006437797183563013,9.977582764444417,2.670006078465917,13.23759868308284,0.02038232490725588,0.18129129950482945
size|force|78.00|0.00|0.800,size,force,0.5005,0.006424236838890886,9.977964842983235,2.666924630622091,13.24370258003082,0.020547969705422216,0.18274681183502398
size|force|78.00|0.00|0.800,size,force,0.5045,0.006443067021386416,9.97914357212032,2.658249695710794,13.263537878918783,0.02071350119346214,0.18418014029711494
size|force|78.00|0.00|0.800,size,force,0.5085,0.006477409323435198,9.97745344477529,2.6712517488486625,13.235649280066607,0.020878189719314464,0.18567378828375308
size|force|78.00|0.00|0.800,size,force,0.5125,0.006459474871338909,9.977474121307647,2.6710042743074585,13.235904568506704,0.021043537037148168,0.18713791491083417
size|force|78.00|0.00|0.800,size,force,0.5165,0.006439816953861062,9.977581772697782,2.67001552747755,13.23758746158882,0.02120903251791493,0.18860035591827048
size|force|78.00|0.00|0.800,size,force,0.5205,0.006426406962413545,9.977959518631042,2.666967061258202,13.243625924909955,0.02137471572080829,0.19005593435595003
size|force|78.00|0.00|0.800,size,force,0.5245,0.006436530171527832,9.979287108134153,2.657102711328972,13.26589618169401,0.021540279363840512,0.19148741991341872
size|force|78.00|0.00|0.800,size,force,0.5285,0.006473683826271268,9.97745190016645,2.6712828328062335,13.23549739475131,0.021704646649033127,0.19298372252455123
size|force|78.00|0.00|0.800,size,force,0.5325,0.006459754743341155,9.977471828021413,2.6710277071632373,13.235838127477187,0.02187017810463966,0.19444710284535877
size|force|78.00|0.00|0.800,size,force,0.5365,0.006432155449567539,9.977588148304664,2.6699377131089057,13.237667902125182,0.022035725463296272,0.19591077680221464
size|force|78.00|0.00|0.800,size,force,0.5405,0.006426546220357015,9.97794982580833,2.6670508193572515,13.243460115943073,0.02220003067259601,0.19736484255142556
size|force|78.00|0.00|0.800,size,force,0.5445,0.006438099296294226,9.97926504539354,2.6572641001044706,13.265548400397433,0.022365604762619982,0.19879631450595495
size|force|78.00|0.00|0.800,size,force,0.5485,0.006475214078367194,9.977452311742754,2.6712799269463656,13.235499130083479,0.022530036081084396,0.20029214878664522
size|force|78.00|0.00|0.800,size,force,0.5525,0.00646151730726817,9.977472018780269,2.6710274721748815,13.235847353037194,0.022695650340927954,0.20175550334109785
size|force|78.00|0.00|0.800,size,force,0.5565,0.006434269814920769,9.977587044115957,2.6699481986914755,13.237655472815849,0.02286122103817729,0.20321914000044297
size|force|78.00|0.00|0.800,size,force,0.5605,0.006428565004627639,9.977944556406076,2.6670928886862737,13.243384948465383,0.023025820437935843,0.20467343588949474
size|force|78.00|0.00|0.800,size,force,0.5645,0.006426918054777372,9.978360567051864,2.6639319582566463,13.25026276308667,0.023191340674393122,0.20612644543348863
size|force|78.00|0.00|0.800,size,force,0.5685,0.006483577693301645,9.974415204504439,2.6963771780735124,13.188244737639945,0.023356372657905716,0.20753107781284727
size|force|78.00|0.00|0.800,size,force,0.5725,0.006467777711750121,9.977455853772367,2.671198844793364,13.235615386173393,0.023521162641710967,0.20906384333163927
size|force|78.00|0.00|0.800,size,force,0.5765,0.006454186385343914,9.97750738027285,2.670681303228991,13.236428476471287,0.02368601964453642,0.21052620453920248
size|force|78.00|0.00|0.800,size,force,0.5805,0.006442238175184841,9.977574191143587,2.6700820396893703,13.237466024120845,0.023851481330334958,0.21198837489871078
size|force|78.00|0.00|0.800,size,force,0.5845,0.006432818057562508,9.977702341898361,2.6690099578412316,13.239489486097217,0.024017156585263613,0.21344888032125023
size|force|78.00|0.00|0.800,size,force,0.5885,0.0064271826972324714,9.977935013796735,2.667162873173777,13.243240904065003,0.024182832042650083,0.21490651254893248
size|force|78.00|0.00|0.800,size,force,0.5925,0.006428565804626768,9.978344720576606,2.664057417542469,13.250016755143552,0.02434856231208216,0.2163592572309366
size|force|78.00|0.00|0.800,size,force,0.5965,0.006443246890142519,9.979051728431852,2.658915467645239,13.262083632364284,0.02451412056429841,0.2178034838964494
size|force|78.00|0.00|0.800,size,force,0.6005,0.006481991770819044,9.974472427652735,2.695837748689827,13.188954590319717,0.024679157241732624,0.21923311773523296
size|force|78.00|0.00|0.800,size,force,0.6045,0.0064736170075380345,9.977457910145771,2.6711875087144072,13.23571273356636,0.024844693244432663,0.2207576252279875
size|force|78.00|0.00|0.800,size,force,0.6085,0.006464489669620534,9.97747102095445,2.6710396180389595,13.235827167062281,0.025010224380681626,0.2222205490400431
size|force|78.00|0.00|0.800,size,force,0.6125,0.006454754567269821,9.977504822297027,2.670708424847187,13.23637252268156,0.02517585692421513,0.22368319239814205
size|force|78.00|0.00|0.800,size,force,0.6165,0.006445030143591769,9.977571727673855,2.670108102023442,13.23743054313332,0.02534155132791637,0.22514507435186204
size|force|78.00|0.00|0.800,size,force,0.6205,0.006436468250059286,9.97769766164257,2.6690511134480706,13.239424722978134,0.025507321980035018,0.2266054857090038
size|force|78.00|0.00|0.800,size,force,0.6245,0.006431105284082837,9.977925551384304,2.6672390939197546,13.243103229144173,0.025673134079179573,0.22806319393465974
size|force|78.00|0.00|0.800,size,force,0.6285,0.0064325084095059595,9.978326659834217,2.664195482291873,13.24974371577714,0.025838981106415408,0.22951612849880731
size|force|78.00|0.00|0.800,size,force,0.6325,0.0064469105598149515,9.979018712815183,2.659158355725234,13.261565353337177,0.026004669522476247,0.23096073060635292
size|force|78.00|0.00|0.800,size,force,0.6365,0.006484910980350611,9.974537630313353,2.69533075793614,13.189926308509573,0.026169804527793925,0.2323910153825079
size|force|78.00|0.00|0.800,size,force,0.6405,0.006476702562021297,9.97745874462936,2.6711821583513395,13.23572943650451,0.026335461067344315,0.23391426477555793
size|force|78.00|0.00|0.800,size,force,0.6445,0.006467781822090498,9.977471585493044,2.6710373505658147,13.235843214207009,0.02650109490852034,0.23537716740306078
size|force|78.00|0.00|0.800,size,force,0.6485,0.006458258214399915,9.977504658255748,2.6707121804237777,13.236378882844324,0.026666821870716728,0.23683980028600227
size|force|78.00|0.00|0.800,size,force,0.6525,0.006448741391261228,9.97757007625371,2.6701243645976414,13.237412236635546,0.026832626012189508,0.23830168972884294
size|force|78.00|0.00|0.800,size,force,0.6565,0.00644036786224289,9.977693257911286,2.6690889509445586,13.239365590240578,0.02699848522896703,0.23976213242363337
size|force|78.00|0.00|0.800,size,force,0.6605,0.006435123641036452,9.977916191967816,2.667314496521599,13.242967319642716,0.027164396951584926,0.24121993168158504
size|force|78.00|0.00|0.800,size,force,0.6645,0.006436516360272808,9.978308631449858,2.6643338181359146,13.249470428571255,0.02733032327193299,0.24267304740421325
size|force|78.00|0.00|0.800,size,force,0.6685,0.006450625204432566,9.978985747202806,2.659401493486572,13.26104607505145,0.02749610843165171,0.2441180120274281
size|force|78.00|0.00|0.800,size,force,0.6725,0.006487857115322304,9.974602705057686,2.6948234404459304,13.190897795328544,0.02766133213096311,0.24554894754222556
size|force|78.00|0.00|0.800,size,force,0.6765,0.006479818703524035,9.977459569067962,2.6711771563665136,13.235744639502894,0.02782708232647701,0.24707092469615027
size|force|78.00|0.00|0.800,size,force,0.6805,0.006471100068415133,9.977472207972767,2.6710338531878004,13.235859730726691,0.027992792988273667,0.2485338000952566
size|force|78.00|0.00|0.800,size,force,0.6845,0.006461782365157161,9.97750449487498,2.6707158935370505,13.236384124995197,0.028158600976006053,0.24999641300829253
size|force|78.00|0.00|0.800,size,force,0.6885,0.006452476575384712,9.977568435119952,2.670140470929511,13.237394159909138,0.02832448278005845,0.25145829666169983
size|force|78.00|0.00|0.800,size,force,0.6925,0.006444288676650673,9.977688868547652,2.669126815329831,13.239306332109846,0.028490417303216598,0.25291876438179495
size|force|78.00|0.00|0.800,size,force,0.6965,0.006439167163491458,9.977906855363814,2.6673898740067274,13.242831815228463,0.02865640228514467,0.2543766434378783
size|force|78.00|0.00|0.800,size,force,0.7005,0.00644054205907291,9.97829062906175,2.664472311707449,13.249196888707912,0.0288224007130626,0.25582993804395865
size|force|78.00|0.00|0.800,size,force,0.7045,0.006454363721139474,9.978952834099452,2.659644829391742,13.260525982460429,0.028988261032976775,0.257275255010291
size|force|78.00|0.00|0.800,size,force,0.7085,0.006490814477400777,9.97466764203389,2.6943159370075502,13.191869026964682,0.029153572279368645,0.2587068427746498
size|force|78.00|0.00|0.800,size,force,0.7125,0.0064829497805157085,9.977211329728272,2.6732335540234042,13.23184463477527,0.029319401827911512,0.2602224660766601
size|force|78.00|0.00|0.800,size,force,0.7165,0.006467699073615102,9.977470212023084,2.6710549672559374,13.23592609825271,0.029485249398478543,0.2616915852862674
size|force|78.00|0.00|0.800,size,force,0.7205,0.006463450461852787,9.977501950681537,2.670740899996127,13.236329291447339,0.02965098460991796,0.26315322720169204
size|force|78.00|0.00|0.800,size,force,0.7245,0.006447583721185389,9.977573157599293,2.670079089082069,13.237455953781225,0.029816651262190044,0.264615922438227
size|force|78.00|0.00|0.800,size,force,0.7285,0.006445611793833605,9.977681003519804,2.669194982426227,13.23917853990277,0.02998248887550839,0.26607554414439477
size|force|78.00|0.00|0.800,size,force,0.7325,0.006433122355326973,9.977936318113105,2.6671163427616533,13.243294556157057,0.030148589469208523,0.26753378474192197
size|force|78.00|0.00|0.800,size,force,0.7365,0.006440950125173712,9.97826733303758,2.6646573299557854,13.248810716498271,0.0303144199738591,0.268987117156505
size|force|78.00|0.00|0.800,size,force,0.7405,0.006449565945488691,9.979059990323735,2.658774261588737,13.262295142369709,0.030480428399876157,0.2704303739832005
size|force|78.00|0.00|0.800,size,force,0.7445,0.006488763289480351,9.974734160153611,2.693796696903194,13.192830195001264,0.03064551412630702,0.2718652898490865
size|force|78.00|0.00|0.800,size,force,0.7485,0.006485080943404806,9.97473879601044,2.6937297428848326,13.19291749736386,0.030810991401819945,0.2733272852876996
size|force|78.00|0.00|0.800,size,force,0.7525,0.006483679191054651,9.977458076700842,2.6711919438731546,13.23571469202621,0.030976591431314558,0.2748456538370274
size|force|78.00|0.00|0.800,size,force,0.7565,0.006477417947667732,9.977472839856361,2.6710312426660745,13.235897835868224,0.03114243314609635,0.2763080805468409
size|force|78.00|0.00|0.800,size,force,0.7605,0.006475168295095007,9.977470066329102,2.6710576606558454,13.235831766886875,0.03130835469932221,0.27777035458258015
size|force|78.00|0.00|0.800,size,force,0.7645,0.006461472268461115,9.977503681734218,2.670710921127703,13.236341257483053,0.03147427733047696,0.27923366968055213
size|force|78.00|0.00|0.800,size,force,0.7685,0.006458429051092305,9.977561866121443,2.670202659457688,13.237297115636892,0.03164017332497388,0.28069456664398507
size|force|78.00|0.00|0.800,size,force,0.7725,0.006456435787826326,9.97756007064865,2.670215017788106,13.237264148619065,0.031806069837680015,0.28215676898110087
size|force|78.00|0.00|0.800,size,force,0.7765,0.00645610831167527,9.977559116952193,2.6702249771403355,13.237244550263611,0.031972045522013305,0.2836187286389242
size|force|78.00|0.00|0.800,size,force,0.7805,0.00645646768297509,9.977558748025684,2.6702291591546357,13.237237568776411,0.03213782449315095,0.28508047851853846
size|force|78.00|0.00|0.800,size,force,0.7845,0.006456872910474144,9.977558507789805,2.6702310619658993,13.237234471852233,0.032303626997449195,0.28654222095210385
size|force|78.00|0.00|0.800,size,force,0.7885,0.006457292183732419,9.977558320946985,2.670232810358184,13.237232358343736,0.0324694435606234,0.28800396272522955
size|force|78.00|0.00|0.800,size,force,0.7925,0.006457713457041662,9.977558149625349,2.6702345080526704,13.2372305289351,0.0326352763075531,0.28946570699444585
size|force|78.00|0.00|0.800,size,force,0.7965,0.006458136007440563,9.977557982737515,2.6702361983850462,13.237228777154819,0.03280112401065365,0.2909274534572818
size|force|78.00|0.00|0.800,size,force,0.8005,0.006458558747612698,9.97755781704502,2.6702378840861525,13.237227049113653,0.03296698690124913,0.29238920238794114
size|force|78.00|0.00|0.800,size,force,0.8045,0.006458981722289271,9.977557651760876,2.670239569229399,13.237225327420834,0.03313286471531186,0.29385095366941627
size|force|78.00|0.00|0.800,size,force,0.8085,0.006459404773087735,9.977557486636423,2.6702412534950764,13.237223608324953,0.033298757460282075,0.2953127073198941
size|force|78.00|0.00|0.800,size,force,0.8125,0.006459827974751337,9.977557321629913,2.670242937641567,13.237221889821761,0.033464664963104795,0.2967744632477873
size|force|78.00|0.00|0.800,size,force,0.8165,0.006460251248654988,9.977557156708619,2.670244621211283,13.237220172193904,0.033630587205587904,0.2982362214469307
size|force|78.00|0.00|0.800,size,force,0.8205,0.00646067466645647,9.977556991885942,2.670246304677538,13.237218454703129,0.03379652402426202,0.2996979818297711
size|force|78.00|0.00|0.800,size,force,0.8245,0.0064610981600196045,9.977556827144227,2.6702479875912233,13.237216737950838,0.033962475393567004,0.30115974438523535
size|force|78.00|0.00|0.800,size,force,0.8285,0.006461521796475165,9.9775566624984,2.6702496703867835,13.23721502130896,0.03412844115271365,0.3026215090277579
size|force|78.00|0.00|0.800,size,force,0.8325,0.006461945512650482,9.977556497933687,2.670251352632167,13.237213305397368,0.03429442127026689,0.3040832757429682
size|force|78.00|0.00|0.800,size,force,0.8365,0.006462369371290601,9.977556333466545,2.6702530347432583,13.237211589607442,0.034460415587457306,0.3055450444469949
size|force|78.00|0.00|0.800,size,force,0.8405,0.006462793313513615,9.977556169080733,2.6702547163045023,13.237209874550633,0.034626424067295256,0.307006815122433
size|force|78.00|0.00|0.800,size,force,0.8445,0.006463217397964781,9.97755600479064,2.6702563977152134,13.237208159624345,0.0347924465526483,0.3084685876869291
size|force|78.00|0.00|0.800,size,force,0.8485,0.006463641569722273,9.977555840583253,2.670258078575308,13.23720644543695,0.03495848300125096,0.3099303621202137
size|force|78.00|0.00|0.800,size,force,0.8525,0.006464065883612409,9.977555676472056,2.6702597592690567,13.237204731393309,0.0351245332574817,0.31139213834129853
size|force|78.00|0.00|0.800,size,force,0.8565,0.006464490288421208,9.977555512444177,2.6702614394112727,13.237203018093847,0.03529059727382118,0.31285391632718645
size|force|78.00|0.00|0.800,size,force,0.8605,0.006464914835402694,9.977555348510435,2.6702631193714867,13.237201304949846,0.03545667489584537,0.3143156959981141
size|force|78.00|0.00|0.800,size,force,0.8645,0.00646533947678675,9.977555184662297,2.670264798778174,13.2371995925552,0.03562276607125405,0.31577747732849304
size|force|78.00|0.00|0.800,size,force,0.8685,0.006465764260505252,9.977555020908898,2.6702664779880503,13.237197880329713,0.03578887064654203,0.31723926023965343
size|force|78.00|0.00|0.800,size,force,0.8725,0.006466189142012261,9.977554857237747,2.670268156641695,13.23719616885557,0.03595498856465704,0.31870104470353683
size|force|78.00|0.00|0.800,size,force,0.8765,0.006466614166122744,9.977554693665256,2.6702698350837375,13.237194457566325,0.03612111967287983,0.3201628306424516
size|force|78.00|0.00|0.800,size,force,0.8805,0.006467039291312239,9.977554530176501,2.670271512966911,13.237192747036005,0.03628726390958753,0.3216246180259772
size|force|78.00|0.00|0.800,size,force,0.8845,0.006467464559478022,9.977554366783458,2.6702731906234014,13.23719103669982,0.0364534211226724,0.32308640677729134
size|force|78.00|0.00|0.800,size,force,0.8885,0.006467889931919602,9.977554203473977,2.6702748677175476,13.237189327129926,0.03661959124602512,0.3245481968637188
size|force|78.00|0.00|0.800,size,force,0.8925,0.006468315447798152,9.977554040262675,2.6702765445707377,13.237187617768882,0.03678577412800982,0.32600998820920807
size|force|78.00|0.00|0.800,size,force,0.8965,0.006468741071063985,9.977553877136792,2.670278220857653,13.237185909182077,0.03695196969817727,0.3274717807789252
size|force|78.00|0.00|0.800,size,force,0.9005,0.006469166838315144,9.977553714106582,2.670279896889247,13.237184200815246,0.03711817780521007,0.32893357449749533
size|force|78.00|0.00|0.800,size,force,0.9045,0.006463450837020761,9.977559941837702,2.6702252511923494,13.23719636144421,0.037283186889660654,0.33039556853788155
size|force|78.00|0.00|0.800,size,force,0.9085,0.006468237834765157,9.977550717237037,2.6703025681992067,13.237134186682836,0.03744911617578469,0.33185670389311966
size|force|78.00|0.00|0.800,size,force,0.9125,0.006470024850219488,9.977552348681026,2.6702908635411573,13.237165351678303,0.037615337550977304,0.3333182160734882
size|force|78.00|0.00|0.800,size,force,0.9165,0.0064757202803128475,9.977495057049621,2.6708107760834667,13.236249361930092,0.037781465373794405,0.33478050964903844
size|force|78.00|0.00|0.800,size,force,0.9205,0.006479228160552277,9.977497439314249,2.670794924507691,13.236292429556965,0.03794774417675075,0.3362417443127423
size|force|78.00|0.00|0.800,size,force,0.9245,0.006485867959438549,9.977468605154932,2.6710792439348747,13.235823516883977,0.03811394090604158,0.3377032281527778
size|force|78.00|0.00|0.800,size,force,0.9285,0.00648904768344566,9.975058739769304,2.691175535877385,13.197717054363238,0.038280273734662,0.3391142304795415
size|force|78.00|0.00|0.800,size,force,0.9325,0.006495435512554096,9.975068094199896,2.6911365466400303,13.19787726029035,0.03844655651377698,0.34057586415205165
size|force|78.00|0.00|0.800,size,force,0.9365,0.0064606483620208675,9.978746581904998,2.6611385093386524,13.257210194599368,0.038613299007451495,0.3420643131741181
size|force|78.00|0.00|0.800,size,force,0.9405,0.006466864367906138,9.978730381984683,2.6612939556888136,13.256958216834239,0.0387796214449962,0.34352558425761887
size|force|78.00|0.00|0.800,size,force,0.9445,0.006452134144095955,9.97816584812814,2.665417544011321,13.247241447394316,0.038945871239448905,0.3450020599879573
size|force|78.00|0.00|0.800,size,force,0.9485,0.006457913477060138,9.97815887743241,2.665492591262549,13.247141265166857,0.039112226581055745,0.3464631847331725
size|force|78.00|0.00|0.800,size,force,0.9525,0.006454262938379205,9.977833514030204,2.667974386933387,13.241705990174209,0.0392783643319316,0.34793274077113107
size|force|78.00|0.00|0.800,size,force,0.9565,0.006451415606497385,9.977865857141904,2.667692527258476,13.242224959545645,0.03944473130313332,0.3493943530909374
size|force|78.00|0.00|0.800,size,force,0.9605,0.006458320285800554,9.977829096551181,2.66802374727342,13.241642025409408,0.03961106868907012,0.35085598378783023
size|force|78.00|0.00|0.800,size,force,0.9645,0.006461700289646754,9.977646606315323,2.669486007002967,13.23866729321138,0.03977724792856269,0.35232135486267196
size|force|78.00|0.00|0.800,size,force,0.9685,0.0064700364441396315,9.977545340667483,2.670353838696108,13.237044677040613,0.0399434726949767,0.3537841954372747
size|force|78.00|0.00|0.800,size,force,0.9725,0.00647986763984122,9.977493257807033,2.670833267768201,13.2362212452727,0.04010974943820933,0.35524570280860507
size|force|78.00|0.00|0.800,size,force,0.9765,0.0064896594147209104,9.9751448918376,2.6904933511848714,13.199011240170474,0.04027607315102596,0.3566580719763014
size|force|78.00|0.00|0.800,size,force,0.9805,0.006462425266140009,9.978700614458749,2.6614907351823187,13.256451865936922,0.04044285082079955,0.35814524483099996
size|force|78.00|0.00|0.800,size,force,0.9845,0.006454225104896192,9.97814178022723,2.6656113142439493,13.246854745235469,0.0406091876990399,0.3596206167915459
size|force|78.00|0.00|0.800,size,force,0.9885,0.006456248266084646,9.977821099492806,2.6680799948545513,13.241511418172927,0.0407754234789032,0.3610892024908356
size|force|78.00|0.00|0.800,size,force,0.9925,0.006463389011616915,9.977641381110484,2.6695333419499585,13.23858532344775,0.040941676224567576,0.36255393329474755
size|force|78.00|0.00|0.800,size,force,0.9965,0.006472742606273357,9.977543765308601,2.6703698638881335,13.237024351025154,0.041107975260256883,0.3640165258718278
size|force|78.00|0.00|0.800,size,force,1.0005,0.006482696555586167,9.97749322393829,2.6708356167038345,13.236228775614407,0.04127432000185945,0.3654779786127749
size|force|78.00|0.00|0.800,size,force,1.0045,0.006492389514792728,9.975194479802164,2.6900991883470984,13.19976712878832,0.04144070231421402,0.36689132270256053
size|force|78.00|0.00|0.800,size,force,1.0085,0.006465735547379684,9.97867543895146,2.661680675313039,13.256047175805708,0.04160753535940296,0.3683779797231952
size|force|78.00|0.00|0.800,size,force,1.0125,0.006457711959261565,9.978128217396621,2.6657181032246546,13.246645763134511,0.04177394122147095,0.36985307893867125
size|force|78.00|0.00|0.800,size,force,1.0165,0.006459699553716459,9.97781371514853,2.6681408700280924,13.241558346806503,0.041940250809376065,0.3713215217437783
size|force|78.00|0.00|0.800,size,force,1.0205,0.006468023202435779,9.977638691912167,2.6695619573699054,13.238538908498612,0.0421045889192365,0.3727850634583289
size|force|78.00|0.00|0.800,size,force,1.0245,0.0064763075936760525,9.97754278281932,2.670376763734248,13.23701256960853,0.04227090523578814,0.3742477384877061
size|force|78.00|0.00|0.800,size,force,1.0285,0.006485758126209356,9.977493246955698,2.670836195325994,13.236223419547226,0.042437323595017486,0.37570925102663827
size|force|78.00|0.00|0.800,size,force,1.0325,0.006495154670657491,9.975243713551196,2.6897063704138424,13.200523740210485,0.04260379732054676,0.3771236102550359
size|force|78.00|0.00|0.800,size,force,1.0365,0.006469033164319071,9.978650421822094,2.661869133994112,13.255650791273993,0.04277069216808817,0.3786097651258289
size|force|78.00|0.00|0.800,size,force,1.0405,0.0064611881210561665,9.978114700895588,2.6658245838015113,13.246437825454041,0.042937160296644475,0.38008458715698556
size|force|78.00|0.00|0.800,size,force,1.0445,0.006463151581587851,9.977807399682211,2.668193911547674,13.241309993776708,0.04310353335878472,0.381552896143734
size|force|78.00|0.00|0.800,size,force,1.0485,0.0064700227029619055,9.977635248171486,2.6695885611164276,13.238502506517225,0.04326992405612088,0.3830175061221311
size|force|78.00|0.00|0.800,size,force,1.0525,0.006479014618638648,9.977541787589326,2.6703911773214397,13.23700506603867,0.04343635967889905,0.38448006448232414
size|force|78.00|0.00|0.800,size,force,1.0565,0.006488580357025182,9.977493428424474,2.670837973794772,13.236242234114808,0.0436028394447627,0.3859415293483049
size|force|78.00|0.00|0.800,size,force,1.0605,0.0064978942302715975,9.975293246967233,2.689311733221729,13.201279450016994,0.043769355097555564,0.3873568578183274
size|force|78.00|0.00|0.800,size,force,1.0645,0.006473938401517867,9.978624514182924,2.6620752727802364,13.255281874267485,0.04393448939213558,0.3888414323425408
size|force|78.00|0.00|0.800,size,force,1.0685,0.006465391398125918,9.978101534071302,2.665922157146068,13.246238277178017,0.044100611089225306,0.39031586177898964
size|force|78.00|0.00|0.800,size,force,1.0725,0.006466800196460369,9.977800634830256,2.6682478514472843,13.241209094842304,0.04426703158221005,0.39178412100802223
size|force|78.00|0.00|0.800,size,force,1.0765,0.00647339105651077,9.977632200092645,2.669615527661544,13.238460698682763,0.04443348803710744,0.39324869674646235
size|force|78.00|0.00|0.800,size,force,1.0805,0.006482164139942362,9.97754080361247,2.6704017246080562,13.236995110578205,0.0445999923749794,0.39471124471527813
size|force|78.00|0.00|0.800,size,force,1.0845,0.00649152571605702,9.977493527323809,2.6708391660485833,13.236248046357062,0.04476654068498557,0.3961727174408438
size|force|78.00|0.00|0.800,size,force,1.0885,0.006497609852479232,9.975342822168528,2.6889711217928878,13.202127857354427,0.044933159564635,0.3975851001271043
size|force|78.00|0.00|0.800,size,force,1.0925,0.006471120581059587,9.978596626138176,2.662273196468109,13.254773375404415,0.045100120804875826,0.3990750391042
size|force|78.00|0.00|0.800,size,force,1.0965,0.006466861937274134,9.978085539695197,2.666058095908062,13.245979101194369,0.04526672964868647,0.4005487695384237
size|force|78.00|0.00|0.800,size,force,1.1005,0.006462334370294494,9.977824129787932,2.6680303865382164,13.241586903108367,0.04543326158934743,0.40201709809992237
size|force|78.00|0.00|0.800,size,force,1.1045,0.006473685201570114,9.977626077333229,2.6696706475786622,13.238359050503053,0.0455997583247417,0.4034816402331915
size|force|78.00|0.00|0.800,size,force,1.1085,0.006484481358263389,9.977538813818168,2.6704225579248444,13.236965223622878,0.04576633831693527,0.404943764898004
size|force|78.00|0.00|0.800,size,force,1.1125,0.00650003220629702,9.975384350203816,2.6885811062731166,13.202719656138562,0.04593128378571238,0.40636025911873713
size|force|78.00|0.00|0.800,size,force,1.1165,0.0064624202726793496,9.978085388545388,2.6660254284266447,13.245974570760772,0.04609786570532392,0.40785747280678153
size|force|78.00|0.00|0.800,size,force,1.1205,0.006469887076499256,9.977785096533458,2.6683809110357726,13.240964779010167,0.04626441719702553,0.4093248195530924
size|force|78.00|0.00|0.800,size,force,1.1245,0.006481618782672373,9.977535578669302,2.6704532902155775,13.236865170375516,0.046430257481564326,0.41079011013451927
size|force|78.00|0.00|0.800,size,force,1.1285,0.006494728183134145,9.975410317439886,2.688336480706749,13.203058578062482,0.04659673771282837,0.4122071083877646
size|force|78.00|0.00|0.800,size,force,1.1325,0.00647658339246866,9.978558183884394,2.6625720900234753,13.254150264376156,0.0467637858949067,0.41369166920380207
size|force|78.00|0.00|0.800,size,force,1.1365,0.006466870408459837,9.977786086569267,2.6683655951524767,13.240954622537892,0.0469301202158377,0.41517190665120784
size|force|78.00|0.00|0.800,size,force,1.1405,0.006478902725539672,9.977622440825607,2.6697059940090755,13.238304414622963,0.04709623254982175,0.4166352519991863
size|force|78.00|0.00|0.800,size,force,1.1445,0.00649267015591249,9.977489543233458,2.670872885427968,13.236178927869023,0.04726279640242896,0.41809798617958216
size|force|78.00|0.00|0.800,size,force,1.1485,0.006472760383543979,9.978568907908686,2.662446828399531,13.254327589725236,0.047429917530886795,0.41953878417264706
size|force|78.00|0.00|0.800,size,force,1.1525,0.006466852127824453,9.977779355557951,2.668413630880173,13.240863771354302,0.04759590224964157,0.4210186604041079
size|force|78.00|0.00|0.800,size,force,1.1565,0.0064799890462705345,9.977619740330804,2.6697296047749637,13.238269483569457,0.04776255977934586,0.42248201354273707
size|force|78.00|0.00|0.800,size,force,1.1605,0.006495686852559829,9.975468627614777,2.6878780886301374,13.203926059481642,0.047927622795101585,0.4239010416880466
size|force|78.00|0.00|0.800,size,force,1.1645,0.006465047438682189,9.978057183208852,2.6662529154193546,13.245523651245199,0.04809451515137364,0.42539714398292466
size|force|78.00|0.00|0.800,size,force,1.1685,0.006474918199069176,9.977772133257844,2.66849181940945,13.24076669786131,0.04826119797281447,0.42686376931141246
size|force|78.00|0.00|0.800,size,force,1.1725,0.006486481509411819,9.977533639407822,2.670466925168471,13.236871673844169,0.048427641057037576,0.4283291003223213
size|force|78.00|0.00|0.800,size,force,1.1765,0.006472155463993252,9.978537591144455,2.6626882164428487,13.253808229570684,0.04859472824710611,0.4297707516058903
size|force|78.00|0.00|0.800,size,force,1.1805,0.006469779507767562,9.9777708990621,2.6684872423688857,13.24072850584108,0.048760310275798434,0.4312492843767123
size|force|78.00|0.00|0.800,size,force,1.1845,0.006485685345983563,9.97753065980211,2.670490976212088,13.236828904214121,0.048926934124124015,0.43271406589314015
size|force|78.00|0.00|0.800,size,force,1.1885,0.006473318693018873,9.978525411262426,2.6627842817577094,13.253606878593088,0.04909384626631951,0.43415548653715397
size|force|78.00|0.00|0.800,size,force,1.1925,0.006470967860712339,9.977768257064938,2.6685253870958543,13.240650520693771,0.04926012969469381,0.43563421092109694
size|force|78.00|0.00|0.800,size,force,1.1965,0.00648755823926426,9.977530294692667,2.670494996295916,13.236823683139013,0.04942596415707144,0.4370983344410111
size|force|78.00|0.00|0.800,size,force,1.2005,0.006474802749181429,9.978514823913965,2.6628623499339295,13.253439599999794,0.04959313377273688,0.438540170908364
size|force|78.00|0.00|0.800,size,force,1.2045,0.006472226244658041,9.977764949830442,2.668537151651208,13.240644262510699,0.04975962372025495,0.4400188686224113
size|force|78.00|0.00|0.800,size,force,1.2085,0.006489341414071485,9.977530073486875,2.6705164995938233,13.236764534768799,0.0499253416643848,0.44148281501050796
size|force|78.00|0.00|0.800,size,force,1.2125,0.006476677240313226,9.978504164898919,2.6629425469452124,13.253268676734397,0.050092327235942063,0.44292469040455223
size|force|78.00|0.00|0.800,size,force,1.2165,0.006473807743597213,9.977762185669286,2.6685620841653828,13.24059997405337,0.050259023739251785,0.44440337566138244
size|force|78.00|0.00|0.800,size,force,1.2205,0.006489828739795607,9.977529577300379,2.6705053421481746,13.236817796820002,0.050425625028980556,0.44586790568094803
size|force|78.00|0.00|0.800,size,force,1.2245,0.006478522063627381,9.978492807453708,2.6630373633041162,13.253078622826756,0.050591984702717065,0.4473094766051121
size|force|78.00|0.00|0.800,size,force,1.2285,0.006475467963681071,9.977759283845169,2.6685831260947777,13.240563329118654,0.050758727433450175,0.4487879905966124
size|force|78.00|0.00|0.800,size,force,1.2325,0.006493990437756918,9.977529917709788,2.6705029069767794,13.23681084867392,0.05092118047983992,0.4502496482079631
size|force|78.00|0.00|0.800,size,force,1.2365,0.006481789654314862,9.978481990014005,2.663115561961797,13.2529084521776,0.051086533987750746,0.45169101686040375
size|force|78.00|0.00|0.800,size,force,1.2405,0.006477625046967585,9.97775649759526,2.6686007296060117,13.240524813900146,0.051253201007830276,0.4531694781427636
size|force|78.00|0.00|0.800,size,force,1.2445,0.006493038499488974,9.97752894446647,2.670515387976324,13.236798299857448,0.05141973035851714,0.45463394775892707
size|force|78.00|0.00|0.800,size,force,1.2485,0.006481016702302067,9.97847180423597,2.663192640829194,13.252744308766427,0.05158695798206136,0.4560765336138152
size|force|78.00|0.00|0.800,size,force,1.2525,0.0064792913207316295,9.9777535211349,2.6686345583464077,13.240470815371937,0.05175260064838879,0.4575538514163323
size|force|78.00|0.00|0.800,size,force,1.2565,0.006496330036216626,9.977528059391044,2.6705162891083383,13.236957823648975,0.05191738996456904,0.45901694231710044
size|force|78.00|0.00|0.800,size,force,1.2605,0.0064846218207479725,9.97846196970085,2.66325788487403,13.252579216063287,0.05208233507930316,0.46045838209069845
size|force|78.00|0.00|0.800,size,force,1.2645,0.006475404378512721,9.977777853377226,2.6684004659397997,13.240863884603224,0.05224733501707215,0.4619357390409599
size|force|78.00|0.00|0.800,size,force,1.2685,0.006495441986981947,9.97752702572912,2.670531508058431,13.236860845887975,0.052412098855323934,0.4633990303032616
size|force|78.00|0.00|0.800,size,force,1.2725,0.006480153231530033,9.97854734457454,2.662562172252364,13.254004215540903,0.05257729993751246,0.46483917502357547
size|force|78.00|0.00|0.800,size,force,1.2765,0.0064793073668428436,9.97774566496843,2.6687209013148454,13.240263091309028,0.05274343977346589,0.46631861118861007
size|force|78.00|0.00|0.800,size,force,1.2805,0.006491458623703419,9.977531205763096,2.6704740327266525,13.236845319433638,0.052908944008391016,0.46778261688545353
size|force|78.00|0.00|0.800,size,force,1.2845,0.006487278100549239,9.978433816432997,2.663527246510637,13.252111390987253,0.05307259492920583,0.46922293505029605
size|force|78.00|0.00|0.800,size,force,1.2885,0.00648353217775587,9.97760472990092,2.66982761167596,13.238024370765892,0.05323891212477714,0.4707033756870152
size|force|78.00|0.00|0.800,size,force,1.2925,0.0065051354793203885,9.975703761253639,2.686051502758239,13.20768121386094,0.05340298345743162,0.47212162494750587
size|force|78.00|0.00|0.800,size,force,1.2965,0.00647882860766403,9.977990162242245,2.666781783140023,13.244457014257705,0.05356948371915419,0.47361699555458636
size|force|78.00|0.00|0.800,size,force,1.3005,0.006487040224471489,9.977613994384368,2.669762027394995,13.238165514754499,0.05373246681088674,0.475083840375968
size|force|78.00|0.00|0.800,size,force,1.3045,0.006480881663778323,9.97845703712808,2.6632873614890866,13.252504473852223,0.053896680331625986,0.4765261740784857
size|force|78.00|0.00|0.800,size,force,1.3085,0.006483526593671618,9.977735225650584,2.668777006269408,13.240313595994316,0.05406272611006528,0.4780030320786394
size|force|78.00|0.00|0.800,size,force,1.3125,0.006503465456348632,9.975731642114377,2.6857331387753844,13.208007426998645,0.05422890232344636,0.4794300841798032
size|force|78.00|0.00|0.800,size,force,1.3165,0.0064780931405636595,9.977743014795342,2.668700923246267,13.240303981029792,0.05439563183872333,0.48092656377183873
size|force|78.00|0.00|0.800,size,force,1.3205,0.006498937229238501,9.975743563389045,2.6856163493965264,13.2081889929599,0.05456251053839594,0.482352488768181
size|force|78.00|0.00|0.800,size,force,1.3245,0.006481426846281802,9.977973600028793,2.66693391110119,13.244191365289826,0.054729160925545896,0.4838440435927343
size|force|78.00|0.00|0.800,size,force,1.3285,0.006495480564160116,9.977523218699861,2.6705604769777413,13.236713482923275,0.054895931367090714,0.4853137482732188
size|force|78.00|0.00|0.800,size,force,1.3325,0.006476301273641065,9.977990931003056,2.666758553326878,13.244481204468972,0.05506336567107235,0.48676794563122217
size|force|78.00|0.00|0.800,size,force,1.3365,0.006493980492936061,9.977595142618235,2.6699772248012397,13.237737797204751,0.055228803630640824,0.48823511856436724
size|force|78.00|0.00|0.800,size,force,1.3405,0.006483500986816606,9.978474148208397,2.6631326190262543,13.252810902827164,0.05539553312464521,0.489678436925482
size|force|78.00|0.00|0.800,size,force,1.3445,0.006486712665445434,9.977727670976707,2.6688723125373164,13.240012950587701,0.05556205600848698,0.4911561281272499
size|force|78.00|0.00|0.800,size,force,1.3485,0.006504906963897083,9.975794652380973,2.685271871931593,13.209061235089248,0.05572812234541521,0.492580753552807
size|force|78.00|0.00|0.800,size,force,1.3525,0.0064781029110976725,9.97801016994634,2.666606801653125,13.244801957490663,0.05589563281383827,0.4940742316440461
size|force|78.00|0.00|0.800,size,force,1.3565,0.0064949804250143284,9.977592741799924,2.669986218936259,13.23776366575353,0.05606172444946306,0.49554234586937024
size|force|78.00|0.00|0.800,size,force,1.3605,0.006477345263845545,9.97797483094039,2.6668827160521538,13.244220238289984,0.05622872398741428,0.49699797577122096
size|force|78.00|0.00|0.800,size,force,1.3645,0.006495989078267871,9.977591229862718,2.6699994040248676,13.23774917464511,0.056394942657289414,0.4984651060539775
size|force|78.00|0.00|0.800,size,force,1.3685,0.006478512245220298,9.977970909440092,2.6669147616686786,13.244159189353852,0.05656200303119658,0.49992078947370705
size|force|78.00|0.00|0.800,size,force,1.3725,0.006490463119177724,9.977601691372689,2.6698735770093744,13.23799392825229,0.05672907690699154,0.501389099537723
size|force|78.00|0.00|0.800,size,force,1.3765,0.006505908205700991,9.975843296237032,2.6848750269141286,13.209814734744906,0.056896281184414796,0.5028129575041361
size|force|78.00|0.00|0.800,size,force,1.3805,0.006481443612105366,9.9779947831024,2.6667351475224788,13.244555868313782,0.057063852604866246,0.5043053917599275
size|force|78.00|0.00|0.800,size,force,1.3845,0.006498997401317981,9.977370101909704,2.67186471602604,13.234258799720582,0.05723084015878057,0.5057721133283629
size|force|78.00|0.00|0.800,size,force,1.3885,0.006479280920299618,9.977961975757875,2.6669894070585163,13.24401669101411,0.057398403175933366,0.507230109255731
size|force|78.00|0.00|0.800,size,force,1.3925,0.006499907973592847,9.975869177167855,2.684592110533027,13.21012541639393,0.05756518965696181,0.5086637137923442
size|force|78.00|0.00|0.800,size,force,1.3965,0.0064853936213267625,9.977718155287853,2.668921761468257,13.239900536598897,0.05773074591214099,0.5101570003201467
size|force|78.00|0.00|0.800,size,force,1.4005,0.006484122504006193,9.978361457315527,2.6639934238942926,13.250926744315217,0.057898162335873235,0.511604602246391
size|force|78.00|0.00|0.800,size,force,1.4045,0.006493110900621961,9.977587150592141,2.6700167274900926,13.237702260313409,0.05806460957991235,0.5130820096829893
size|force|78.00|0.00|0.800,size,force,1.4085,0.00648194824598913,9.977947628891272,2.66710990242461,13.243779831161051,0.05823189090043414,0.5145372326765907
size|force|78.00|0.00|0.800,size,force,1.4125,0.006502276946446499,9.975902922094793,2.6843137814714013,13.210666894382383,0.0583989829574709,0.5159714084006634
size|force|78.00|0.00|0.800,size,force,1.4165,0.006487256266688269,9.9777140872828,2.6689697179930936,13.239803534145178,0.05856590179488819,0.5174649352132109
size|force|78.00|0.00|0.800,size,force,1.4205,0.006487259084246241,9.97834304180073,2.6641383261475973,13.250625744599693,0.05873262662818958,0.5189122057438431
size|force|78.00|0.00|0.800,size,force,1.4245,0.006495295232537748,9.977585182300102,2.670023883758583,13.237727167604376,0.058899765314396064,0.5203897414328236
size|force|78.00|0.00|0.800,size,force,1.4285,0.006484862692917736,9.977936045134959,2.6672077733079527,13.24393909265937,0.059067024045719584,0.521844995811287
size|force|78.00|0.00|0.800,size,force,1.4325,0.006506322871280781,9.975936831864741,2.684034060502066,13.21120219381153,0.05923196441202461,0.523278217989749
size|force|78.00|0.00|0.800,size,force,1.4365,0.00649005231929983,9.977709285331999,2.668992447513214,13.2397791396452,0.05939944769908301,0.5247716267908366
size|force|78.00|0.00|0.800,size,force,1.4405,0.006490526770791595,9.978323627028367,2.6643002100577884,13.250287339680643,0.059566043560129456,0.5262191036391536
size|force|78.00|0.00|0.800,size,force,1.4445,0.006498221598387991,9.977583275549282,2.6700403723156456,13.237706565700101,0.05973321010255019,0.5276962599400734
size|force|78.00|0.00|0.800,size,force,1.4485,0.006487637972024209,9.977928084909314,2.6672717338635055,13.2435039151306,0.05990081183648616,0.5291519073290739
size|force|78.00|0.00|0.800,size,force,1.4525,0.006508624550678925,9.975974884913745,2.683743570077728,13.211748293953029,0.06006674018186692,0.5305863709701001
size|force|78.00|0.00|0.800,size,force,1.4565,0.006493055854019303,9.977704572079588,2.6690323310813246,13.239712886982726,0.06023415368040211,0.532078842551812
size|force|78.00|0.00|0.800,size,force,1.4605,0.006492611600729486,9.978306445258985,2.6644259507394965,13.250028085433152,0.06040169934784246,0.5335272438602601
size|force|78.00|0.00|0.800,size,force,1.4645,0.006495672032169701,9.977591967890364,2.669952701203094,13.237841908853289,0.06056854885438585,0.5350043687212817
size|force|78.00|0.00|0.800,size,force,1.4685,0.006488772888005389,9.97791558066018,2.667375885992951,13.243341724237691,0.060736137746888595,0.5364599032686188
size|force|78.00|0.00|0.800,size,force,1.4725,0.006484578246700239,9.97836315361262,2.663921769583312,13.250961421689487,0.060903240964447915,0.5379120505281041
size|force|78.00|0.00|0.800,size,force,1.4765,0.006498007816682144,9.977576263439477,2.6701071642549157,13.237578992854164,0.06107043291069718,0.539389484514769
size|force|78.00|0.00|0.800,size,force,1.4805,0.006486513466169875,9.977954423539142,2.667044076594052,13.243897150616634,0.061237544501656735,0.5408441577124178
size|force|78.00|0.00|0.800,size,force,1.4845,0.00650886213541258,9.976027139389153,2.6832999995660214,13.212613282574416,0.061404722818970636,0.5422808815782129
size|force|78.00|0.00|0.800,size,force,1.4885,0.006495501350945443,9.977583177929281,2.6700251492451548,13.23769709937136,0.06157185818791106,0.543774451935522
size|force|78.00|0.00|0.800,size,force,1.4925,0.006491513250527877,9.97790285323561,2.667482531464849,13.243073014163247,0.061739566859510354,0.5452296614213505
size|force|78.00|0.00|0.800,size,force,1.4965,0.0064925716136098625,9.97826744300518,2.664742290797325,13.249330403818096,0.06190521339421813,0.5466821057875652
size|force|78.00|0.00|0.800,size,force,1.5005,0.006499291116306777,9.977585578781497,2.6700090988353,13.237745186751587,0.06207238368129701,0.5481580049367789
size|force|78.00|0.00|0.800,size,force,1.5045,0.0064891089157727445,9.977705764809517,2.6690129297633347,13.23967977314609,0.06223959171785871,0.5496184188068249
size|force|78.00|0.00|0.800,size,force,1.5085,0.006484550840559974,9.977927410615276,2.6672383158855633,13.243465289408666,0.06240651097376162,0.5510754729746203
size|force|78.00|0.00|0.800,size,force,1.5125,0.006487097304845109,9.978316554521399,2.664295563328495,13.250176102308235,0.06257389848480838,0.552528060241557
size|force|78.00|0.00|0.800,size,force,1.5165,0.006502750556323707,9.976079856896064,2.6828494889677157,13.213444636374842,0.0627412436472541,0.5539724791387044
size|force|78.00|0.00|0.800,size,force,1.5205,0.006496228760965047,9.977683970860793,2.669225405511266,13.239342588836623,0.06290853598552602,0.5554642464750363
size|force|78.00|0.00|0.800,size,force,1.5245,0.006492460804382825,9.977885728612486,2.66761658527556,13.242783278046197,0.06307576749952437,0.5569217954363858
size|force|78.00|0.00|0.800,size,force,1.5285,0.006494980509731721,9.978237804598118,2.664962926985505,13.248872186466578,0.06324295239444165,0.558375086711185
size|force|78.00|0.00|0.800,size,force,1.5325,0.006508721158081662,9.976108930407179,2.6826163936638947,13.21389430542154,0.06341032430303373,0.5598212099141456
size|force|78.00|0.00|0.800,size,force,1.5365,0.006501561799116699,9.97757602385012,2.670117646127082,13.237485682734578,0.06357688146934824,0.5613119069898818
size|force|78.00|0.00|0.800,size,force,1.5405,0.006494165657111105,9.977695185390848,2.669090852768809,13.239561328712991,0.06374408982957568,0.5627717441719337
size|force|78.00|0.00|0.800,size,force,1.5445,0.006490153944858155,9.977908410209853,2.667400593222504,13.243150654983603,0.06391151359750025,0.5642291771777505
size|force|78.00|0.00|0.800,size,force,1.5485,0.006492646666563553,9.978281704358478,2.6645676787820607,13.249617274067738,0.06407921801191002,0.5656822296294138
size|force|78.00|0.00|0.800,size,force,1.5525,0.0065032197238613695,9.977449329937446,2.6711820287396533,13.235559217881285,0.06424644170308343,0.5671554368862461
size|force|78.00|0.00|0.800,size,force,1.5565,0.006492424022103583,9.977912188054157,2.667383151358527,13.24322352350899,0.06441420863231825,0.5686140285326918
size|force|78.00|0.00|0.800,size,force,1.5605,0.006489943926637758,9.978279569137907,2.66456781650608,13.249578188722765,0.06458189459255688,0.5700679613023998
size|force|78.00|0.00|0.800,size,force,1.5645,0.006508492814908976,9.976164671347703,2.6821647816256684,13.214739886779999,0.06474889495533563,0.5715129139155098
size|force|78.00|0.00|0.800,size,force,1.5685,0.006501756691372338,9.977570817109235,2.670139791054876,13.237500069344518,0.06491641225192761,0.5730053375624438
size|force|78.00|0.00|0.800,size,force,1.5725,0.006497912266403273,9.977685661544415,2.6691822838146635,13.239406155401117,0.0650838462311076,0.5744648737088658
size|force|78.00|0.00|0.800,size,force,1.5765,0.006498089641728206,9.977857958391398,2.6678485073865135,13.242369069784154,0.06525161678902205,0.5759227695451631
size|force|78.00|0.00|0.800,size,force,1.5805,0.006490963919678617,9.977890682959774,2.6675372276324,13.242871328558346,0.0654191846271273,0.5773847793161467
size|force|78.00|0.00|0.800,size,force,1.5845,0.006492615204652312,9.978252443298548,2.6647864884420005,13.249127094017496,0.0655869066486293,0.5788382007072016
size|force|78.00|0.00|0.800,size,force,1.5885,0.006506683897084291,9.97620241609369,2.6818307240808252,13.215375611387303,0.06575432170037257,0.580283908782825
size|force|78.00|0.00|0.800,size,force,1.5925,0.006504593457094906,9.976215115165738,2.6817388357665966,13.215456925269443,0.06592090840408112,0.5817459339301909
size|force|78.00|0.00|0.800,size,force,1.5965,0.006504000590672078,9.9774442702067,2.6712272314693912,13.23546064194753,0.06608802426312187,0.5832337052646883
size|force|78.00|0.00|0.800,size,force,1.6005,0.0064981799563638585,9.977678399137757,2.669238137800492,13.239287674285455,0.06625569630280868,0.5846962410720198
size|force|78.00|0.00|0.800,size,force,1.6045,0.006496677071254812,9.977674663987997,2.6692705674223367,13.239225145804767,0.06642341871344516,0.5861583372321517
size|force|78.00|0.00|0.800,size,force,1.6085,0.006497158830756695,9.97767276269516,2.6692916624116596,13.239187477700767,0.06659083312087566,0.5876198925466632
size|force|78.00|0.00|0.800,size,force,1.6125,0.006497891893895464,9.977672008884458,2.669309059130958,13.239141404957525,0.0667582596317414,0.5890813849541094
size|force|78.00|0.00|0.800,size,force,1.6165,0.006498660549749927,9.977670853096273,2.669305709591277,13.239161013983573,0.06692542798873215,0.5905426872828535
size|force|78.00|0.00|0.800,size,force,1.6205,0.006499541373557635,9.977669462157955,2.6693229270774435,13.239130693069193,0.06709262107299553,0.5920040173042039
size|force|78.00|0.00|0.800,size,force,1.6245,0.006499855056528943,9.977668905875634,2.66932345642987,13.239133557138842,0.0672602179821446,0.5934656236382113
size|force|78.00|0.00|0.800,size,force,1.6285,0.006500357542475455,9.977668125621255,2.6693362047860583,13.239106354925301,0.06742790271531243,0.5949272753194906
size|force|78.00|0.00|0.800,size,force,1.6325,0.006501009754699159,9.977667070963408,2.669340166932066,13.23910665559131,0.06759548962589838,0.5963888250764232
size|force|78.00|0.00|0.800,size,force,1.6365,0.006502417371878916,9.977665726139321,2.6693576726933097,13.23907570665161,0.06776238265026267,0.5978498859996771
size|force|78.00|0.00|0.800,size,force,1.6405,0.006502494695158797,9.977664887386338,2.6693579321285386,13.239210740894892,0.06793015610903723,0.5993115978359245
size|force|78.00|0.00|0.800,size,force,1.6445,0.006503377524918416,9.977664309215543,2.6693664246159603,13.23905954626613,0.06809737826382375,0.6007728975994927
size|force|78.00|0.00|0.800,size,force,1.6485,0.0065036929041102495,9.977663367005153,2.6693726195226275,13.239053412929426,0.06826516037367891,0.6022345961025609
size|force|78.00|0.00|0.800,size,force,1.6525,0.0065045315799581085,9.97766224001337,2.6693859671650393,13.239031168288955,0.06843270611128055,0.603696087079394
size|force|78.00|0.00|0.800,size,force,1.6565,0.006505271789419602,9.977541421524048,2.670427900697202,13.237072457042721,0.0686003166928728,0.6051550666058321
size|force|78.00|0.00|0.800,size,force,1.6605,0.006502631936021819,9.977660997107874,2.669390442216839,13.238999104730881,0.06876753187609795,0.6066194383249033
size|force|78.00|0.00|0.800,size,force,1.6645,0.006505459247090664,9.97765816006735,2.6694201414967202,13.238968511551029,0.06893526659904708,0.6080807405143335
size|force|78.00|0.00|0.800,size,force,1.6685,0.006504893294191173,9.97756896226274,2.6701425681018285,13.237472176357073,0.06910255661630345,0.6095443217421781
size|force|78.00|0.00|0.800,size,force,1.6725,0.006507719392304348,9.976343927851197,2.680633788021982,13.217612628117582,0.0692704800238377,0.6109794860741642
size|force|78.00|0.00|0.800,size,force,1.6765,0.006513229294745848,9.976354773710533,2.680578411580977,13.217749388733676,0.06943809905410432,0.6124411052816304
size|force|78.00|0.00|0.800,size,force,1.6805,0.0065136368172889,9.976362065408994,2.6805465174042515,13.217919284128532,0.06960572715458685,0.6139023859927516
size|force|78.00|0.00|0.800,size,force,1.6845,0.006513866362675923,9.976368983445957,2.6804906877771715,13.218029315579422,0.06977334418602053,0.6153641222530787
size|force|78.00|0.00|0.800,size,force,1.6885,0.0064966048607982265,9.978150129495857,2.6655760856483224,13.247417626217356,0.06994144180144335,0.6168408181728401
size|force|78.00|0.00|0.800,size,force,1.6925,0.0064939607481140985,9.977877591138872,2.6676141201909154,13.242746598737636,0.07010831732532853,0.6183084456858998
size|force|78.00|0.00|0.800,size,force,1.6965,0.006502456636070447,9.977820436118316,2.668127788069838,13.241727098524844,0.07027574047973606,0.6197699768895454
size|force|78.00|0.00|0.800,size,force,1.7005,0.006504288331967402,9.977647618679107,2.6695045597507825,13.238790694963177,0.07044366820729565,0.6212354092359312
size|force|78.00|0.00|0.800,size,force,1.7045,0.006508776609491491,9.976398729239945,2.6801793620633196,13.218475635192192,0.07061139820254382,0.6226733699119049
size|force|78.00|0.00|0.800,size,force,1.7085,0.0064970210617611625,9.978217531755572,2.665015379649728,13.24855229954278,0.07077956560168583,0.6241470066355616
size|force|78.00|0.00|0.800,size,force,1.7125,0.006502119786754969,9.978173714338862,2.665414648993087,13.247786556125678,0.07094663882503631,0.6256085575124033
size|force|78.00|0.00|0.800,size,force,1.7165,0.006503724542555632,9.978118089860931,2.665842042382194,13.24689231933062,0.07111448445654349,0.6270712225911486
size|force|78.00|0.00|0.800,size,force,1.7205,0.0065014663556782135,9.977813189684165,2.6681761224988185,13.241601779506883,0.07128251898407864,0.6285402485799215
size|force|78.00|0.00|0.800,size,force,1.7245,0.0065081502199083995,9.976433819904848,2.679925931186454,13.219053346760024,0.07144925651020878,0.6299784210223548
size|force|78.00|0.00|0.800,size,force,1.7285,0.006497039765752597,9.97819255977528,2.665209888415085,13.248129365798583,0.07161687219964423,0.6314548645963884
size|force|78.00|0.00|0.800,size,force,1.7325,0.006497094955666674,9.977852040569799,2.667827228500881,13.242252342709314,0.07178470034089153,0.6329241944244397
size|force|78.00|0.00|0.800,size,force,1.7365,0.006504448145412384,9.977659846374317,2.6693922221647197,13.238966815548142,0.07195145435652923,0.6343885198228529
size|force|78.00|0.00|0.800,size,force,1.7405,0.006512764823016517,9.9764598291711,2.679672448680834,13.219449521557523,0.07211904606030199,0.6358276095922543
size|force|78.00|0.00|0.800,size,force,1.7445,0.006504245579571358,9.978089052797722,2.6660696604283665,13.246403035860027,0.07228722166298752,0.6373021178743177
size|force|78.00|0.00|0.800,size,force,1.7485,0.006505554753443179,9.977797078679282,2.668315389270665,13.241339407526313,0.07245531372444679,0.6387702881923959
size|force|78.00|0.00|0.800,size,force,1.7525,0.006511307506304181,9.976482269640188,2.679563843388319,13.219868202040903,0.07262199238137869,0.6402066844048298
size|force|78.00|0.00|0.800,size,force,1.7565,0.006499158828098777,9.978161221434036,2.665457050343561,13.24760737832353,0.07279016507547731,0.6416857758008802
size|force|78.00|0.00|0.800,size,force,1.7605,0.006501623687623193,9.977834640528789,2.6679783997848796,13.241956947386438,0.07295827461940926,0.6431545500179091
size|force|78.00|0.00|0.800,size,force,1.7645,0.006503762799902302,9.97767148315562,2.669272237455409,13.239188925447994,0.07312631799568574,0.6446196909104559
size|force|78.00|0.00|0.800,size,force,1.7685,0.006514917548329742,9.976507626284965,2.6792791032818957,13.220213620920362,0.0732944015787771,0.6460601211442443
size|force|78.00|0.00|0.800,size,force,1.7725,0.006504810790517771,9.978068901303255,2.666220569660715,13.246063685506577,0.07346268167797433,0.6475341495167024
size|force|78.00|0.00|0.800,size,force,1.7765,0.006505520733789022,9.97781299778703,2.6681751189568645,13.24160321347511,0.07363083635204756,0.6490015924395529
size|force|78.00|0.00|0.800,size,force,1.7805,0.0064943658027596185,9.978298737097496,2.664321643050187,13.249931864890788,0.07379906541531281,0.6504540046093631
size|force|78.00|0.00|0.800,size,force,1.7845,0.006488009191564309,9.97776268601406,2.66844818073709,13.240667598631735,0.07396682541859378,0.6519286898207962
size|force|78.00|0.00|0.800,size,force,1.7885,0.006499532736895773,9.977601861406995,2.669820151907363,13.237999714666941,0.07413466123001022,0.6533922729111409
size|force|78.00|0.00|0.800,size,force,1.7925,0.0065015936258933146,9.978133797908036,2.6656711906961283,13.247144571938296,0.07430269888589512,0.6548414929265863
size|force|78.00|0.00|0.800,size,force,1.7965,0.006504040761969939,9.977818692924602,2.668103397349304,13.241827284626197,0.07447017574012647,0.6563095844220668
size|force|78.00|0.00|0.800,size,force,1.8005,0.006511803482775019,9.976563564240918,2.6788846121175993,13.221157096954327,0.07463759190283058,0.6577474248946149
size|force|78.00|0.00|0.800,size,force,1.8045,0.006505887532853736,9.978101673659571,2.6659502486526354,13.246576513366223,0.0748052308507173,0.6592257499637166
size|force|78.00|0.00|0.800,size,force,1.8085,0.006508503880467229,9.977545518053722,2.6703659987407704,13.237129659858446,0.07497242665407887,0.6606949486693695
size|force|78.00|0.00|0.800,size,force,1.8125,0.006502473919985328,9.978117411718936,2.6657882591976154,13.2468729075519,0.0751406700050128,0.6621488097126741
size|force|78.00|0.00|0.800,size,force,1.8165,0.0064892070146075976,9.978519802375542,2.662546435818759,13.253705818453646,0.07530889990904048,0.6636033682214121
size|force|78.00|0.00|0.800,size,force,1.8205,0.0064887188868240275,9.97801518869294,2.6664416622666667,13.244959568584084,0.07547544057285818,0.665075703632297
size|force|78.00|0.00|0.800,size,force,1.8245,0.006505678371421242,9.977816860145392,2.6681311600487043,13.241664056132151,0.07564357822536337,0.6665394400950139
size|force|78.00|0.00|0.800,size,force,1.8285,0.006513179450450973,9.976607630923835,2.678468269503906,13.221860738773998,0.07581176052367058,0.6679808769826985
size|force|78.00|0.00|0.800,size,force,1.8325,0.006504066449367801,9.97812567690452,2.665720212069845,13.247019356987536,0.07597999079079362,0.6694561732547525
size|force|78.00|0.00|0.800,size,force,1.8365,0.006511889762819121,9.976629751376251,2.6782762560539233,13.221974930130951,0.0761458081151758,0.670905126494772
size|force|78.00|0.00|0.800,size,force,1.8405,0.006505726563243124,9.977792044325035,2.668315367140311,13.241263160560944,0.07631337738524073,0.6723851804533637
size|force|78.00|0.00|0.800,size,force,1.8445,0.00650408405543774,9.978076699366849,2.666115197294816,13.246192304958216,0.07648177425148901,0.6738408019139841
size|force|78.00|0.00|0.800,size,force,1.8485,0.006512458058341299,9.976640725385694,2.6781652579579127,13.222367884744095,0.0766500197582238,0.6752902739124688
size|force|78.00|0.00|0.800,size,force,1.8525,0.006507113057201735,9.977785123589873,2.6683832291069924,13.241148907968288,0.07681848224356466,0.6767705281142224
size|force|78.00|0.00|0.800,size,force,1.8565,0.006506553748840555,9.978062808878349,2.6662328179009247,13.245958696843733,0.07698688872428795,0.6782261080370486
size|force|78.00|0.00|0.800,size,force,1.8605,0.006515033046403305,9.976660975476863,2.6779979829565685,13.222695651278105,0.07715514662973419,0.679675790586203
size|force|78.00|0.00|0.800,size,force,1.8645,0.006509889072219058,9.977778345623447,2.6684419350098407,13.241046387880235,0.0773236153348987,0.6811555886814732
size|force|78.00|0.00|0.800,size,force,1.8685,0.006505346112224868,9.978066013967828,2.666189679480661,13.246015063459092,0.07749200759474363,0.682611530981028
size|force|78.00|0.00|0.800,size,force,1.8725,0.006516163422551548,9.976682203449693,2.677823234584545,13.22301603590639,0.0776601215296734,0.6840615183763398
size|force|78.00|0.00|0.800,size,force,1.8765,0.0065117485761145575,9.976691918849713,2.6778605911051585,13.223297401472713,0.07782754685573025,0.6855160141553357
size|force|78.00|0.00|0.800,size,force,1.8805,0.0065028847380469885,9.97783298935765,2.667962129933085,13.24193797779818,0.07799600208973911,0.6870018471620587
size|force|78.00|0.00|0.800,size,force,1.8845,0.0065160516422029255,9.976702135491196,2.6776170549898843,13.223308275065667,0.07816426505992896,0.6884514944260561
size|force|78.00|0.00|0.800,size,force,1.8885,0.006499616328766733,9.9783431067152,2.6639850156803795,13.250737005407133,0.07833307025461263,0.6899144174224467
size|force|78.00|0.00|0.800,size,force,1.8925,0.00651176497018002,9.976717975637996,2.6776404327726637,13.223726750008996,0.0785010510985794,0.6913627051138503
size|force|78.00|0.00|0.800,size,force,1.8965,0.0065046225354765995,9.977820528756139,2.668070278700723,13.241731386066629,0.07866955045236543,0.6928488825565366
size|force|78.00|0.00|0.800,size,force,1.9005,0.006516331925161647,9.976731321282596,2.677379068340558,13.223729850868569,0.07883687604221067,0.6942985503231385
size|force|78.00|0.00|0.800,size,force,1.9045,0.006503662996919096,9.978125041609518,2.6657141076344573,13.246992165954676,0.07900370939679298,0.6957641421705715
size|force|78.00|0.00|0.800,size,force,1.9085,0.0065078945567900205,9.977584601577075,2.669982397541588,13.237646236048494,0.07917093711554747,0.6972369767378207
size|force|78.00|0.00|0.800,size,force,1.9125,0.006513025335223684,9.976749167933603,2.67731297496987,13.224184812520686,0.07933903486470996,0.6986736042131744
size|force|78.00|0.00|0.800,size,force,1.9165,0.006513002202786762,9.976755741411282,2.6772636317714187,13.224297360623735,0.0795075948354893,0.7001345407258506
size|force|78.00|0.00|0.800,size,force,1.9205,0.006504279547657198,9.977701462335569,2.6689976351889726,13.239655223761979,0.07967563333545251,0.7016196348026614
size|force|78.00|0.00|0.800,size,force,1.9245,0.006511180628324726,9.97766295647093,2.6694277533157766,13.239117591205709,0.0798427308946975,0.7030765959170441
size|force|78.00|0.00|0.800,size,force,1.9285,0.006503410752738445,9.977830668517914,2.667952503558304,13.241939870843499,0.08001118249273499,0.7045394783850315
size|force|78.00|0.00|0.800,size,force,1.9325,0.006510769827304253,9.977934064496745,2.667271377058007,13.243745721025608,0.0801786360808667,0.7059973433706878
size|force|78.00|0.00|0.800,size,force,1.9365,0.00650612712965004,9.977810688683086,2.668136016092305,13.241562474822823,0.08034617225186073,0.7074619312984682
size|force|78.00|0.00|0.800,size,force,1.9405,0.006510084123000119,9.977930286963767,2.667293911875997,13.243675151399575,0.08051361665353592,0.7089198930934675
size|force|78.00|0.00|0.800,size,force,1.9445,0.006507751552929931,9.977802813693224,2.6682055113297873,13.2414295410593,0.08068086293494073,0.7103840528621107
size|force|78.00|0.00|0.800,size,force,1.9485,0.006502840178546128,9.977842411344884,2.667849377168183,13.242265447898852,0.08084950334001591,0.711845667335157
size|force|78.00|0.00|0.800,size,force,1.9525,0.006513128892166041,9.976820090721072,2.6768797209497825,13.225533549834473,0.08101704308644844,0.713280262737386
size|force|78.00|0.00|0.800,size,force,1.9565,0.006510432623024861,9.977774452019966,2.6684629730597504,13.240965354102599,0.08118571568035479,0.7147692030001217
size|force|78.00|0.00|0.800,size,force,1.9605,0.0065195713698629415,9.976836435479953,2.676751982432371,13.225758584886744,0.08135419588855329,0.7162064183891501
size|force|78.00|0.00|0.800,size,force,1.9645,0.006499255570363416,9.97831426807376,2.66415289209296,13.250259480238014,0.0815230231570682,0.7176820968819828
size|force|78.00|0.00|0.800,size,force,1.9685,0.006511961084020231,9.977674393763238,2.669254095448715,13.239207604620496,0.08169104107605049,0.7191563000332165
size|force|78.00|0.00|0.800,size,force,1.9725,0.006503360508572574,9.978249491309384,2.664688486975316,13.249167860912907,0.08185920244896858,0.7206059263927101
size|force|78.00|0.00|0.800,size,force,1.9765,0.006516729828728773,9.97685357735029,2.6763211718992617,13.22575850453816,0.08202763021447762,0.7220660497268658
size|force|78.00|0.00|0.800,size,force,1.9805,0.006503110549176713,9.977872327402887,2.667619670472162,13.242695297411146,0.08219641490145232,0.7235380653467164
size|force|78.00|0.00|0.800,size,force,1.9845,0.006517071752864283,9.976873785822313,2.6764131560201476,13.226374894414715,0.08236450498376724,0.7249757649750141
size|force|78.00|0.00|0.800,size,force,1.9885,0.0065112252414957,9.977667744068281,2.6692870372764097,13.239140945524307,0.08253323931336891,0.7264648308029833
size|force|78.00|0.00|0.800,size,force,1.9925,0.0065071150796555234,9.978205848403997,2.6650512586041635,13.248429286348356,0.0827021120840608,0.7279150226623559
size|force|78.00|0.00|0.800,size,force,1.9965,0.006509607653373587,9.977977494112654,2.6668660480706317,13.244488842611833,0.08287029447486753,0.7293813831570574
size|force|78.00|0.00|0.800,size,force,2.0005,0.006516026362695828,9.976903630597999,2.676159423783,13.226775059984803,0.08303707764530095,0.7308229917677606
size|force|78.00|0.00|0.800,size,force,2.0045,0.0065145862927938145,9.976898266852997,2.6759537644918443,13.226521315025735,0.08320554690486359,0.732293865333219
size|force|78.00|0.00|0.800,size,force,2.0085,0.00650266965050029,9.977876950246479,2.6675589592887587,13.24282688704335,0.0833743664863378,0.7337688272603711
size|force|78.00|0.00|0.800,size,force,2.0125,0.006519422314813159,9.97692044585365,2.6760205921840523,13.227130414681692,0.0835421879143349,0.7352067908745298
size|force|78.00|0.00|0.800,size,force,2.0165,0.0065144203108760046,9.97759838424706,2.6699144592650463,13.237892726345034,0.08370966179748177,0.7366929664106354
size|force|78.00|0.00|0.800,size,force,2.0205,0.006509846987495435,9.978017878592667,2.666526491592442,13.245216014757405,0.08387725340312485,0.7381481023010655
size|force|78.00|0.00|0.800,size,force,2.0245,0.006520399671227664,9.976940103789552,2.6758249874215334,13.227411215910315,0.08404568855557143,0.7395929180841109
size|force|78.00|0.00|0.800,size,force,2.0285,0.006517908640000301,9.976939014625648,2.675580296159592,13.227140425424516,0.08421352212402185,0.7410668496165782
size|force|78.00|0.00|0.800,size,force,2.0325,0.006515540455408554,9.976947352256046,2.675609533080735,13.227378879718259,0.08438241961184334,0.7425210965857396
size|force|78.00|0.00|0.800,size,force,2.0365,0.006521961332502779,9.976953363910235,2.675474347010327,13.227377451738,0.08455110294705735,0.7439903684762781
size|force|78.00|0.00|0.800,size,force,2.0405,0.0065116677491736,9.977665103219936,2.6692910005878794,13.23910196667628,0.08471990549377073,0.7454640915462019
size|force|78.00|0.00|0.800,size,force,2.0445,0.006505767041473764,9.977856583191457,2.6677253324447494,13.24236614309636,0.08488887415218496,0.7469224169118768
size|force|78.00|0.00|0.800,size,force,2.0485,0.006506940639951951,9.978190610756915,2.665133432409093,13.248170159004147,0.08505770215441431,0.748376400336158
size|force|78.00|0.00|0.800,size,force,2.0525,0.00651045792606105,9.977785370707695,2.668321034923476,13.241228918569615,0.0852264760113998,0.7498468786425093
size|force|78.00|0.00|0.800,size,force,2.0565,0.0065152523863714635,9.976994691169763,2.6754908276720273,13.228460560319435,0.08539508686644726,0.7512778041135051
size|force|78.00|0.00|0.800,size,force,2.0605,0.006503816582579905,9.978308202410433,2.664185275485292,13.250172187692218,0.08556411865491638,0.752759458237448
size|force|78.00|0.00|0.800,size,force,2.0645,0.006517226240665396,9.977004787144294,2.675266044456237,13.228475841209814,0.08573283856824399,0.7542100641075715
size|force|78.00|0.00|0.800,size,force,2.0685,0.006512005165246786,9.978017322578554,2.6665347126562855,13.24520243909814,0.08590181793590315,0.7556884730548462
size|force|78.00|0.00|0.800,size,force,2.0725,0.0065191103501594716,9.977013626125355,2.675025670976615,13.228436684231616,0.08607052340457655,0.7571420495602089
size|force|78.00|0.00|0.800,size,force,2.0765,0.006500920227010788,9.97832003361342,2.664058928920451,13.25037587421889,0.08623956818203198,0.7586067054657971
size|force|78.00|0.00|0.800,size,force,2.0805,0.006505573441333358,9.977900401445941,2.667352614810298,13.243132196210743,0.08640825310073398,0.7600772427465557
size|force|78.00|0.00|0.800,size,force,2.0845,0.0065215953902619875,9.977032190151132,2.674810485724446,13.228676225543959,0.08657674425217259,0.7615307279634552
size|force|78.00|0.00|0.800,size,force,2.0885,0.00651579677909425,9.977036422052223,2.674755789401996,13.228761018901269,0.0867456079967533,0.7629916072953804
size|force|78.00|0.00|0.800,size,force,2.0925,0.006525640347176078,9.977051904531775,2.6748319601505437,13.229186173567523,0.08691455960666082,0.7644469735500108
size|force|78.00|0.00|0.800,size,force,2.0965,0.006503016377135818,9.978275673623063,2.6644139255790464,13.249627354341214,0.08708380994106024,0.7659161193030156
size|force|78.00|0.00|0.800,size,force,2.1005,0.006516658593279351,9.977058972640503,2.6746401623490113,13.22918760332356,0.0872526225292949,0.7673735499289749
size|force|78.00|0.00|0.800,size,force,2.1045,0.006518647792606762,9.977066439395388,2.6746017213737803,13.229336686546642,0.08742155543288162,0.7688344396591452
size|force|78.00|0.00|0.800,size,force,2.1085,0.006506361901792758,9.978170389440095,2.6652621168014727,13.247830376135209,0.08759066386314554,0.7703033751647539
size|force|78.00|0.00|0.800,size,force,2.1125,0.00651530999021744,9.977665024971603,2.6692900814737204,13.239104997523643,0.08775952603098791,0.7717753575215985
size|force|78.00|0.00|0.800,size,force,2.1165,0.006526116114186841,9.97709030868313,2.6744811441810423,13.229803025961317,0.08792852568473641,0.7732190322835862
size|force|78.00|0.00|0.800,size,force,2.1205,0.006511271684965872,9.978100557853212,2.665850485076486,13.246645314133467,0.08809774908280436,0.7746896785482223
size|force|78.00|0.00|0.800,size,force,2.1245,0.006514699671324458,9.978066726128686,2.6661330642847787,13.246068947406908,0.08826615988046335,0.7761513844296078
size|force|78.00|0.00|0.800,size,force,2.1285,0.006507134622107105,9.977870410330723,2.6675835222215603,13.242626023540925,0.08843515783012702,0.777618721535648
size|force|78.00|0.00|0.800,size,force,2.1325,0.0065182274926238485,9.977114492504054,2.674270221582978,13.230225412493919,0.08860392431596807,0.7790635706474327
size|force|78.00|0.00|0.800,size,force,2.1365,0.0065135987792060215,9.977665541740478,2.6692696815019805,13.239107782787459,0.08877177581456486,0.780545279332682
size|force|78.00|0.00|0.800,size,force,2.1405,0.006514345048413355,9.978031244592943,2.6664063988593396,13.245468310974381,0.0889409579623725,0.7819986347598807
size|force|78.00|0.00|0.800,size,force,2.1445,0.006510324231291473,9.97781337372604,2.66807170602385,13.241641599521525,0.08911003061014607,0.7834660197090653
size|force|78.00|0.00|0.800,size,force,2.1485,0.006506915870677567,9.978214683512721,2.664890933742481,13.248593643448231,0.08927922391288583,0.7849191588459035
size|force|78.00|0.00|0.800,size,force,2.1525,0.006522318386002009,9.977143423049633,2.673871906410064,13.230527449920984,0.08944813218710794,0.7863797982836126
size|force|78.00|0.00|0.800,size,force,2.1565,0.006513035679328106,9.977789914528687,2.6682722950144058,13.241369770644656,0.08961731884042815,0.7878515256140729
size|force|78.00|0.00|0.800,size,force,2.1605,0.006528945192008378,9.977162734480999,2.673833821244947,13.230946244304835,0.08978578718422858,0.7893007849405904
size|force|78.00|0.00|0.800,size,force,2.1645,0.006522958318244618,9.977170641391448,2.6738653403641446,13.23119665130697,0.08995502664917167,0.7907555008418862
size|force|78.00|0.00|0.800,size,force,2.1685,0.006515955818913221,9.978025071907892,2.6664567465933193,13.245361224278533,0.09012427849110445,0.7922308846996841
size|force|78.00|0.00|0.800,size,force,2.1725,0.006525570774219092,9.977181035686074,2.67368077880992,13.23127438426934,0.0902933272179038,0.793684316177674
size|force|78.00|0.00|0.800,size,force,2.1765,0.006511917645507204,9.977819940816357,2.6680105061398027,13.241766250562002,0.09046260442929668,0.7951597561201311
size|force|78.00|0.00|0.800,size,force,2.1805,0.006523619627657156,9.977189020592014,2.6734517186445403,13.231245585262005,0.09063163615259127,0.7966152094267204
size|force|78.00|0.00|0.800,size,force,2.1845,0.0065137667510523824,9.978106123663904,2.665778595777145,13.246751591048454,0.09080101225504938,0.7980765414125647
size|force|78.00|0.00|0.800,size,force,2.1885,0.006524044602972073,9.97720649737867,2.673446134038498,13.231681515534724,0.09096993407389914,0.7995320859895805
size|force|78.00|0.00|0.800,size,force,2.1925,0.006517238290890776,9.977735700566848,2.668751152591323,13.240434035309438,0.09113886433275394,0.8010054931701285
size|force|78.00|0.00|0.800,size,force,2.1965,0.006521948572394728,9.977221087559771,2.6734105931153214,13.232028905390218,0.09130774355730113,0.8024496543771555
size|force|78.00|0.00|0.800,size,force,2.2005,0.006517694997944594,9.977917699412266,2.6672866303564073,13.243507325892628,0.09147701505626289,0.8039270318738363
size|force|78.00|0.00|0.800,size,force,2.2045,0.0065221883793669866,9.977227239959506,2.673106912474314,13.231874008008962,0.09164615566027405,0.8053865207800062
size|force|78.00|0.00|0.800,size,force,2.2085,0.006517091001598662,9.977981200010264,2.6667932586240184,13.244615185750575,0.09181554467529116,0.8068493378124861
size|force|78.00|0.00|0.800,size,force,2.2125,0.006518512286027377,9.977907606038327,2.6674402967494557,13.24339129019328,0.0919847975045478,0.8083097637973833
size|force|78.00|0.00|0.800,size,force,2.2165,0.006522083864999193,9.977254950746252,2.6731649339184034,13.232624158901423,0.09215403919942641,0.8097560198644699
size|force|78.00|0.00|0.800,size,force,2.2205,0.006519494956504869,9.977257671222649,2.6730310551934067,13.23257860132559,0.09232325547134852,0.8112232293752721
size|force|78.00|0.00|0.800,size,force,2.2245,0.0065147713780507165,9.977815758702388,2.668035078868346,13.241697097169387,0.09249257297306017,0.8127006247463752
size|force|78.00|0.00|0.800,size,force,2.2285,0.006522704337465048,9.977270311971695,2.6728573301595264,13.232708778276214,0.09266174853968195,0.8141526331829994
size|force|78.00|0.00|0.800,size,force,2.2325,0.00651849086397112,9.977897618655192,2.6675043335815496,13.243218112353851,0.09283117833510325,0.8156191465968201
size|force|78.00|0.00|0.800,size,force,2.2365,0.006521792689546992,9.977284082681267,2.67278472397368,13.232983175480843,0.0930004419628061,0.8170728313215384
size|force|78.00|0.00|0.800,size,force,2.2405,0.006512931124066775,9.97806623570423,2.6660691134301526,13.246068163854689,0.09316988948112125,0.8185424469036943
size|force|78.00|0.00|0.800,size,force,2.2445,0.006520709524242064,9.977296022826886,2.6726837379895496,13.23320097099353,0.09333915788256983,0.8199950407372434
size|force|78.00|0.00|0.800,size,force,2.2485,0.006516510330731764,9.978022391771413,2.66644047689585,13.245319986021418,0.0935085767778495,0.8214665465180445
size|force|78.00|0.00|0.800,size,force,2.2525,0.006518227324415514,9.977755653132633,2.668553058996337,13.24078023868935,0.09367787010919361,0.82293419349187
size|force|78.00|0.00|0.800,size,force,2.2565,0.006518905424059818,9.977836790898335,2.6679419196291883,13.242156558294901,0.09384680225805463,0.8243914471408373
size|force|78.00|0.00|0.800,size,force,2.2605,0.0065150998388727255,9.978026130236767,2.6663919087116246,13.245384725365518,0.09401623074973578,0.8258518359148442
size|force|78.00|0.00|0.800,size,force,2.2645,0.006513078862852726,9.978152477433325,2.6653319195066727,13.247549389376749,0.0941846764532094,0.8273104146691725
size|force|78.00|0.00|0.800,size,force,2.2685,0.006516607330416399,9.977786169398078,2.6682747290108373,13.241199403323055,0.09435390256299034,0.82878011279071
size|force|78.00|0.00|0.800,size,force,2.2725,0.006513820712460349,9.977815397186868,2.6680078560350986,13.241694712362344,0.09452333997327189,0.8302416474630323
size|force|78.00|0.00|0.800,size,force,2.2765,0.006521744873574306,9.977347441398354,2.672209696916828,13.234022071204848,0.0946927128540318,0.831691241400928
size|force|78.00|0.00|0.800,size,force,2.2805,0.006534144640708758,9.977359500288108,2.672211407411056,13.234267265584066,0.09486214833870855,0.8331499325169679
size|force|78.00|0.00|0.800,size,force,2.2845,0.006529710543800955,9.977364276374816,2.6721256302678307,13.234324335986626,0.09503156423234482,0.8346142707028985
size|force|78.00|0.00|0.800,size,force,2.2885,0.006534445498008762,9.977371753986226,2.6720613019548862,13.234427205418513,0.09520100144577531,0.8360770865281159
size|force|78.00|0.00|0.800,size,force,2.2925,0.0065325432879818355,9.977376237184737,2.6719663235367968,13.23446509231308,0.09537043364807249,0.8375419817372924
size|force|78.00|0.00|0.800,size,force,2.2965,0.006531027771782472,9.97738002174838,2.671862410212359,13.234474934071578,0.09553988827806983,0.8390069991037308
size|force|78.00|0.00|0.800,size,force,2.3005,0.006515275987529761,9.977807693131144,2.668057754343517,13.241573838763976,0.09570951303839673,0.8404742684502662
size|force|78.00|0.00|0.800,size,force,2.3045,0.006522210139288463,9.977394740852485,2.6719067761432562,13.234922474703511,0.09587904272635411,0.8419169291385817
size|force|78.00|0.00|0.800,size,force,2.3085,0.00653629552079206,9.977404121823806,2.6717995299426214,13.234985714589957,0.09604844907187823,0.8433844035098879
size|force|78.00|0.00|0.800,size,force,2.3125,0.006535093510587113,9.977408458561436,2.6716643531711948,13.234971884158657,0.09621787126826532,0.8448532029377316
size|force|78.00|0.00|0.800,size,force,2.3165,0.006513514096164067,9.978107323140078,2.665658184380137,13.246791736946106,0.09638763481519624,0.8463148832562183
size|force|78.00|0.00|0.800,size,force,2.3205,0.006538253321201994,9.977423337447041,2.6716246975996567,13.235296107066251,0.09655700845056202,0.8477704403218393
size|force|78.00|0.00|0.800,size,force,2.3245,0.006530654149438186,9.977424379914206,2.6714480682734494,13.235191585315091,0.09672644892863312,0.8492418115201918
size|force|78.00|0.00|0.800,size,force,2.3285,0.006536906670489389,9.97743387067998,2.6715351393386606,13.23552062214361,0.09689615053225509,0.8506912742595668
size|force|78.00|0.00|0.800,size,force,2.3325,0.006523664519727526,9.977439064672689,2.6714530983689952,13.235588233045537,0.09706568079988945,0.8521555240967542
size|force|78.00|0.00|0.800,size,force,2.3365,0.006529600068687717,9.977447792849777,2.6713856841314234,13.235695083757232,0.09723522042761516,0.8536188955460678
size|force|78.00|0.00|0.800,size,force,2.3405,0.0065307678615089,9.977453506731967,2.671299671362657,13.235757710516154,0.09740476289968818,0.8550834160758487
size|force|78.00|0.00|0.800,size,force,2.3445,0.006524783864766756,9.977453662749769,2.671167051164254,13.235673572596886,0.09757437635840134,0.8565487599343589
size|force|78.00|0.00|0.800,size,force,2.3485,0.006534074979939935,9.977466268292813,2.6712202512545336,13.236012393685947,0.09774399705734883,0.858003833200659
size|force|78.00|0.00|0.800,size,force,2.3525,0.006531741620635607,9.977471283755252,2.67110203785929,13.236025876953413,0.09791353326198596,0.8594711841446222
size|force|78.00|0.00|0.800,size,force,2.3565,0.00654025750880975,9.977479210918208,2.671097065300595,13.236212203616608,0.09808320518278706,0.8609285243673099
size|force|78.00|0.00|0.800,size,force,2.3605,0.006525731624055923,9.977482434570762,2.6710657942105476,13.236329058739397,0.09825289023642216,0.8623872910114883
size|force|78.00|0.00|0.800,size,force,2.3645,0.00654288434501557,9.977494114599404,2.6709379417624604,13.236381783034183,0.09842238536933008,0.8638572822536934
size|force|78.00|0.00|0.800,size,force,2.3685,0.006564606212038534,9.97750031746364,2.6708924925560336,13.236499326639098,0.0985920450139778,0.8653178355833128
size|force|78.00|0.00|0.800,size,force,2.3725,0.006582198961881601,9.977506050922347,2.6708352515499216,13.236601680501968,0.09876169719161308,0.8667795759596572
size|force|78.00|0.00|0.800,size,force,2.3765,0.006602581406745393,9.977512818257184,2.670768907705066,13.236699234160497,0.0989313390636562,0.8682424109337242
size|force|78.00|0.00|0.800,size,force,2.3805,0.006632174216471935,9.977520486836385,2.670693823901829,13.236791935238113,0.09910096996033715,0.8697062555201501
size|force|78.00|0.00|0.800,size,force,2.3845,0.0066769455044061,9.97752895939598,2.670610408831688,13.236880156832871,0.09927058916518036,0.8711710319982279
size|force|78.00|0.00|0.800,size,force,2.3885,0.006742447316048391,9.977538168904015,2.6705190732792823,13.236964422008864,0.09944019592298427,0.8726366682405441
size|force|78.00|0.00|0.800,size,force,2.3925,0.006833845084769123,9.97754805962607,2.670420209921286,13.237045270510706,0.09960978944614267,0.8741030969688318
size|force|78.00|0.00|0.800,size,force,2.3965,0.006955943735913404,9.977558581362352,2.670314188491039,13.23712322072739,0.09977936891810725,0.8755702553239294
size|force|78.00|0.00|0.800,size,force,2.4005,0.007113211655303618,9.977569687717276,2.670201355511244,13.237198760306725,0.09994893349539294,0.877038084542488
size|force|78.00|0.00|0.800,size,force,2.4045,0.007309802956530558,9.977581335499815,2.6700820352989894,13.2372723450477,0.10011848230968724,0.8785065296780233
size|force|78.00|0.00|0.800,size,force,2.4085,0.007549578245623277,9.977593484406505,2.669956531270571,13.23734440006679,0.1002880144695365,0.8799755393471135
size|force|78.00|0.00|0.800,size,force,2.4125,0.007836124007544153,9.977606096820033,2.6698251272725284,13.237415321566209,0.1004575290619765,0.8814450654942767
size|force|78.00|0.00|0.800,size,force,2.4165,0.008172770712802854,9.97761913761421,2.6696880888529284,13.23748547864424,0.10062702515414224,0.8829150631728903
size|force|78.00|0.00|0.800,size,force,2.4205,0.008562609730679028,9.977632573998529,2.669545664462595,13.237555215069573,0.1007965017946627,0.8843854903406867
size|force|78.00|0.00|0.800,size,force,2.4245,0.009008509128312728,9.97764637536116,2.6693980865765488,13.237624850934054,0.10096595801510412,0.8858563076687389
size|force|78.00|0.00|0.800,size,force,2.4285,0.009513128429213208,9.97766051312813,2.669245572744554,13.237694684212618,0.10113539283130231,0.8873274783630231
size|force|78.00|0.00|0.800,size,force,2.4325,0.010078932399781103,9.977674960620979,2.669088326570726,13.237764992207655,0.10130480524461846,0.8887989679977155
size|force|78.00|0.00|0.800,size,force,2.4365,0.010708203927878034,9.977689692942537,2.6689265386306804,13.237836032916217,0.10147419424302181,0.8902707443594631
size|force|78.00|0.00|0.800,size,force,2.4405,0.011403056053240771,9.977704686859687,2.6687603873275423,13.23790804629812,0.10164355880231069,0.8917427773018827
size|force|78.00|0.00|0.800,size,force,2.4445,0.012165443205589321,9.977719920686548,2.6685900396915128,13.237981255458696,0.1018128978871257,0.8932150386096392
size|force|78.00|0.00|0.800,size,force,2.4485,0.012997171702604008,9.977735374184372,2.6684156521256717,13.238055867749104,0.10198221045185875,0.8946875018714685
size|force|78.00|0.00|0.800,size,force,2.4525,0.013899909556526483,9.977751028472674,2.668237371105094,13.238132075810471,0.1021514954416591,0.896160142361545
size|force|78.00|0.00|0.800,size,force,2.4565,0.0148751956349066,9.977766865933939,2.6680553338276916,13.238210058532523,0.10232075179321055,0.8976329369286656
size|force|78.00|0.00|0.800,size,force,2.4605,0.015924448218033002,9.977782870130515,2.667869668823627,13.23828998195675,0.10248997843568906,0.8991058638927132
size|force|78.00|0.00|0.800,size,force,2.4645,0.017048972992752664,9.977799025729729,2.667680496524058,13.238372000121032,0.10265917429134554,0.9005789029479464
size|force|78.00|0.00|0.800,size,force,2.4685,0.01824997051983605,9.97781531843054,2.667487929792223,13.23845625584457,0.10282833827634548,0.9020520350726456
size|force|78.00|0.00|0.800,size,force,2.4725,0.019528543209532682,9.977831734889467,2.667292074419432,13.238542881458372,0.10299746930131025,0.9035252424447096
size|force|78.00|0.00|0.800,size,force,2.4765,0.020885701837700457,9.977848262666779,2.6670930295898105,13.238631999501386,0.10316656627208026,0.9049985083628027
size|force|78.00|0.00|0.800,size,force,2.4805,0.022322371632759873,9.977864890161051,2.6668908883124716,13.238723723355374,0.1033356280901869,0.9064718171727
size|force|78.00|0.00|0.800,size,force,2.4845,0.023839397961771997,9.977881606555238,2.666685737827114,13.238818157847696,0.10350465365347702,0.9079451541984708
size|force|78.00|0.00|0.800,size,force,2.4885,0.02543755164196734,9.977898401762577,2.6664776599804814,13.23891539980452,0.10367364185652922,0.9094185056782038
size|force|78.00|0.00|0.800,size,force,2.4925,0.02711753390247692,9.977915266381332,2.6662667315815294,13.239015538583704,0.10384259159119513,0.9108918587039523
size|force|78.00|0.00|0.800,size,force,2.4965,0.02887998101923337,9.977932191649048,2.666053024730064,13.23911865655759,0.10401150174698796,0.9123652011656448
